{"type": "FeatureCollection", "note": "OpenStreetMap waterway=river, bbox (29.0,33.5)-(34.6,37.8). (c) OpenStreetMap contributors, ODbL 1.0 - see LICENSE.md", "features": [{"type": "Feature", "properties": {"name": "Nahal Yarkon", "network": "29942421", "osm_way": 4706061}, "geometry": {"type": "LineString", "coordinates": [[34.92187, 32.109923], [34.91929, 32.11016], [34.916747, 32.114222], [34.913559, 32.11535], [34.914941, 32.118784], [34.912093, 32.119967]]}}, {"type": "Feature", "properties": {"name": "River Jordan", "network": "31490214", "osm_way": 23166153}, "geometry": {"type": "LineString", "coordinates": [[35.578333, 32.710058], [35.572902, 32.711496]]}}, {"type": "Feature", "properties": {"name": "\u0646\u0647\u0631 \u0627\u0644\u0639\u0627\u0635\u064a", "network": "279361488", "osm_way": 25630989}, "geometry": {"type": "LineString", "coordinates": [[36.488758, 34.453147], [36.49394, 34.455476]]}}, {"type": "Feature", "properties": {"name": "\u0646\u0647\u0631 \u0627\u0644\u0639\u0627\u0635\u064a", "network": "279361488", "osm_way": 25630999}, "geometry": {"type": "LineString", "coordinates": [[36.42262, 34.400744], [36.430879, 34.40114], [36.43097, 34.403758], [36.438003, 34.406956], [36.438839, 34.409096], [36.441674, 34.408943]]}}, {"type": "Feature", "properties": {"name": "Orontes", "network": "279361488", "osm_way": 25664834}, "geometry": {"type": "LineString", "coordinates": [[36.372113, 34.338017], [36.37318, 34.341803], [36.371167, 34.34597], [36.373418, 34.353906], [36.390447, 34.354745], [36.390828, 34.35855], [36.394653, 34.360527], [36.393977, 34.369257], [36.397917, 34.370532], [36.401353, 34.37958], [36.408343, 34.382446], [36.411478, 34.381174]]}}, {"type": "Feature", "properties": {"name": "Beirut River", "network": "292876794", "osm_way": 26705195}, "geometry": {"type": "LineString", "coordinates": [[35.538341, 33.899641], [35.539176, 33.901988]]}}, {"type": "Feature", "properties": {"name": "Beirut River", "network": "292876794", "osm_way": 26705197}, "geometry": {"type": "LineString", "coordinates": [[35.532406, 33.883072], [35.533971, 33.890222]]}}, {"type": "Feature", "properties": {"name": "Beirut River", "network": "292876794", "osm_way": 26705211}, "geometry": {"type": "LineString", "coordinates": [[35.53132, 33.868318], [35.529624, 33.875133]]}}, {"type": "Feature", "properties": {"name": "Beirut River", "network": "292876794", "osm_way": 26705216}, "geometry": {"type": "LineString", "coordinates": [[35.557618, 33.853137], [35.556185, 33.857414], [35.554046, 33.855562], [35.550641, 33.856767], [35.550357, 33.859312], [35.547568, 33.860863], [35.536495, 33.861661], [35.535929, 33.864512], [35.531725, 33.865316], [35.53132, 33.868318]]}}, {"type": "Feature", "properties": {"name": "Beirut River", "network": "292876794", "osm_way": 26705230}, "geometry": {"type": "LineString", "coordinates": [[35.607097, 33.844664], [35.596347, 33.83946], [35.59212, 33.840761], [35.582743, 33.839014], [35.578698, 33.840783]]}}, {"type": "Feature", "properties": {"name": "Orontes", "network": "279361488", "osm_way": 26706468}, "geometry": {"type": "LineString", "coordinates": [[36.441674, 34.408943], [36.44621, 34.409517], [36.449903, 34.413438], [36.455694, 34.415239], [36.459691, 34.427076], [36.46318, 34.424753], [36.463451, 34.428105], [36.470498, 34.429262], [36.472493, 34.431715], [36.471131, 34.43589], [36.472775, 34.43735], [36.47086, 34.440192], [36.474829, 34.444649], [36.477262, 34.444753], [36.476262, 34.447209], [36.481449, 34.448295]]}}, {"type": "Feature", "properties": {"name": "\u0646\u0647\u0631 \u0627\u0644\u0639\u0627\u0635\u064a", "network": "279361488", "osm_way": 26706481}, "geometry": {"type": "LineString", "coordinates": [[36.411478, 34.381174], [36.416137, 34.389096], [36.415754, 34.392861], [36.418645, 34.393733], [36.418736, 34.396524], [36.421223, 34.396158], [36.42262, 34.400744]]}}, {"type": "Feature", "properties": {"name": "Nahr el Jaouz", "network": "559212731", "osm_way": 26933594}, "geometry": {"type": "LineString", "coordinates": [[35.72431, 34.274746], [35.724492, 34.276838], [35.722325, 34.27635], [35.722475, 34.274675], [35.719541, 34.274755], [35.717089, 34.277485], [35.712739, 34.274508], [35.707705, 34.273928]]}}, {"type": "Feature", "properties": {"name": "River Jordan", "network": "31490214", "osm_way": 30094978}, "geometry": {"type": "LineString", "coordinates": [[35.619267, 33.186647], [35.61551, 33.180712], [35.615348, 33.173142], [35.611326, 33.169918], [35.610231, 33.16646], [35.612202, 33.161857], [35.626747, 33.152061], [35.62952, 33.141312], [35.621243, 33.071613], [35.63096, 33.035985], [35.630322, 33.02731], [35.628084, 33.02367], [35.629097, 33.005818], [35.628419, 33.00207], [35.625889, 33.001175], [35.626707, 32.997301]]}}, {"type": "Feature", "properties": {"name": "Nahal Yarmukh", "network": "31490214", "osm_way": 30154751}, "geometry": {"type": "LineString", "coordinates": [[35.676486, 32.700744], [35.674917, 32.696523], [35.67107, 32.69337], [35.674517, 32.684788], [35.670692, 32.684663], [35.663568, 32.679954], [35.658951, 32.6848], [35.656125, 32.68525], [35.645257, 32.677561], [35.63482, 32.686245], [35.624427, 32.677721], [35.616994, 32.68022], [35.605665, 32.674774], [35.605177, 32.670329], [35.598367, 32.667843], [35.606663, 32.660238], [35.605955, 32.651489], [35.597704, 32.650958], [35.593493, 32.653053], [35.589348, 32.650006], [35.591707, 32.645665], [35.586109, 32.641367], [35.584658, 32.644032], [35.578997, 32.644987], [35.578159, 32.641602], [35.574181, 32.640454], [35.572977, 32.6434]]}}, {"type": "Feature", "properties": {"name": "", "network": "334107571", "osm_way": 30302904}, "geometry": {"type": "LineString", "coordinates": [[36.511157, 33.494503], [36.509208, 33.496829], [36.498274, 33.500028], [36.49551, 33.503099], [36.494943, 33.501854], [36.489982, 33.504673], [36.477477, 33.505461], [36.472679, 33.508223], [36.468061, 33.506892], [36.455818, 33.510702]]}}, {"type": "Feature", "properties": {"name": "", "network": "334107571", "osm_way": 30303040}, "geometry": {"type": "LineString", "coordinates": [[36.520581, 33.505496], [36.506488, 33.501152], [36.496131, 33.502098]]}}, {"type": "Feature", "properties": {"name": "Nahal HaBsor", "network": "332110084", "osm_way": 31277138}, "geometry": {"type": "LineString", "coordinates": [[34.425055, 31.420029], [34.424943, 31.422454], [34.428295, 31.424592], [34.426726, 31.42716]]}}, {"type": "Feature", "properties": {"name": "Barada River", "network": "353651482", "osm_way": 31616058}, "geometry": {"type": "LineString", "coordinates": [[36.291205, 33.511956], [36.292267, 33.511924]]}}, {"type": "Feature", "properties": {"name": "Barada River", "network": "353651482", "osm_way": 31616062}, "geometry": {"type": "LineString", "coordinates": [[36.279823, 33.512946], [36.287291, 33.51322]]}}, {"type": "Feature", "properties": {"name": "Barada River", "network": "353651482", "osm_way": 31677250}, "geometry": {"type": "LineString", "coordinates": [[36.300084, 33.512814], [36.300636, 33.512794]]}}, {"type": "Feature", "properties": {"name": "Nahal Yarkon", "network": "29942400", "osm_way": 31991445}, "geometry": {"type": "LineString", "coordinates": [[34.808075, 32.096407], [34.807023, 32.099443], [34.800395, 32.100181], [34.792436, 32.0974], [34.778477, 32.096213], [34.775966, 32.103401]]}}, {"type": "Feature", "properties": {"name": "Barada River", "network": "353651482", "osm_way": 32073904}, "geometry": {"type": "LineString", "coordinates": [[36.325809, 33.508782], [36.327171, 33.507643]]}}, {"type": "Feature", "properties": {"name": "Zarqa River", "network": "31490214", "osm_way": 32433540}, "geometry": {"type": "LineString", "coordinates": [[35.688023, 32.188175], [35.690263, 32.184229], [35.68166, 32.183874], [35.682971, 32.189266]]}}, {"type": "Feature", "properties": {"name": "Zarqa River", "network": "300868310", "osm_way": 32433542}, "geometry": {"type": "LineString", "coordinates": [[35.903228, 32.21012], [35.894088, 32.214713], [35.889214, 32.213396], [35.886476, 32.215566], [35.884323, 32.215004], [35.879899, 32.218237], [35.873104, 32.2146], [35.868066, 32.215478], [35.869855, 32.210151], [35.86629, 32.208553], [35.865479, 32.205044], [35.859169, 32.207291], [35.857895, 32.200499], [35.853533, 32.19972], [35.852356, 32.202848], [35.848131, 32.200244], [35.851194, 32.197801], [35.85057, 32.196145], [35.845135, 32.198401], [35.840439, 32.197073], [35.836662, 32.190713], [35.813091, 32.191666], [35.809936, 32.18689], [35.807051, 32.186051], [35.804969, 32.190291], [35.801438, 32.190869]]}}, {"type": "Feature", "properties": {"name": "Barada River", "network": "353651482", "osm_way": 32759712}, "geometry": {"type": "LineString", "coordinates": [[36.319695, 33.515222], [36.323862, 33.511882]]}}, {"type": "Feature", "properties": {"name": "Barada River", "network": "353651482", "osm_way": 32760128}, "geometry": {"type": "LineString", "coordinates": [[36.389437, 33.500389], [36.389695, 33.500421]]}}, {"type": "Feature", "properties": {"name": "Barada River", "network": "353651482", "osm_way": 32760307}, "geometry": {"type": "LineString", "coordinates": [[36.389695, 33.500421], [36.391716, 33.49929]]}}, {"type": "Feature", "properties": {"name": "Barada River", "network": "353651482", "osm_way": 32760325}, "geometry": {"type": "LineString", "coordinates": [[36.384107, 33.499589], [36.389437, 33.500389]]}}, {"type": "Feature", "properties": {"name": "Barada River", "network": "353651482", "osm_way": 32760328}, "geometry": {"type": "LineString", "coordinates": [[36.381476, 33.501], [36.384107, 33.499589]]}}, {"type": "Feature", "properties": {"name": "Barada River", "network": "353651482", "osm_way": 32760330}, "geometry": {"type": "LineString", "coordinates": [[36.378088, 33.500654], [36.381476, 33.501]]}}, {"type": "Feature", "properties": {"name": "Barada River", "network": "353651482", "osm_way": 32760332}, "geometry": {"type": "LineString", "coordinates": [[36.374761, 33.49961], [36.378088, 33.500654]]}}, {"type": "Feature", "properties": {"name": "Barada River", "network": "353651482", "osm_way": 32760336}, "geometry": {"type": "LineString", "coordinates": [[36.366039, 33.500758], [36.369917, 33.500862]]}}, {"type": "Feature", "properties": {"name": "Barada River", "network": "353651482", "osm_way": 32760337}, "geometry": {"type": "LineString", "coordinates": [[36.369917, 33.500862], [36.374761, 33.49961]]}}, {"type": "Feature", "properties": {"name": "Barada River", "network": "353651482", "osm_way": 32760339}, "geometry": {"type": "LineString", "coordinates": [[36.36202, 33.500834], [36.366039, 33.500758]]}}, {"type": "Feature", "properties": {"name": "Barada River", "network": "353651482", "osm_way": 32760341}, "geometry": {"type": "LineString", "coordinates": [[36.356116, 33.500938], [36.360118, 33.499567], [36.36202, 33.500834]]}}, {"type": "Feature", "properties": {"name": "Barada River", "network": "353651482", "osm_way": 32760342}, "geometry": {"type": "LineString", "coordinates": [[36.352894, 33.50071], [36.356116, 33.500938]]}}, {"type": "Feature", "properties": {"name": "Barada River", "network": "353651482", "osm_way": 32760346}, "geometry": {"type": "LineString", "coordinates": [[36.348543, 33.502953], [36.352894, 33.50071]]}}, {"type": "Feature", "properties": {"name": "Barada River", "network": "353651482", "osm_way": 32760348}, "geometry": {"type": "LineString", "coordinates": [[36.345769, 33.503722], [36.348543, 33.502953]]}}, {"type": "Feature", "properties": {"name": "Barada River", "network": "353651482", "osm_way": 32760350}, "geometry": {"type": "LineString", "coordinates": [[36.342556, 33.504402], [36.345769, 33.503722]]}}, {"type": "Feature", "properties": {"name": "Barada River", "network": "353651482", "osm_way": 32760352}, "geometry": {"type": "LineString", "coordinates": [[36.339933, 33.508399], [36.342556, 33.504402]]}}, {"type": "Feature", "properties": {"name": "Barada River", "network": "353651482", "osm_way": 32760353}, "geometry": {"type": "LineString", "coordinates": [[36.337882, 33.505791], [36.339933, 33.508399]]}}, {"type": "Feature", "properties": {"name": "Barada River", "network": "353651482", "osm_way": 32760356}, "geometry": {"type": "LineString", "coordinates": [[36.334011, 33.509663], [36.335129, 33.508768]]}}, {"type": "Feature", "properties": {"name": "Barada River", "network": "353651482", "osm_way": 32760358}, "geometry": {"type": "LineString", "coordinates": [[36.330957, 33.509356], [36.334011, 33.509663]]}}, {"type": "Feature", "properties": {"name": "Barada River", "network": "353651482", "osm_way": 32760360}, "geometry": {"type": "LineString", "coordinates": [[36.327171, 33.507643], [36.330957, 33.509356]]}}, {"type": "Feature", "properties": {"name": "Barada River", "network": "353651482", "osm_way": 32760365}, "geometry": {"type": "LineString", "coordinates": [[36.329731, 33.507885], [36.334044, 33.50656]]}}, {"type": "Feature", "properties": {"name": "Barada River", "network": "353651482", "osm_way": 32760399}, "geometry": {"type": "LineString", "coordinates": [[36.335296, 33.50629], [36.336875, 33.50566]]}}, {"type": "Feature", "properties": {"name": "Barada River", "network": "353651482", "osm_way": 32760404}, "geometry": {"type": "LineString", "coordinates": [[36.336875, 33.50566], [36.340467, 33.502827]]}}, {"type": "Feature", "properties": {"name": "Barada River", "network": "353651482", "osm_way": 32760406}, "geometry": {"type": "LineString", "coordinates": [[36.340467, 33.502827], [36.344116, 33.500261]]}}, {"type": "Feature", "properties": {"name": "Barada River", "network": "353651482", "osm_way": 32760409}, "geometry": {"type": "LineString", "coordinates": [[36.344116, 33.500261], [36.346921, 33.499521]]}}, {"type": "Feature", "properties": {"name": "Barada River", "network": "353651482", "osm_way": 32760413}, "geometry": {"type": "LineString", "coordinates": [[36.349943, 33.498703], [36.353302, 33.498846]]}}, {"type": "Feature", "properties": {"name": "Barada River", "network": "353651482", "osm_way": 32760414}, "geometry": {"type": "LineString", "coordinates": [[36.353302, 33.498846], [36.362515, 33.496819], [36.363717, 33.494785]]}}, {"type": "Feature", "properties": {"name": "Barada River", "network": "353651482", "osm_way": 34015254}, "geometry": {"type": "LineString", "coordinates": [[36.418933, 33.501738], [36.418727, 33.503083], [36.419997, 33.501559], [36.420984, 33.502897]]}}, {"type": "Feature", "properties": {"name": "Barada River", "network": "353651482", "osm_way": 34015255}, "geometry": {"type": "LineString", "coordinates": [[36.415302, 33.50085], [36.416075, 33.502282], [36.418933, 33.501738]]}}, {"type": "Feature", "properties": {"name": "Barada River", "network": "353651482", "osm_way": 34015256}, "geometry": {"type": "LineString", "coordinates": [[36.411611, 33.499662], [36.415302, 33.50085]]}}, {"type": "Feature", "properties": {"name": "Barada River", "network": "353651482", "osm_way": 34015258}, "geometry": {"type": "LineString", "coordinates": [[36.40756, 33.498288], [36.411611, 33.499662]]}}, {"type": "Feature", "properties": {"name": "Barada River", "network": "353651482", "osm_way": 34015262}, "geometry": {"type": "LineString", "coordinates": [[36.406033, 33.497665], [36.40756, 33.498288]]}}, {"type": "Feature", "properties": {"name": "Barada River", "network": "353651482", "osm_way": 34015266}, "geometry": {"type": "LineString", "coordinates": [[36.402702, 33.49851], [36.406033, 33.497665]]}}, {"type": "Feature", "properties": {"name": "Barada River", "network": "353651482", "osm_way": 34015273}, "geometry": {"type": "LineString", "coordinates": [[36.396454, 33.498996], [36.400007, 33.50002], [36.402702, 33.49851]]}}, {"type": "Feature", "properties": {"name": "Barada River", "network": "353651482", "osm_way": 34015276}, "geometry": {"type": "LineString", "coordinates": [[36.394145, 33.499061], [36.396454, 33.498996]]}}, {"type": "Feature", "properties": {"name": "Barada River", "network": "353651482", "osm_way": 34015277}, "geometry": {"type": "LineString", "coordinates": [[36.391716, 33.49929], [36.394145, 33.499061]]}}, {"type": "Feature", "properties": {"name": "Barada River", "network": "353651482", "osm_way": 34015360}, "geometry": {"type": "LineString", "coordinates": [[36.346921, 33.499521], [36.349943, 33.498703]]}}, {"type": "Feature", "properties": {"name": "Barada River", "network": "353651482", "osm_way": 34015391}, "geometry": {"type": "LineString", "coordinates": [[36.325483, 33.508809], [36.329731, 33.507885]]}}, {"type": "Feature", "properties": {"name": "Barada River", "network": "353651482", "osm_way": 34015393}, "geometry": {"type": "LineString", "coordinates": [[36.321204, 33.51381], [36.325483, 33.508809]]}}, {"type": "Feature", "properties": {"name": "Barada River", "network": "353651482", "osm_way": 34015395}, "geometry": {"type": "LineString", "coordinates": [[36.333062, 33.512793], [36.334877, 33.512732]]}}, {"type": "Feature", "properties": {"name": "Barada River", "network": "353651482", "osm_way": 34015408}, "geometry": {"type": "LineString", "coordinates": [[36.328886, 33.511558], [36.332944, 33.512799]]}}, {"type": "Feature", "properties": {"name": "Barada River", "network": "353651482", "osm_way": 34015409}, "geometry": {"type": "LineString", "coordinates": [[36.323862, 33.511882], [36.324709, 33.511454]]}}, {"type": "Feature", "properties": {"name": "Barada River", "network": "353651482", "osm_way": 34015414}, "geometry": {"type": "LineString", "coordinates": [[36.315703, 33.514096], [36.319386, 33.515326]]}}, {"type": "Feature", "properties": {"name": "Barada River", "network": "353651482", "osm_way": 34015422}, "geometry": {"type": "LineString", "coordinates": [[36.306413, 33.513651], [36.315458, 33.514214]]}}, {"type": "Feature", "properties": {"name": "", "network": "879304940", "osm_way": 38371365}, "geometry": {"type": "LineString", "coordinates": [[36.242474, 33.540142], [36.242378, 33.536546]]}}, {"type": "Feature", "properties": {"name": "Valley of Gaza (Wadi Ghazza)", "network": "332110084", "osm_way": 41305151}, "geometry": {"type": "LineString", "coordinates": [[34.426726, 31.42716], [34.425718, 31.428987], [34.415922, 31.43188], [34.415595, 31.433502], [34.420019, 31.435396], [34.415552, 31.440294]]}}, {"type": "Feature", "properties": {"name": "River Jordan", "network": "31490214", "osm_way": 41849025}, "geometry": {"type": "LineString", "coordinates": [[35.546532, 31.837029], [35.546365, 31.836844]]}}, {"type": "Feature", "properties": {"name": "River Jordan", "network": "31490214", "osm_way": 41850129}, "geometry": {"type": "LineString", "coordinates": [[35.558345, 31.765281], [35.559584, 31.762299], [35.558267, 31.76117], [35.561325, 31.758593]]}}, {"type": "Feature", "properties": {"name": "Nahal Snir (Hatsbani)", "network": "31490214", "osm_way": 46714541}, "geometry": {"type": "LineString", "coordinates": [[35.620437, 33.230117], [35.617626, 33.229553], [35.611874, 33.222627], [35.610813, 33.218423], [35.612433, 33.21689], [35.60949, 33.21566], [35.612298, 33.208772], [35.609758, 33.199692], [35.612788, 33.19307], [35.617876, 33.191378], [35.619267, 33.186647]]}}, {"type": "Feature", "properties": {"name": "Nahal Dan", "network": "31490214", "osm_way": 46722562}, "geometry": {"type": "LineString", "coordinates": [[35.650514, 33.249538], [35.641911, 33.238121], [35.635805, 33.236072], [35.63814, 33.226648]]}}, {"type": "Feature", "properties": {"name": "Nahal HaBsor", "network": "332110084", "osm_way": 47441308}, "geometry": {"type": "LineString", "coordinates": [[34.650983, 31.101947], [34.653147, 31.104409], [34.65227, 31.108016], [34.6449, 31.113314], [34.641474, 31.118371], [34.644988, 31.126202], [34.643746, 31.129829], [34.635149, 31.135187], [34.627538, 31.135308], [34.624651, 31.137474], [34.625722, 31.148744], [34.624073, 31.15131], [34.619569, 31.152347], [34.61943, 31.162139], [34.615514, 31.162027], [34.61426, 31.164456], [34.615745, 31.172374], [34.607828, 31.180515], [34.594255, 31.182574], [34.584747, 31.190043], [34.567967, 31.191735], [34.562678, 31.196018], [34.551649, 31.198193], [34.544846, 31.208303], [34.538034, 31.210203], [34.53558, 31.216049]]}}, {"type": "Feature", "properties": {"name": "\u0646\u0647\u0631 \u0627\u0644\u0639\u0627\u0635\u064a", "network": "279361488", "osm_way": 47515697}, "geometry": {"type": "LineString", "coordinates": [[36.481449, 34.448295], [36.481293, 34.450115], [36.483482, 34.450423], [36.482841, 34.452298], [36.488758, 34.453147]]}}, {"type": "Feature", "properties": {"name": "Litani River", "network": "331815211", "osm_way": 48227529}, "geometry": {"type": "LineString", "coordinates": [[35.273449, 33.322709], [35.270475, 33.321962], [35.269357, 33.325183], [35.267224, 33.325367], [35.265869, 33.321033], [35.263703, 33.324634], [35.261719, 33.323844]]}}, {"type": "Feature", "properties": {"name": "Litani River", "network": "331815211", "osm_way": 48227530}, "geometry": {"type": "LineString", "coordinates": [[35.261719, 33.323844], [35.258397, 33.327325], [35.259877, 33.329497], [35.254141, 33.331336], [35.255229, 33.334031], [35.252179, 33.336127], [35.254392, 33.337605], [35.257121, 33.336571], [35.257103, 33.33803], [35.250964, 33.339696], [35.244389, 33.3388]]}}, {"type": "Feature", "properties": {"name": "Litani River", "network": "331815211", "osm_way": 48227535}, "geometry": {"type": "LineString", "coordinates": [[35.297897, 33.323594], [35.293383, 33.32467], [35.287557, 33.319981], [35.286643, 33.322701], [35.283619, 33.32405], [35.274963, 33.324203], [35.273449, 33.322709]]}}, {"type": "Feature", "properties": {"name": "Nahr Abou Aali", "network": "559273141", "osm_way": 48228319}, "geometry": {"type": "LineString", "coordinates": [[35.848152, 34.429149], [35.845318, 34.432258], [35.84674, 34.437049]]}}, {"type": "Feature", "properties": {"name": "Nahr Abou Aali", "network": "559273141", "osm_way": 48228321}, "geometry": {"type": "LineString", "coordinates": [[35.925025, 34.28456], [35.911732, 34.283864], [35.898975, 34.288779], [35.892339, 34.287321], [35.884727, 34.288376], [35.88219, 34.289696], [35.880886, 34.294629], [35.871563, 34.29455], [35.866022, 34.298485], [35.866172, 34.302566], [35.861703, 34.312239], [35.859289, 34.313835], [35.860791, 34.317503], [35.860244, 34.330067], [35.85783, 34.331618], [35.858463, 34.334108], [35.85533, 34.338976], [35.856006, 34.342329], [35.853421, 34.347812], [35.856017, 34.361275], [35.86475, 34.375011], [35.870565, 34.391586], [35.869535, 34.394737], [35.874724, 34.402703], [35.863006, 34.407507], [35.858047, 34.415304], [35.855606, 34.415717], [35.856339, 34.418343], [35.852467, 34.423885], [35.853095, 34.426068], [35.848941, 34.426317], [35.848152, 34.429149]]}}, {"type": "Feature", "properties": {"name": "Nahr El Awali", "network": "559220103", "osm_way": 49795063}, "geometry": {"type": "LineString", "coordinates": [[35.549827, 33.589691], [35.547038, 33.590112], [35.547731, 33.58737], [35.53414, 33.579737], [35.532312, 33.581553], [35.524962, 33.579959], [35.51774, 33.582074], [35.508322, 33.57518], [35.487037, 33.574005], [35.483601, 33.57134], [35.480587, 33.573505], [35.478089, 33.572119], [35.476773, 33.574797], [35.47558, 33.566203], [35.473147, 33.563264], [35.470681, 33.568689], [35.466022, 33.564738], [35.462555, 33.56492]]}}, {"type": "Feature", "properties": {"name": "Berdawni River", "network": "331815211", "osm_way": 54187263}, "geometry": {"type": "LineString", "coordinates": [[35.895391, 33.853309], [35.896212, 33.851165]]}}, {"type": "Feature", "properties": {"name": "", "network": "292876794", "osm_way": 58424954}, "geometry": {"type": "LineString", "coordinates": [[35.783682, 33.904596], [35.776187, 33.90708], [35.766966, 33.906164], [35.758159, 33.89857]]}}, {"type": "Feature", "properties": {"name": "", "network": "292876794", "osm_way": 58426355}, "geometry": {"type": "LineString", "coordinates": [[35.688764, 33.881034], [35.674925, 33.88046], [35.652373, 33.873494], [35.63525, 33.8728], [35.621121, 33.865648]]}}, {"type": "Feature", "properties": {"name": "", "network": "292876794", "osm_way": 58426533}, "geometry": {"type": "LineString", "coordinates": [[35.621121, 33.865648], [35.616603, 33.862395], [35.613438, 33.854545]]}}, {"type": "Feature", "properties": {"name": "Chtoura River", "network": "331815211", "osm_way": 59290759}, "geometry": {"type": "LineString", "coordinates": [[35.851136, 33.849869], [35.855026, 33.847413], [35.856817, 33.838642], [35.860232, 33.832662], [35.862671, 33.809293]]}}, {"type": "Feature", "properties": {"name": "Wadi Ruqqad", "network": "31490214", "osm_way": 60103807}, "geometry": {"type": "LineString", "coordinates": [[35.894628, 32.871364], [35.890633, 32.868296], [35.887655, 32.861961], [35.869566, 32.855544], [35.86461, 32.849542], [35.850191, 32.843556], [35.846586, 32.835215], [35.848582, 32.825173], [35.843378, 32.81557], [35.833744, 32.809605], [35.830621, 32.805742], [35.830471, 32.802354], [35.827038, 32.803067], [35.822768, 32.797872], [35.824131, 32.796033], [35.809086, 32.788619], [35.808515, 32.784394], [35.800568, 32.781135], [35.792064, 32.781186], [35.789668, 32.776986], [35.786864, 32.777425], [35.785487, 32.774705], [35.781851, 32.774204], [35.781425, 32.770629], [35.778093, 32.76907], [35.776827, 32.765751], [35.773858, 32.765319], [35.774757, 32.761898], [35.769195, 32.762507], [35.7667, 32.756886], [35.752327, 32.747308], [35.754817, 32.744214]]}}, {"type": "Feature", "properties": {"name": "Nahal Yarmukh", "network": "31490214", "osm_way": 60104091}, "geometry": {"type": "LineString", "coordinates": [[35.754817, 32.744214], [35.743182, 32.731773], [35.740693, 32.73155], [35.737243, 32.734612], [35.737152, 32.729596], [35.734599, 32.728037], [35.732614, 32.722994], [35.729234, 32.723244], [35.729347, 32.726534], [35.725844, 32.726893], [35.723433, 32.721588], [35.71821, 32.723179], [35.718232, 32.717305], [35.716105, 32.715337], [35.711038, 32.718798], [35.706822, 32.714059], [35.702763, 32.715877], [35.70061, 32.712272], [35.690739, 32.707963], [35.687059, 32.709113], [35.675601, 32.705619], [35.676486, 32.700744]]}}, {"type": "Feature", "properties": {"name": "Wadi Zerka Ma'in", "network": "778617693", "osm_way": 62326537}, "geometry": {"type": "LineString", "coordinates": [[35.666734, 31.606429], [35.66006, 31.603779], [35.652126, 31.605086], [35.637019, 31.59868], [35.634731, 31.6021], [35.615644, 31.608143]]}}, {"type": "Feature", "properties": {"name": "Nahal Kishon", "network": "816417790", "osm_way": 80360717}, "geometry": {"type": "LineString", "coordinates": [[35.097694, 32.724905], [35.097987, 32.725196]]}}, {"type": "Feature", "properties": {"name": "Nahr ed Damour", "network": "559220068", "osm_way": 90197526}, "geometry": {"type": "LineString", "coordinates": [[35.643623, 33.751814], [35.625254, 33.738705], [35.602044, 33.731765], [35.59359, 33.723805], [35.586251, 33.723181], [35.578142, 33.725517], [35.57549, 33.724349], [35.566573, 33.72707], [35.558357, 33.721679]]}}, {"type": "Feature", "properties": {"name": "Sayniq River", "network": "1055604266", "osm_way": 90941480}, "geometry": {"type": "LineString", "coordinates": [[35.403793, 33.528781], [35.393522, 33.527472], [35.38744, 33.531175], [35.37542, 33.533774]]}}, {"type": "Feature", "properties": {"name": "Litani River", "network": "331815211", "osm_way": 90942191}, "geometry": {"type": "LineString", "coordinates": [[35.323987, 33.322058], [35.318412, 33.320033], [35.318613, 33.323956], [35.316415, 33.324409], [35.310296, 33.323367], [35.308392, 33.320346], [35.30688, 33.321193], [35.307612, 33.323176]]}}, {"type": "Feature", "properties": {"name": "Litani River", "network": "331815211", "osm_way": 90942200}, "geometry": {"type": "LineString", "coordinates": [[35.336875, 33.326543], [35.333259, 33.322988], [35.332169, 33.32586], [35.328902, 33.326547], [35.326784, 33.324813], [35.326444, 33.320425], [35.323987, 33.322058]]}}, {"type": "Feature", "properties": {"name": "Litani River", "network": "331815211", "osm_way": 90942745}, "geometry": {"type": "LineString", "coordinates": [[35.392288, 33.309978], [35.388355, 33.310865], [35.385853, 33.305634], [35.376321, 33.306182], [35.374248, 33.304746], [35.372339, 33.309809], [35.369015, 33.312441], [35.365646, 33.308946], [35.361815, 33.310886], [35.357793, 33.308047], [35.355679, 33.312576], [35.346743, 33.314061], [35.34981, 33.319095], [35.348976, 33.320653], [35.346039, 33.320822], [35.34404, 33.31707], [35.341386, 33.317039]]}}, {"type": "Feature", "properties": {"name": "Litani River", "network": "331815211", "osm_way": 90943579}, "geometry": {"type": "LineString", "coordinates": [[35.43259, 33.309758], [35.430369, 33.309234], [35.431195, 33.313684], [35.42854, 33.315326], [35.421078, 33.315725], [35.421125, 33.311874], [35.41798, 33.311256], [35.418144, 33.308935], [35.41343, 33.307936], [35.409892, 33.304248], [35.408202, 33.304988], [35.408917, 33.303009], [35.404539, 33.300391], [35.398336, 33.307424], [35.392288, 33.309978]]}}, {"type": "Feature", "properties": {"name": "Litani River", "network": "331815211", "osm_way": 90943593}, "geometry": {"type": "LineString", "coordinates": [[35.464573, 33.3118], [35.45703, 33.311482], [35.452583, 33.308702], [35.446655, 33.311799], [35.439802, 33.30786], [35.43259, 33.309758]]}}, {"type": "Feature", "properties": {"name": "Hasbani River", "network": "31490214", "osm_way": 91086402}, "geometry": {"type": "LineString", "coordinates": [[35.656513, 33.396267], [35.653288, 33.39511], [35.652634, 33.391251], [35.649561, 33.39002], [35.646557, 33.382084], [35.649075, 33.380705], [35.647171, 33.375047], [35.643766, 33.373185], [35.638109, 33.362307], [35.63856, 33.358261], [35.635095, 33.354849], [35.632168, 33.347572], [35.632209, 33.34042], [35.630356, 33.337086], [35.635174, 33.329984], [35.632138, 33.326046], [35.632833, 33.322826]]}}, {"type": "Feature", "properties": {"name": "Hasbani River", "network": "31490214", "osm_way": 91087703}, "geometry": {"type": "LineString", "coordinates": [[35.688653, 33.41657], [35.687511, 33.413352], [35.683736, 33.41166], [35.676822, 33.411989], [35.669878, 33.406934], [35.667416, 33.407411], [35.66683, 33.404958], [35.663103, 33.40406], [35.663922, 33.400278], [35.656513, 33.396267]]}}, {"type": "Feature", "properties": {"name": "Hasbani River", "network": "31490214", "osm_way": 91109431}, "geometry": {"type": "LineString", "coordinates": [[35.621564, 33.257473], [35.619114, 33.255656], [35.6203, 33.253152], [35.62382, 33.252539], [35.622785, 33.24926], [35.625666, 33.246156], [35.623087, 33.244651], [35.6244, 33.242509]]}}, {"type": "Feature", "properties": {"name": "Hasbani River", "network": "31490214", "osm_way": 91150477}, "geometry": {"type": "LineString", "coordinates": [[35.744749, 33.460891], [35.726622, 33.453484], [35.724308, 33.447861], [35.721782, 33.449048], [35.71762, 33.447223], [35.718872, 33.441558], [35.715009, 33.438239], [35.710705, 33.43794], [35.70944, 33.433109], [35.700277, 33.428414], [35.688653, 33.41657]]}}, {"type": "Feature", "properties": {"name": "Ghzayyel River", "network": "331815211", "osm_way": 91186577}, "geometry": {"type": "LineString", "coordinates": [[35.950488, 33.751015], [35.925707, 33.76023], [35.916977, 33.753822], [35.910015, 33.755271], [35.905796, 33.759174], [35.903708, 33.758245]]}}, {"type": "Feature", "properties": {"name": "Yarmuk River", "network": "31490214", "osm_way": 92734694}, "geometry": {"type": "LineString", "coordinates": [[36.171007, 32.592039], [36.169007, 32.596532], [36.16608, 32.597774], [36.159356, 32.596109], [36.15665, 32.59716], [36.151323, 32.594778], [36.14955, 32.597917], [36.145352, 32.596315]]}}, {"type": "Feature", "properties": {"name": "Nahal Nekarot", "network": "974851772", "osm_way": 93402899}, "geometry": {"type": "LineString", "coordinates": [[34.723982, 30.527687], [34.732465, 30.525651], [34.73408, 30.527459], [34.737947, 30.52743], [34.758893, 30.522402], [34.764445, 30.523296], [34.776449, 30.519359], [34.776952, 30.516596], [34.789651, 30.51904], [34.795317, 30.526318], [34.815868, 30.53947], [34.832578, 30.541032], [34.841848, 30.546791], [34.850299, 30.546553], [34.864463, 30.564802], [34.874789, 30.566232], [34.891323, 30.56347], [34.901885, 30.565393], [34.907502, 30.568857], [34.913477, 30.569033], [34.919829, 30.576727], [34.928659, 30.583272], [34.934668, 30.584775], [34.936204, 30.581587], [34.940411, 30.58404], [34.935804, 30.592404], [34.945367, 30.592433], [34.945299, 30.598214], [34.95175, 30.603165], [34.958058, 30.597088], [34.958554, 30.593601], [34.96428, 30.59284], [34.963933, 30.587481], [34.974432, 30.590578], [34.981409, 30.5881], [34.983072, 30.583797], [34.991745, 30.584803], [35.000157, 30.583405], [35.006091, 30.579134], [35.009395, 30.57355], [35.024609, 30.57756], [35.033542, 30.573694], [35.046662, 30.575534], [35.053436, 30.58324], [35.057649, 30.59324], [35.057916, 30.59972], [35.053729, 30.608654], [35.066822, 30.60828], [35.069356, 30.614787], [35.066289, 30.619267], [35.066609, 30.62332], [35.053278, 30.631938], [35.055064, 30.634472], [35.063372, 30.635237], [35.057463, 30.643449], [35.060977, 30.647707], [35.080831, 30.647424], [35.084284, 30.656106], [35.087474, 30.659231], [35.092488, 30.659763], [35.097333, 30.655148], [35.099542, 30.660181], [35.107006, 30.661184], [35.107493, 30.666238], [35.112531, 30.663602], [35.119126, 30.668191], [35.122998, 30.667914], [35.128303, 30.670976], [35.135543, 30.661755], [35.144284, 30.663803], [35.150717, 30.653349], [35.173752, 30.654264], [35.180492, 30.648951], [35.208406, 30.648788], [35.220595, 30.65913], [35.226691, 30.660378], [35.22812, 30.656502], [35.234026, 30.666131], [35.24075, 30.672578], [35.25296, 30.673438], [35.258356, 30.681798], [35.271486, 30.688872]]}}, {"type": "Feature", "properties": {"name": "", "network": "1086759293", "osm_way": 93651323}, "geometry": {"type": "LineString", "coordinates": [[36.082702, 32.948787], [36.0885, 32.949767], [36.097169, 32.945481], [36.099722, 32.938657], [36.111052, 32.928679], [36.111267, 32.925545], [36.109464, 32.924285], [36.111395, 32.921475]]}}, {"type": "Feature", "properties": {"name": "Nahal Zin", "network": "344380665", "osm_way": 94252851}, "geometry": {"type": "LineString", "coordinates": [[34.784497, 30.707965], [34.811616, 30.713261], [34.815529, 30.718509], [34.809114, 30.719505], [34.80799, 30.723394], [34.810303, 30.726609], [34.820267, 30.72405], [34.809466, 30.740709], [34.806691, 30.741476], [34.805607, 30.739182], [34.802545, 30.739086], [34.795798, 30.744749], [34.786797, 30.744038], [34.783552, 30.750992], [34.785339, 30.756469], [34.789761, 30.761155], [34.783171, 30.762912], [34.774707, 30.757026], [34.775003, 30.762904], [34.772608, 30.770251], [34.776692, 30.774852], [34.777369, 30.778428], [34.766817, 30.780859], [34.763918, 30.789931], [34.758321, 30.790084], [34.755369, 30.792657], [34.757102, 30.797317], [34.764547, 30.803318], [34.763709, 30.80952], [34.768189, 30.815574], [34.763335, 30.826045], [34.780148, 30.843822], [34.792674, 30.843886], [34.794376, 30.839773], [34.798402, 30.841157], [34.797254, 30.844121], [34.800134, 30.845178], [34.807058, 30.838018], [34.810037, 30.841855], [34.816918, 30.843081], [34.824021, 30.848601], [34.835172, 30.848275], [34.842787, 30.84472], [34.849891, 30.84652], [34.855741, 30.838671], [34.874933, 30.837903], [34.891731, 30.824189], [34.894675, 30.825286], [34.902041, 30.822902], [34.914722, 30.827536], [34.922683, 30.826325], [34.92852, 30.822824], [34.93242, 30.823133], [34.934758, 30.818613], [34.941955, 30.816967], [34.943234, 30.81419], [34.946185, 30.814716], [34.952123, 30.807174], [34.953266, 30.810703], [34.957147, 30.811256], [34.959038, 30.806906], [34.962675, 30.806307], [34.968313, 30.801701], [34.975013, 30.800935], [34.981797, 30.802935], [34.987474, 30.801282], [34.993133, 30.804042], [35.000793, 30.812589], [35.016509, 30.824672], [35.031864, 30.827317], [35.045777, 30.835777], [35.058864, 30.847101], [35.078465, 30.859714], [35.082941, 30.865434], [35.101545, 30.862545], [35.121936, 30.876818], [35.126117, 30.883723], [35.134261, 30.883691], [35.142028, 30.888567], [35.147653, 30.883055], [35.150263, 30.882899], [35.154394, 30.886085], [35.155711, 30.894561], [35.163885, 30.895051], [35.171384, 30.890704], [35.184517, 30.904234], [35.205363, 30.90405], [35.206618, 30.908489], [35.199608, 30.917121], [35.199149, 30.921652], [35.207659, 30.92752], [35.212608, 30.923552], [35.21501, 30.928444], [35.219117, 30.930304], [35.219995, 30.933961], [35.229583, 30.937078], [35.235007, 30.936094], [35.236782, 30.93461], [35.235112, 30.927283], [35.236389, 30.925686], [35.247917, 30.926014], [35.254521, 30.931729], [35.258331, 30.926598], [35.276249, 30.930627], [35.279866, 30.930378], [35.286084, 30.925985], [35.297334, 30.934937], [35.297777, 30.945097], [35.300854, 30.95116], [35.308973, 30.949588], [35.311523, 30.952079], [35.312631, 30.957601], [35.317712, 30.959915], [35.318531, 30.964202], [35.324769, 30.966318], [35.32463, 30.971005], [35.329103, 30.979073], [35.336376, 30.97715], [35.341016, 30.978738], [35.345406, 30.985857], [35.346264, 30.993865], [35.357752, 30.987474], [35.363429, 30.963988]]}}, {"type": "Feature", "properties": {"name": "Nahr ez Zahrani", "network": "1099007961", "osm_way": 94668325}, "geometry": {"type": "LineString", "coordinates": [[35.39249, 33.472145], [35.38531, 33.477529], [35.38173, 33.477207], [35.381361, 33.479079], [35.378433, 33.478427], [35.379023, 33.476601], [35.374535, 33.476387], [35.369478, 33.47819], [35.368039, 33.480978], [35.35022, 33.485746], [35.341998, 33.492849]]}}, {"type": "Feature", "properties": {"name": "Nahr ez Zahrani", "network": "1099007961", "osm_way": 94817676}, "geometry": {"type": "LineString", "coordinates": [[35.556439, 33.465717], [35.552983, 33.459706], [35.542774, 33.460211], [35.531052, 33.451746], [35.525278, 33.443191], [35.518811, 33.437675], [35.516731, 33.431973], [35.518093, 33.42505]]}}, {"type": "Feature", "properties": {"name": "Hafir River", "network": "331815211", "osm_way": 95271930}, "geometry": {"type": "LineString", "coordinates": [[35.820071, 33.724273], [35.824997, 33.711723]]}}, {"type": "Feature", "properties": {"name": "Hala-Yahfoufa River", "network": "331815211", "osm_way": 95273574}, "geometry": {"type": "LineString", "coordinates": [[35.978234, 33.844755], [35.969337, 33.84072], [35.965671, 33.841226]]}}, {"type": "Feature", "properties": {"name": "Litani River", "network": "331815211", "osm_way": 95274757}, "geometry": {"type": "LineString", "coordinates": [[36.027695, 33.88842], [35.998268, 33.867018], [35.992482, 33.866403], [35.983737, 33.861036], [35.980166, 33.856353], [35.970776, 33.850232], [35.969612, 33.846498]]}}, {"type": "Feature", "properties": {"name": "", "network": "559220103", "osm_way": 95600585}, "geometry": {"type": "LineString", "coordinates": [[35.575213, 33.52377], [35.578486, 33.52549], [35.576968, 33.5283], [35.578138, 33.533634], [35.581853, 33.539682]]}}, {"type": "Feature", "properties": {"name": "Hasbani River", "network": "31490214", "osm_way": 95821882}, "geometry": {"type": "LineString", "coordinates": [[35.811141, 33.521802], [35.812903, 33.519359], [35.810861, 33.516608], [35.811693, 33.512628], [35.809993, 33.512274], [35.81109, 33.510182], [35.802974, 33.500892], [35.803459, 33.499381], [35.800983, 33.500055], [35.8007, 33.49806], [35.793069, 33.495731], [35.791135, 33.49813], [35.788552, 33.496422]]}}, {"type": "Feature", "properties": {"name": "Hasbani River", "network": "31490214", "osm_way": 95825952}, "geometry": {"type": "LineString", "coordinates": [[35.833437, 33.578955], [35.830094, 33.568539]]}}, {"type": "Feature", "properties": {"name": "Nahr Jaair", "network": "331815211", "osm_way": 96838652}, "geometry": {"type": "LineString", "coordinates": [[35.851655, 33.772019], [35.850658, 33.756236], [35.842797, 33.751867], [35.823464, 33.725501], [35.824997, 33.711723]]}}, {"type": "Feature", "properties": {"name": "Litani River", "network": "331815211", "osm_way": 96838869}, "geometry": {"type": "LineString", "coordinates": [[35.883591, 33.772555], [35.85165, 33.745584], [35.84609, 33.741929], [35.839149, 33.740418], [35.830158, 33.72885]]}}, {"type": "Feature", "properties": {"name": "Litani River", "network": "331815211", "osm_way": 96842703}, "geometry": {"type": "LineString", "coordinates": [[35.883735, 33.772729], [35.883591, 33.772555]]}}, {"type": "Feature", "properties": {"name": "Litani River", "network": "331815211", "osm_way": 96842705}, "geometry": {"type": "LineString", "coordinates": [[35.91035, 33.789364], [35.909796, 33.789027]]}}, {"type": "Feature", "properties": {"name": "Ghzayyel River", "network": "331815211", "osm_way": 108930069}, "geometry": {"type": "LineString", "coordinates": [[35.859314, 33.730402], [35.839899, 33.706181]]}}, {"type": "Feature", "properties": {"name": "\u0646\u0647\u0631 \u0627\u0644\u0639\u0627\u0635\u064a", "network": "279361488", "osm_way": 109023808}, "geometry": {"type": "LineString", "coordinates": [[36.49394, 34.455476], [36.505409, 34.459471], [36.506946, 34.456677], [36.508204, 34.457982], [36.51547, 34.456579], [36.518344, 34.458784], [36.528384, 34.454723]]}}, {"type": "Feature", "properties": {"name": "Orontes", "network": "279361488", "osm_way": 109024064}, "geometry": {"type": "LineString", "coordinates": [[36.528384, 34.454723], [36.532103, 34.45299], [36.53635, 34.455224], [36.536163, 34.457529], [36.538152, 34.457513], [36.536834, 34.459318], [36.537947, 34.461733], [36.540195, 34.462845], [36.542969, 34.461235], [36.542551, 34.464081], [36.544264, 34.46346], [36.545798, 34.465853], [36.546801, 34.463958], [36.549577, 34.46748], [36.55084, 34.466032], [36.551905, 34.468977], [36.55024, 34.469774], [36.554032, 34.474384], [36.548338, 34.474461], [36.547458, 34.478804], [36.549129, 34.479469], [36.54804, 34.482417], [36.550457, 34.484187], [36.550044, 34.486575], [36.547501, 34.487035], [36.54657, 34.490329], [36.543255, 34.490842], [36.537282, 34.496733], [36.539481, 34.499212], [36.536767, 34.500624], [36.539092, 34.502461], [36.535654, 34.504791], [36.539288, 34.508234], [36.535045, 34.508754], [36.537225, 34.510264], [36.535461, 34.512988], [36.536678, 34.514832], [36.53365, 34.515733], [36.535949, 34.516232], [36.535477, 34.518821], [36.532731, 34.524613], [36.52951, 34.525972], [36.534549, 34.529654], [36.53497, 34.532188], [36.534171, 34.53351], [36.52897, 34.532559], [36.529528, 34.534115], [36.532241, 34.533388], [36.530364, 34.538202], [36.525773, 34.54115], [36.527827, 34.544844], [36.526518, 34.548473], [36.522701, 34.549839], [36.524965, 34.555171], [36.522924, 34.557937]]}}, {"type": "Feature", "properties": {"name": "\u0646\u0647\u0631 \u0627\u0644\u0639\u0627\u0635\u064a", "network": "279361488", "osm_way": 109024728}, "geometry": {"type": "LineString", "coordinates": [[36.523293, 34.557259], [36.525804, 34.557901], [36.523192, 34.559675]]}}, {"type": "Feature", "properties": {"name": "Yarmukh", "network": "31490214", "osm_way": 112450371}, "geometry": {"type": "LineString", "coordinates": [[35.663568, 32.679954], [35.660382, 32.680662], [35.659424, 32.683999]]}}, {"type": "Feature", "properties": {"name": "Nahal Shikma", "network": "1294163113", "osm_way": 114223052}, "geometry": {"type": "LineString", "coordinates": [[34.511084, 31.607667], [34.511367, 31.610764], [34.506, 31.613401]]}}, {"type": "Feature", "properties": {"name": "Zarqa River", "network": "31490214", "osm_way": 116539598}, "geometry": {"type": "LineString", "coordinates": [[35.798631, 32.190556], [35.798199, 32.190327]]}}, {"type": "Feature", "properties": {"name": "Nahal Kishon", "network": "816417790", "osm_way": 120531496}, "geometry": {"type": "LineString", "coordinates": [[35.16694, 32.642629], [35.163098, 32.646701], [35.151267, 32.65229], [35.145709, 32.662623], [35.13872, 32.668281]]}}, {"type": "Feature", "properties": {"name": "Nahal Kishon", "network": "816417790", "osm_way": 120531516}, "geometry": {"type": "LineString", "coordinates": [[35.13872, 32.668281], [35.118929, 32.682854], [35.11157, 32.684097]]}}, {"type": "Feature", "properties": {"name": "River Jordan", "network": "31490214", "osm_way": 125513993}, "geometry": {"type": "LineString", "coordinates": [[35.564061, 32.647711], [35.560968, 32.64517], [35.567513, 32.643892], [35.567771, 32.64073], [35.560561, 32.637229], [35.567867, 32.632956], [35.561371, 32.624688], [35.564262, 32.624801], [35.567752, 32.621662], [35.572615, 32.612218], [35.572218, 32.605882], [35.566306, 32.603361], [35.567046, 32.596762], [35.572255, 32.598239], [35.578145, 32.596851], [35.575833, 32.586932], [35.577974, 32.580767], [35.576717, 32.568515], [35.575071, 32.565871], [35.570319, 32.565745], [35.577303, 32.557171], [35.575823, 32.554238], [35.577367, 32.552217], [35.572775, 32.549025], [35.571563, 32.552285], [35.568371, 32.550933], [35.568205, 32.549056], [35.571735, 32.546601], [35.569498, 32.543906], [35.571665, 32.540148], [35.56644, 32.538981], [35.564579, 32.544589], [35.561183, 32.544937], [35.563307, 32.540365], [35.560378, 32.538185], [35.559209, 32.531704], [35.563029, 32.530687], [35.563849, 32.526141], [35.567529, 32.52724], [35.567175, 32.524811], [35.564552, 32.521066], [35.555491, 32.521221], [35.555735, 32.517129], [35.552643, 32.514755], [35.5603, 32.509514], [35.560101, 32.507247], [35.562576, 32.514364], [35.564591, 32.507063], [35.557872, 32.503605], [35.558238, 32.502215], [35.564186, 32.501651], [35.567158, 32.497879], [35.570104, 32.499714], [35.574707, 32.497529], [35.580315, 32.487984], [35.575694, 32.484454], [35.56556, 32.481033], [35.569991, 32.477198], [35.564573, 32.474139], [35.564493, 32.471125], [35.567205, 32.471448], [35.567545, 32.46945], [35.565485, 32.467409], [35.563079, 32.468478], [35.562442, 32.463427], [35.56666, 32.46086], [35.570531, 32.461878], [35.574076, 32.458841], [35.570566, 32.452997], [35.566506, 32.452843], [35.567256, 32.445078], [35.564874, 32.441756], [35.568414, 32.441078], [35.566177, 32.435846], [35.56239, 32.433612], [35.558329, 32.435878], [35.555667, 32.430826], [35.557215, 32.427588], [35.562509, 32.424061], [35.552737, 32.425716], [35.551764, 32.419543], [35.55932, 32.418307], [35.556576, 32.415144], [35.561427, 32.411352], [35.55812, 32.410437], [35.559024, 32.408415], [35.557512, 32.407404], [35.560793, 32.401009], [35.554216, 32.399749], [35.554302, 32.402585], [35.551004, 32.403933], [35.546401, 32.400568], [35.54898, 32.398379], [35.549609, 32.39313], [35.553878, 32.391575], [35.55496, 32.389017]]}}, {"type": "Feature", "properties": {"name": "Zarqa River", "network": "31490214", "osm_way": 127580025}, "geometry": {"type": "LineString", "coordinates": [[35.677519, 32.193812], [35.675702, 32.192615], [35.670886, 32.197352], [35.66641, 32.197515], [35.663899, 32.200347], [35.657786, 32.19855], [35.658624, 32.192509], [35.652049, 32.193624], [35.645699, 32.189914], [35.636322, 32.193457], [35.635316, 32.191645], [35.637153, 32.186269], [35.626827, 32.183952], [35.627081, 32.17833], [35.621333, 32.17238], [35.604135, 32.168257], [35.60259, 32.153733], [35.596085, 32.151252], [35.594564, 32.147733], [35.582004, 32.137139], [35.582501, 32.131341], [35.573989, 32.123731], [35.575285, 32.117367], [35.572898, 32.113687], [35.566351, 32.11068], [35.558757, 32.111699], [35.555606, 32.110064], [35.555668, 32.108117], [35.551189, 32.106606], [35.548733, 32.113619], [35.543336, 32.115891]]}}, {"type": "Feature", "properties": {"name": "Wadi Dhulayl", "network": "300868310", "osm_way": 129808877}, "geometry": {"type": "LineString", "coordinates": [[36.158532, 32.15517], [36.153415, 32.154592], [36.1469, 32.149209], [36.121886, 32.151483], [36.119433, 32.147913], [36.11159, 32.143632], [36.103583, 32.1451], [36.101239, 32.151217], [36.09406, 32.151131], [36.091474, 32.148553], [36.082724, 32.153662], [36.068796, 32.148733], [36.050445, 32.147745]]}}, {"type": "Feature", "properties": {"name": "Nahal Sorek", "network": "33959751", "osm_way": 135162187}, "geometry": {"type": "LineString", "coordinates": [[34.973307, 31.758481], [34.962888, 31.755901], [34.94231, 31.759346], [34.924764, 31.769059], [34.923241, 31.772926], [34.918799, 31.772415], [34.915817, 31.777559], [34.911418, 31.778891], [34.9126, 31.780955]]}}, {"type": "Feature", "properties": {"name": "Wadi al Hasa", "network": "1165775561", "osm_way": 136794074}, "geometry": {"type": "LineString", "coordinates": [[35.984558, 30.810157], [35.979476, 30.820411], [35.975093, 30.824501], [35.962334, 30.83004], [35.948593, 30.830987], [35.94188, 30.833914], [35.936061, 30.840186], [35.925402, 30.843385], [35.924653, 30.849271], [35.914218, 30.862839], [35.918365, 30.87106], [35.913682, 30.874886], [35.920599, 30.876116], [35.923141, 30.881392], [35.898731, 30.884838], [35.895833, 30.883643], [35.89472, 30.879701], [35.890308, 30.878861], [35.888292, 30.885749], [35.888783, 30.893308], [35.87844, 30.896389], [35.872714, 30.894284], [35.873135, 30.885611], [35.86777, 30.885386], [35.86453, 30.888958], [35.868652, 30.903898], [35.857214, 30.903627], [35.85012, 30.905977], [35.844269, 30.916149], [35.837656, 30.921623], [35.838749, 30.925813], [35.843649, 30.929369], [35.842658, 30.934192], [35.83634, 30.934559]]}}, {"type": "Feature", "properties": {"name": "", "network": "1503292428", "osm_way": 137035275}, "geometry": {"type": "LineString", "coordinates": [[35.528722, 30.901069], [35.525429, 30.903256], [35.525892, 30.906577], [35.514529, 30.905704], [35.51424, 30.907148], [35.509594, 30.907821], [35.508542, 30.910399], [35.510302, 30.911853], [35.508542, 30.914265], [35.510624, 30.916051], [35.510854, 30.920493], [35.506797, 30.918926], [35.506494, 30.922885], [35.499527, 30.921806], [35.493425, 30.928231], [35.489993, 30.928231], [35.485292, 30.931287], [35.469782, 30.933679], [35.463445, 30.931389], [35.460183, 30.932854], [35.456088, 30.931838], [35.445469, 30.935622], [35.440245, 30.942481], [35.431917, 30.946001], [35.429305, 30.949492], [35.430574, 30.953412]]}}, {"type": "Feature", "properties": {"name": "Nahal Snir (Hatsbani)", "network": "31490214", "osm_way": 138461366}, "geometry": {"type": "LineString", "coordinates": [[35.6244, 33.242509], [35.624916, 33.238755], [35.620437, 33.230117]]}}, {"type": "Feature", "properties": {"name": "Ruqqad", "network": "270528254", "osm_way": 140517826}, "geometry": {"type": "LineString", "coordinates": [[35.87692, 33.093082], [35.878632, 33.087592], [35.881796, 33.086533], [35.88156, 33.083441], [35.884791, 33.080494], [35.889542, 33.081015], [35.892128, 33.078534], [35.892237, 33.073383], [35.900101, 33.066775], [35.900413, 33.062657], [35.904037, 33.057108], [35.903567, 33.053979], [35.91714, 33.048852], [35.918453, 33.038851]]}}, {"type": "Feature", "properties": {"name": "River Jordan", "network": "31490214", "osm_way": 141428679}, "geometry": {"type": "LineString", "coordinates": [[35.622854, 32.918844], [35.622771, 32.915526]]}}, {"type": "Feature", "properties": {"name": "Yarmuk River", "network": "31490214", "osm_way": 142813593}, "geometry": {"type": "LineString", "coordinates": [[35.984087, 32.673833], [35.981732, 32.674153], [35.981115, 32.677068], [35.978406, 32.676422], [35.977293, 32.678782], [35.972712, 32.680096], [35.964177, 32.693385], [35.95399, 32.694096], [35.950514, 32.69223], [35.94519, 32.696593], [35.940442, 32.696821], [35.940128, 32.699726], [35.937403, 32.700042], [35.939965, 32.708505], [35.93471, 32.720838], [35.931821, 32.719977], [35.925084, 32.722553], [35.92267, 32.720523], [35.919663, 32.722305], [35.919672, 32.719168], [35.918056, 32.718634], [35.911885, 32.723467], [35.904785, 32.719408], [35.905023, 32.724147], [35.899845, 32.718384], [35.888153, 32.718075], [35.877539, 32.731633], [35.871546, 32.733835]]}}, {"type": "Feature", "properties": {"name": "", "network": "31490214", "osm_way": 143216337}, "geometry": {"type": "LineString", "coordinates": [[35.687617, 32.188244], [35.687632, 32.187564]]}}, {"type": "Feature", "properties": {"name": "", "network": "31490214", "osm_way": 143471078}, "geometry": {"type": "LineString", "coordinates": [[36.019074, 32.69715], [36.011864, 32.697674], [36.009869, 32.700093], [36.002659, 32.701655], [35.998367, 32.7004], [35.997681, 32.695274], [35.989205, 32.691443]]}}, {"type": "Feature", "properties": {"name": "", "network": "1572964221", "osm_way": 143742628}, "geometry": {"type": "LineString", "coordinates": [[36.21088, 33.027011], [36.211567, 33.023558], [36.208041, 33.017363], [36.21199, 33.011803], [36.217676, 33.008015], [36.216517, 33.003247], [36.219489, 32.999639], [36.220089, 32.994698]]}}, {"type": "Feature", "properties": {"name": "Nahr El Kebir", "network": "276803428", "osm_way": 144486792}, "geometry": {"type": "LineString", "coordinates": [[36.284871, 34.490893], [36.296479, 34.496817], [36.300642, 34.49588], [36.303432, 34.497808], [36.30621, 34.507878], [36.315405, 34.515349], [36.321351, 34.514213], [36.333258, 34.522863], [36.333344, 34.525656], [36.338987, 34.528414], [36.338129, 34.532462], [36.344716, 34.537941], [36.356628, 34.553075], [36.360315, 34.555683], [36.368212, 34.555774], [36.402434, 34.581961], [36.401998, 34.592055], [36.407211, 34.600709], [36.40377, 34.603458], [36.403699, 34.607494], [36.397588, 34.613842], [36.394192, 34.614225], [36.395437, 34.618864], [36.394248, 34.62136], [36.387886, 34.624702], [36.387224, 34.632039], [36.381009, 34.633424], [36.371029, 34.64173], [36.365457, 34.642514], [36.361786, 34.647417], [36.35965, 34.647175], [36.356904, 34.65364]]}}, {"type": "Feature", "properties": {"name": "Nahal Beersheba", "network": "332110084", "osm_way": 145238687}, "geometry": {"type": "LineString", "coordinates": [[34.830214, 31.242678], [34.820254, 31.238774], [34.808277, 31.239581], [34.801098, 31.233128], [34.793224, 31.236207], [34.78386, 31.232415], [34.778381, 31.234094], [34.772185, 31.228175]]}}, {"type": "Feature", "properties": {"name": "Nahal HaBsor", "network": "332110084", "osm_way": 147282101}, "geometry": {"type": "LineString", "coordinates": [[34.53558, 31.216049], [34.534318, 31.217645], [34.528822, 31.216868], [34.525129, 31.222068], [34.522669, 31.220739], [34.516973, 31.224793], [34.511736, 31.225835], [34.505731, 31.23651], [34.491929, 31.245483], [34.492674, 31.249919], [34.498577, 31.251911], [34.499305, 31.25695], [34.493047, 31.260282], [34.496895, 31.262852], [34.492806, 31.271467], [34.488773, 31.270246], [34.491391, 31.278709], [34.483864, 31.281941], [34.488502, 31.284872], [34.485191, 31.287426], [34.486772, 31.290836], [34.484291, 31.295383], [34.485478, 31.308126], [34.489623, 31.308877], [34.489737, 31.317325], [34.483648, 31.322981], [34.483515, 31.327018], [34.478461, 31.334055], [34.478877, 31.34559], [34.475623, 31.348231], [34.475924, 31.352389], [34.468162, 31.355774], [34.46657, 31.363217], [34.463239, 31.365229], [34.462408, 31.369666], [34.45063, 31.383557], [34.450071, 31.387186], [34.445178, 31.388261], [34.444289, 31.391796], [34.439889, 31.390691], [34.437295, 31.391979], [34.436157, 31.398197]]}}, {"type": "Feature", "properties": {"name": "Litani River", "network": "331815211", "osm_way": 148483593}, "geometry": {"type": "LineString", "coordinates": [[36.048983, 33.925544], [36.049555, 33.92389], [36.044587, 33.917906], [36.043986, 33.911372], [36.03634, 33.904316], [36.033729, 33.896699], [36.028032, 33.892598], [36.027695, 33.88842]]}}, {"type": "Feature", "properties": {"name": "Zarqa River", "network": "300868310", "osm_way": 149948404}, "geometry": {"type": "LineString", "coordinates": [[36.004086, 32.015605], [36.014595, 32.018571], [36.027489, 32.017628], [36.039985, 32.019755], [36.048877, 32.016651], [36.061826, 32.021096], [36.066771, 32.019731], [36.071624, 32.021943], [36.075245, 32.028771], [36.078345, 32.029761], [36.082984, 32.035673], [36.086568, 32.053007], [36.073565, 32.064519], [36.071933, 32.074131], [36.069675, 32.075804], [36.063452, 32.090576], [36.060464, 32.110431], [36.057838, 32.112465], [36.063472, 32.126792], [36.059357, 32.133919], [36.058807, 32.141925], [36.054496, 32.146302], [36.049978, 32.147818], [36.039617, 32.144343], [36.029158, 32.148229], [36.026969, 32.15281], [36.022673, 32.153182], [36.02243, 32.160949], [36.01151, 32.167114], [36.011523, 32.173976], [36.00679, 32.174884], [36.005339, 32.178286], [35.997685, 32.18198], [35.998226, 32.185173], [35.992904, 32.191272], [35.993777, 32.192738], [35.995943, 32.191931], [35.996362, 32.194081], [35.993941, 32.203036], [35.984266, 32.205432], [35.975788, 32.20222], [35.971623, 32.194126], [35.965841, 32.191267], [35.964013, 32.187238], [35.957765, 32.191057], [35.955702, 32.189591], [35.953967, 32.192195], [35.943199, 32.19379], [35.936728, 32.191504], [35.938665, 32.188896], [35.94285, 32.189014], [35.9418, 32.187597], [35.935294, 32.187696], [35.932077, 32.19025], [35.925641, 32.19119], [35.918981, 32.186286], [35.915455, 32.189469], [35.917326, 32.191729], [35.916553, 32.19377], [35.908048, 32.195798], [35.905399, 32.201305], [35.899901, 32.200523], [35.903228, 32.21012]]}}, {"type": "Feature", "properties": {"name": "Zarqa River", "network": "300868310", "osm_way": 149948428}, "geometry": {"type": "LineString", "coordinates": [[35.981184, 31.991292], [35.981631, 31.992167]]}}, {"type": "Feature", "properties": {"name": "Zarqa River", "network": "300868310", "osm_way": 149948431}, "geometry": {"type": "LineString", "coordinates": [[35.981631, 31.992167], [35.986606, 31.994936], [35.986411, 31.999834], [35.992658, 32.002232], [35.998997, 32.008185], [35.999543, 32.012834], [36.004086, 32.015605]]}}, {"type": "Feature", "properties": {"name": "Zarqa River", "network": "300868310", "osm_way": 149948434}, "geometry": {"type": "LineString", "coordinates": [[35.977104, 31.986669], [35.981184, 31.991292]]}}, {"type": "Feature", "properties": {"name": "Nahal Beersheba", "network": "332110084", "osm_way": 150476659}, "geometry": {"type": "LineString", "coordinates": [[34.772185, 31.228175], [34.76494, 31.220353], [34.759626, 31.218747], [34.757416, 31.219298], [34.754069, 31.224757], [34.742814, 31.230532], [34.738504, 31.228867], [34.735239, 31.224836], [34.727677, 31.226035], [34.713724, 31.219796], [34.698359, 31.221856], [34.692164, 31.21312], [34.683632, 31.211072], [34.672243, 31.204937], [34.668715, 31.206314], [34.666514, 31.20101], [34.656825, 31.198617], [34.646005, 31.199745], [34.632571, 31.197819], [34.625466, 31.19446], [34.623587, 31.192726], [34.623364, 31.184963], [34.6167, 31.181574], [34.593015, 31.189432], [34.587361, 31.19577], [34.584048, 31.193412], [34.568122, 31.191751]]}}, {"type": "Feature", "properties": {"name": "River Jordan", "network": "31490214", "osm_way": 152416475}, "geometry": {"type": "LineString", "coordinates": [[35.625413, 32.97994], [35.627457, 32.977312], [35.623781, 32.963365], [35.625229, 32.962389], [35.624593, 32.955897], [35.626645, 32.947878], [35.624301, 32.943567], [35.625552, 32.935097], [35.621156, 32.929135], [35.621649, 32.922719]]}}, {"type": "Feature", "properties": {"name": "", "network": "353651482", "osm_way": 153801291}, "geometry": {"type": "LineString", "coordinates": [[36.367131, 33.514839], [36.37201, 33.517213]]}}, {"type": "Feature", "properties": {"name": "", "network": "353651482", "osm_way": 153801293}, "geometry": {"type": "LineString", "coordinates": [[36.358846, 33.511391], [36.359849, 33.510867]]}}, {"type": "Feature", "properties": {"name": "", "network": "353651482", "osm_way": 153801315}, "geometry": {"type": "LineString", "coordinates": [[36.371674, 33.51887], [36.38214, 33.524534]]}}, {"type": "Feature", "properties": {"name": "", "network": "353651482", "osm_way": 153801319}, "geometry": {"type": "LineString", "coordinates": [[36.34703, 33.508776], [36.352049, 33.508592], [36.353819, 33.511055], [36.3599, 33.511371], [36.366278, 33.514595]]}}, {"type": "Feature", "properties": {"name": "", "network": "353651482", "osm_way": 153801341}, "geometry": {"type": "LineString", "coordinates": [[36.3672, 33.51512], [36.371693, 33.518726]]}}, {"type": "Feature", "properties": {"name": "", "network": "353651482", "osm_way": 156194043}, "geometry": {"type": "LineString", "coordinates": [[36.325809, 33.508782], [36.324171, 33.511207]]}}, {"type": "Feature", "properties": {"name": "", "network": "1702678532", "osm_way": 158029214}, "geometry": {"type": "LineString", "coordinates": [[36.386702, 33.379754], [36.377463, 33.377542]]}}, {"type": "Feature", "properties": {"name": "", "network": "1702678532", "osm_way": 158029238}, "geometry": {"type": "LineString", "coordinates": [[36.388458, 33.380529], [36.386702, 33.379754]]}}, {"type": "Feature", "properties": {"name": "", "network": "1702678532", "osm_way": 158029241}, "geometry": {"type": "LineString", "coordinates": [[36.392769, 33.380354], [36.389538, 33.378746], [36.388458, 33.380529]]}}, {"type": "Feature", "properties": {"name": "", "network": "1702678532", "osm_way": 159991778}, "geometry": {"type": "LineString", "coordinates": [[36.438228, 33.374981], [36.442337, 33.377243], [36.444037, 33.374391], [36.464692, 33.374929], [36.468404, 33.371793], [36.470829, 33.372904], [36.470014, 33.371184], [36.472331, 33.368478], [36.475013, 33.368295]]}}, {"type": "Feature", "properties": {"name": "", "network": "1560850554", "osm_way": 160104073}, "geometry": {"type": "LineString", "coordinates": [[36.093721, 33.347203], [36.093813, 33.347178]]}}, {"type": "Feature", "properties": {"name": "", "network": "1560850554", "osm_way": 160104075}, "geometry": {"type": "LineString", "coordinates": [[36.093875, 33.343194], [36.093969, 33.343311]]}}, {"type": "Feature", "properties": {"name": "", "network": "1560850554", "osm_way": 160104077}, "geometry": {"type": "LineString", "coordinates": [[36.083981, 33.331152], [36.086264, 33.331161], [36.089798, 33.334956], [36.093875, 33.343194]]}}, {"type": "Feature", "properties": {"name": "", "network": "1560850554", "osm_way": 160104079}, "geometry": {"type": "LineString", "coordinates": [[36.085514, 33.325708], [36.08555, 33.325795]]}}, {"type": "Feature", "properties": {"name": "", "network": "1560850554", "osm_way": 160104080}, "geometry": {"type": "LineString", "coordinates": [[36.08555, 33.325795], [36.086832, 33.327458], [36.083905, 33.331071]]}}, {"type": "Feature", "properties": {"name": "", "network": "1560850554", "osm_way": 160104082}, "geometry": {"type": "LineString", "coordinates": [[36.093969, 33.343311], [36.092389, 33.347364], [36.093721, 33.347203]]}}, {"type": "Feature", "properties": {"name": "", "network": "1560850554", "osm_way": 160104083}, "geometry": {"type": "LineString", "coordinates": [[36.093813, 33.347178], [36.096703, 33.346338]]}}, {"type": "Feature", "properties": {"name": "", "network": "1560850554", "osm_way": 160104084}, "geometry": {"type": "LineString", "coordinates": [[36.082996, 33.325065], [36.085514, 33.325708]]}}, {"type": "Feature", "properties": {"name": "", "network": "1560850554", "osm_way": 160104085}, "geometry": {"type": "LineString", "coordinates": [[36.0786, 33.325053], [36.082996, 33.325065]]}}, {"type": "Feature", "properties": {"name": "", "network": "1560850554", "osm_way": 160104086}, "geometry": {"type": "LineString", "coordinates": [[36.083905, 33.331071], [36.083981, 33.331152]]}}, {"type": "Feature", "properties": {"name": "", "network": "1560850554", "osm_way": 160105596}, "geometry": {"type": "LineString", "coordinates": [[36.110164, 33.36925], [36.110229, 33.369246]]}}, {"type": "Feature", "properties": {"name": "", "network": "1560850554", "osm_way": 160105597}, "geometry": {"type": "LineString", "coordinates": [[36.09827, 33.354696], [36.098385, 33.354766]]}}, {"type": "Feature", "properties": {"name": "", "network": "1560850554", "osm_way": 160105598}, "geometry": {"type": "LineString", "coordinates": [[36.119769, 33.375239], [36.119766, 33.375281]]}}, {"type": "Feature", "properties": {"name": "", "network": "1560850554", "osm_way": 160105599}, "geometry": {"type": "LineString", "coordinates": [[36.119766, 33.375281], [36.120172, 33.376868]]}}, {"type": "Feature", "properties": {"name": "", "network": "1560850554", "osm_way": 160105600}, "geometry": {"type": "LineString", "coordinates": [[36.110229, 33.369246], [36.111615, 33.369498]]}}, {"type": "Feature", "properties": {"name": "", "network": "1560850554", "osm_way": 160105603}, "geometry": {"type": "LineString", "coordinates": [[36.096703, 33.346338], [36.096791, 33.346356]]}}, {"type": "Feature", "properties": {"name": "", "network": "1560850554", "osm_way": 160105604}, "geometry": {"type": "LineString", "coordinates": [[36.103355, 33.357496], [36.103408, 33.357524]]}}, {"type": "Feature", "properties": {"name": "", "network": "1560850554", "osm_way": 160105605}, "geometry": {"type": "LineString", "coordinates": [[36.126165, 33.392744], [36.13276, 33.396023]]}}, {"type": "Feature", "properties": {"name": "", "network": "1560850554", "osm_way": 160105606}, "geometry": {"type": "LineString", "coordinates": [[36.121328, 33.378198], [36.121378, 33.378275]]}}, {"type": "Feature", "properties": {"name": "", "network": "1560850554", "osm_way": 160105611}, "geometry": {"type": "LineString", "coordinates": [[36.111615, 33.369498], [36.111663, 33.369531]]}}, {"type": "Feature", "properties": {"name": "", "network": "1560850554", "osm_way": 160105613}, "geometry": {"type": "LineString", "coordinates": [[36.121378, 33.378275], [36.122983, 33.382357]]}}, {"type": "Feature", "properties": {"name": "", "network": "1560850554", "osm_way": 160105617}, "geometry": {"type": "LineString", "coordinates": [[36.098385, 33.354766], [36.103355, 33.357496]]}}, {"type": "Feature", "properties": {"name": "", "network": "1560850554", "osm_way": 160105623}, "geometry": {"type": "LineString", "coordinates": [[36.103408, 33.357524], [36.105462, 33.363794]]}}, {"type": "Feature", "properties": {"name": "", "network": "1560850554", "osm_way": 160105635}, "geometry": {"type": "LineString", "coordinates": [[36.122983, 33.382357], [36.12297, 33.382455]]}}, {"type": "Feature", "properties": {"name": "", "network": "1560850554", "osm_way": 160105637}, "geometry": {"type": "LineString", "coordinates": [[36.12297, 33.382455], [36.124501, 33.385044]]}}, {"type": "Feature", "properties": {"name": "", "network": "1560850554", "osm_way": 160105644}, "geometry": {"type": "LineString", "coordinates": [[36.116615, 33.371581], [36.119769, 33.375239]]}}, {"type": "Feature", "properties": {"name": "", "network": "1560850554", "osm_way": 160105659}, "geometry": {"type": "LineString", "coordinates": [[36.111663, 33.369531], [36.114641, 33.372058], [36.116577, 33.371547]]}}, {"type": "Feature", "properties": {"name": "", "network": "1560850554", "osm_way": 160105667}, "geometry": {"type": "LineString", "coordinates": [[36.105462, 33.363794], [36.105513, 33.363819]]}}, {"type": "Feature", "properties": {"name": "", "network": "1560850554", "osm_way": 160105672}, "geometry": {"type": "LineString", "coordinates": [[36.105513, 33.363819], [36.110164, 33.36925]]}}, {"type": "Feature", "properties": {"name": "", "network": "1560850554", "osm_way": 160105681}, "geometry": {"type": "LineString", "coordinates": [[36.096791, 33.346356], [36.09827, 33.354696]]}}, {"type": "Feature", "properties": {"name": "", "network": "1560850554", "osm_way": 160105687}, "geometry": {"type": "LineString", "coordinates": [[36.116577, 33.371547], [36.116615, 33.371581]]}}, {"type": "Feature", "properties": {"name": "", "network": "1560850554", "osm_way": 160107823}, "geometry": {"type": "LineString", "coordinates": [[36.151424, 33.421794], [36.15741, 33.431679]]}}, {"type": "Feature", "properties": {"name": "", "network": "1560850554", "osm_way": 160107825}, "geometry": {"type": "LineString", "coordinates": [[36.140789, 33.410776], [36.140835, 33.410844]]}}, {"type": "Feature", "properties": {"name": "", "network": "1560850554", "osm_way": 160107826}, "geometry": {"type": "LineString", "coordinates": [[36.132923, 33.396053], [36.133207, 33.399684]]}}, {"type": "Feature", "properties": {"name": "", "network": "1560850554", "osm_way": 160107830}, "geometry": {"type": "LineString", "coordinates": [[36.132885, 33.401696], [36.132942, 33.402035]]}}, {"type": "Feature", "properties": {"name": "", "network": "1560850554", "osm_way": 160107837}, "geometry": {"type": "LineString", "coordinates": [[36.133207, 33.399684], [36.13322, 33.399748]]}}, {"type": "Feature", "properties": {"name": "", "network": "1560850554", "osm_way": 160107838}, "geometry": {"type": "LineString", "coordinates": [[36.134446, 33.404733], [36.134526, 33.404767]]}}, {"type": "Feature", "properties": {"name": "", "network": "1560850554", "osm_way": 160107840}, "geometry": {"type": "LineString", "coordinates": [[36.148644, 33.420134], [36.151349, 33.421751]]}}, {"type": "Feature", "properties": {"name": "", "network": "1560850554", "osm_way": 160107846}, "geometry": {"type": "LineString", "coordinates": [[36.132942, 33.402035], [36.133601, 33.404233]]}}, {"type": "Feature", "properties": {"name": "", "network": "1560850554", "osm_way": 160107851}, "geometry": {"type": "LineString", "coordinates": [[36.132797, 33.396036], [36.132923, 33.396053]]}}, {"type": "Feature", "properties": {"name": "", "network": "1560850554", "osm_way": 160107854}, "geometry": {"type": "LineString", "coordinates": [[36.151349, 33.421751], [36.151424, 33.421794]]}}, {"type": "Feature", "properties": {"name": "", "network": "1560850554", "osm_way": 160107856}, "geometry": {"type": "LineString", "coordinates": [[36.14853, 33.420119], [36.148644, 33.420134]]}}, {"type": "Feature", "properties": {"name": "", "network": "1560850554", "osm_way": 160107857}, "geometry": {"type": "LineString", "coordinates": [[36.133625, 33.404298], [36.133663, 33.40459]]}}, {"type": "Feature", "properties": {"name": "", "network": "1560850554", "osm_way": 160107861}, "geometry": {"type": "LineString", "coordinates": [[36.134526, 33.404767], [36.140789, 33.410776]]}}, {"type": "Feature", "properties": {"name": "", "network": "1560850554", "osm_way": 160107870}, "geometry": {"type": "LineString", "coordinates": [[36.133663, 33.40459], [36.133684, 33.404639]]}}, {"type": "Feature", "properties": {"name": "", "network": "1560850554", "osm_way": 160107872}, "geometry": {"type": "LineString", "coordinates": [[36.133601, 33.404233], [36.133625, 33.404298]]}}, {"type": "Feature", "properties": {"name": "", "network": "1560850554", "osm_way": 160107873}, "geometry": {"type": "LineString", "coordinates": [[36.13322, 33.399748], [36.132885, 33.401696]]}}, {"type": "Feature", "properties": {"name": "", "network": "1560850554", "osm_way": 160107877}, "geometry": {"type": "LineString", "coordinates": [[36.140835, 33.410844], [36.147187, 33.416216], [36.14853, 33.420119]]}}, {"type": "Feature", "properties": {"name": "", "network": "1560850554", "osm_way": 160107880}, "geometry": {"type": "LineString", "coordinates": [[36.133684, 33.404639], [36.134446, 33.404733]]}}, {"type": "Feature", "properties": {"name": "Nahal Sorek", "network": "33959751", "osm_way": 160566197}, "geometry": {"type": "LineString", "coordinates": [[34.995779, 31.756646], [34.98463, 31.760818], [34.980842, 31.759415], [34.97517, 31.760763], [34.973307, 31.758481]]}}, {"type": "Feature", "properties": {"name": "", "network": "879304940", "osm_way": 161051084}, "geometry": {"type": "LineString", "coordinates": [[36.242378, 33.536546], [36.242006, 33.536364]]}}, {"type": "Feature", "properties": {"name": "", "network": "879304940", "osm_way": 161669382}, "geometry": {"type": "LineString", "coordinates": [[36.226824, 33.557509], [36.224453, 33.545585], [36.228023, 33.547813], [36.231743, 33.546255]]}}, {"type": "Feature", "properties": {"name": "", "network": "879304940", "osm_way": 161669387}, "geometry": {"type": "LineString", "coordinates": [[36.226564, 33.554054], [36.223061, 33.548258], [36.224364, 33.545135], [36.225703, 33.545585]]}}, {"type": "Feature", "properties": {"name": "", "network": "879304940", "osm_way": 161669391}, "geometry": {"type": "LineString", "coordinates": [[36.227033, 33.547296], [36.231832, 33.54406], [36.232296, 33.541596], [36.240131, 33.543411]]}}, {"type": "Feature", "properties": {"name": "", "network": "879304940", "osm_way": 161669394}, "geometry": {"type": "LineString", "coordinates": [[36.225703, 33.545585], [36.227033, 33.547296]]}}, {"type": "Feature", "properties": {"name": "", "network": "879304940", "osm_way": 161866289}, "geometry": {"type": "LineString", "coordinates": [[36.233248, 33.542805], [36.239274, 33.544105]]}}, {"type": "Feature", "properties": {"name": "", "network": "879304940", "osm_way": 161866291}, "geometry": {"type": "LineString", "coordinates": [[36.239274, 33.544105], [36.240584, 33.542696]]}}, {"type": "Feature", "properties": {"name": "", "network": "879304940", "osm_way": 161866529}, "geometry": {"type": "LineString", "coordinates": [[36.240584, 33.542696], [36.241062, 33.541886]]}}, {"type": "Feature", "properties": {"name": "", "network": "879304940", "osm_way": 161866538}, "geometry": {"type": "LineString", "coordinates": [[36.241062, 33.541886], [36.242249, 33.541781]]}}, {"type": "Feature", "properties": {"name": "", "network": "1746673507", "osm_way": 162856317}, "geometry": {"type": "LineString", "coordinates": [[36.532228, 33.443768], [36.524621, 33.444179], [36.521027, 33.45186], [36.521295, 33.456363], [36.516263, 33.460982], [36.496597, 33.470352], [36.477425, 33.476608], [36.450476, 33.47184], [36.444734, 33.471847], [36.440403, 33.474883], [36.425453, 33.473554]]}}, {"type": "Feature", "properties": {"name": "", "network": "334107571", "osm_way": 163591168}, "geometry": {"type": "LineString", "coordinates": [[36.573358, 33.481335], [36.57394, 33.4864], [36.577284, 33.490525], [36.586111, 33.491568], [36.592806, 33.49499]]}}, {"type": "Feature", "properties": {"name": "", "network": "334107571", "osm_way": 163591174}, "geometry": {"type": "LineString", "coordinates": [[36.573358, 33.481335], [36.583362, 33.482892], [36.588934, 33.486329], [36.595269, 33.48326]]}}, {"type": "Feature", "properties": {"name": "", "network": "334107571", "osm_way": 163591178}, "geometry": {"type": "LineString", "coordinates": [[36.595491, 33.483371], [36.599048, 33.482534], [36.609056, 33.488367]]}}, {"type": "Feature", "properties": {"name": "", "network": "334107571", "osm_way": 163591181}, "geometry": {"type": "LineString", "coordinates": [[36.592932, 33.495159], [36.600502, 33.498425]]}}, {"type": "Feature", "properties": {"name": "", "network": "334107571", "osm_way": 163591182}, "geometry": {"type": "LineString", "coordinates": [[36.57192, 33.47959], [36.557345, 33.47559], [36.554679, 33.476279], [36.555093, 33.479666], [36.552861, 33.478968], [36.549707, 33.483621], [36.543246, 33.485287]]}}, {"type": "Feature", "properties": {"name": "", "network": "334107571", "osm_way": 163591196}, "geometry": {"type": "LineString", "coordinates": [[36.582493, 33.48061], [36.57965, 33.482243]]}}, {"type": "Feature", "properties": {"name": "", "network": "334107571", "osm_way": 163591198}, "geometry": {"type": "LineString", "coordinates": [[36.573358, 33.481335], [36.57192, 33.47959]]}}, {"type": "Feature", "properties": {"name": "", "network": "334107571", "osm_way": 163591204}, "geometry": {"type": "LineString", "coordinates": [[36.57192, 33.47959], [36.57965, 33.482243]]}}, {"type": "Feature", "properties": {"name": "", "network": "334107571", "osm_way": 163591208}, "geometry": {"type": "LineString", "coordinates": [[36.57965, 33.482243], [36.579672, 33.482355]]}}, {"type": "Feature", "properties": {"name": "River Jordan", "network": "31490214", "osm_way": 165300082}, "geometry": {"type": "LineString", "coordinates": [[35.624775, 32.940672], [35.624862, 32.936347]]}}, {"type": "Feature", "properties": {"name": "River Jordan", "network": "31490214", "osm_way": 165300092}, "geometry": {"type": "LineString", "coordinates": [[35.62489, 32.967426], [35.623796, 32.96362]]}}, {"type": "Feature", "properties": {"name": "", "network": "353651482", "osm_way": 165508987}, "geometry": {"type": "LineString", "coordinates": [[36.354414, 33.49974], [36.368091, 33.497899]]}}, {"type": "Feature", "properties": {"name": "", "network": "353651482", "osm_way": 165602464}, "geometry": {"type": "LineString", "coordinates": [[36.373693, 33.498238], [36.385801, 33.496182]]}}, {"type": "Feature", "properties": {"name": "", "network": "353651482", "osm_way": 165602479}, "geometry": {"type": "LineString", "coordinates": [[36.38714, 33.495678], [36.390681, 33.491069]]}}, {"type": "Feature", "properties": {"name": "", "network": "353651482", "osm_way": 165606353}, "geometry": {"type": "LineString", "coordinates": [[36.368724, 33.497949], [36.373608, 33.498241]]}}, {"type": "Feature", "properties": {"name": "", "network": "353651482", "osm_way": 165606374}, "geometry": {"type": "LineString", "coordinates": [[36.368091, 33.497899], [36.368724, 33.497949]]}}, {"type": "Feature", "properties": {"name": "", "network": "353651482", "osm_way": 166963001}, "geometry": {"type": "LineString", "coordinates": [[36.396857, 33.49907], [36.402072, 33.501615], [36.404441, 33.49805]]}}, {"type": "Feature", "properties": {"name": "", "network": "353651482", "osm_way": 167059485}, "geometry": {"type": "LineString", "coordinates": [[36.435859, 33.505553], [36.433048, 33.504155]]}}, {"type": "Feature", "properties": {"name": "", "network": "334107571", "osm_way": 167059491}, "geometry": {"type": "LineString", "coordinates": [[36.452454, 33.509478], [36.4633, 33.512524]]}}, {"type": "Feature", "properties": {"name": "Berdawni River", "network": "331815211", "osm_way": 168283355}, "geometry": {"type": "LineString", "coordinates": [[35.903858, 33.845152], [35.905175, 33.844879]]}}, {"type": "Feature", "properties": {"name": "", "network": "31490214", "osm_way": 168680010}, "geometry": {"type": "LineString", "coordinates": [[36.111953, 32.601754], [36.111194, 32.601889]]}}, {"type": "Feature", "properties": {"name": "\u0646\u0647\u0631 \u0627\u0644\u064a\u0631\u0645\u0648\u0643", "network": "31490214", "osm_way": 168680011}, "geometry": {"type": "LineString", "coordinates": [[36.145352, 32.596315], [36.14512, 32.598359], [36.142874, 32.598915], [36.133725, 32.595874], [36.134755, 32.590677], [36.127553, 32.592329], [36.125498, 32.587185], [36.12353, 32.586607], [36.117168, 32.589156], [36.119769, 32.602827], [36.114228, 32.598249], [36.111953, 32.601754]]}}, {"type": "Feature", "properties": {"name": "Wadi al Uitm", "network": "1800672525", "osm_way": 168886200}, "geometry": {"type": "LineString", "coordinates": [[35.135951, 29.664152], [35.142367, 29.666483], [35.143161, 29.670734], [35.158675, 29.690793], [35.167022, 29.692955], [35.17818, 29.689991], [35.199551, 29.670193], [35.217361, 29.662213], [35.222211, 29.654083], [35.217833, 29.652778], [35.210323, 29.642111], [35.196612, 29.636665], [35.199315, 29.630454], [35.195239, 29.626519], [35.189981, 29.615793], [35.182815, 29.612566], [35.176163, 29.604376], [35.179017, 29.598256], [35.173641, 29.592909], [35.173695, 29.589393], [35.160799, 29.576891], [35.156207, 29.567952], [35.152066, 29.567382], [35.147163, 29.563267], [35.141175, 29.551365], [35.135007, 29.546319], [35.130587, 29.546132], [35.128183, 29.548372], [35.123978, 29.558675], [35.120802, 29.560953], [35.111704, 29.559123], [35.107616, 29.56239], [35.096662, 29.557742], [35.079861, 29.563939], [35.080179, 29.56674]]}}, {"type": "Feature", "properties": {"name": "", "network": "1702678532", "osm_way": 169336277}, "geometry": {"type": "LineString", "coordinates": [[36.442061, 33.371924], [36.44201, 33.371932]]}}, {"type": "Feature", "properties": {"name": "", "network": "1702678532", "osm_way": 169336278}, "geometry": {"type": "LineString", "coordinates": [[36.442061, 33.371924], [36.442101, 33.371908]]}}, {"type": "Feature", "properties": {"name": "", "network": "1702678532", "osm_way": 169336280}, "geometry": {"type": "LineString", "coordinates": [[36.435674, 33.374896], [36.431622, 33.376784]]}}, {"type": "Feature", "properties": {"name": "", "network": "1702678532", "osm_way": 169336283}, "geometry": {"type": "LineString", "coordinates": [[36.435674, 33.374896], [36.438228, 33.374981]]}}, {"type": "Feature", "properties": {"name": "", "network": "1702678532", "osm_way": 169336284}, "geometry": {"type": "LineString", "coordinates": [[36.447602, 33.370712], [36.446363, 33.371897]]}}, {"type": "Feature", "properties": {"name": "", "network": "1702678532", "osm_way": 169336285}, "geometry": {"type": "LineString", "coordinates": [[36.431622, 33.376784], [36.433593, 33.377635], [36.436344, 33.375788], [36.441572, 33.378365], [36.449026, 33.376572]]}}, {"type": "Feature", "properties": {"name": "", "network": "1702678532", "osm_way": 169336286}, "geometry": {"type": "LineString", "coordinates": [[36.442908, 33.371962], [36.442166, 33.371906]]}}, {"type": "Feature", "properties": {"name": "", "network": "1702678532", "osm_way": 169336289}, "geometry": {"type": "LineString", "coordinates": [[36.44201, 33.371932], [36.435674, 33.374896]]}}, {"type": "Feature", "properties": {"name": "", "network": "1702678532", "osm_way": 169336290}, "geometry": {"type": "LineString", "coordinates": [[36.443005, 33.371975], [36.446228, 33.371969]]}}, {"type": "Feature", "properties": {"name": "", "network": "1702678532", "osm_way": 169336293}, "geometry": {"type": "LineString", "coordinates": [[36.431622, 33.376784], [36.428199, 33.378558]]}}, {"type": "Feature", "properties": {"name": "", "network": "1702678532", "osm_way": 169338520}, "geometry": {"type": "LineString", "coordinates": [[36.417334, 33.382708], [36.418982, 33.381811]]}}, {"type": "Feature", "properties": {"name": "", "network": "1702678532", "osm_way": 169338521}, "geometry": {"type": "LineString", "coordinates": [[36.416652, 33.385279], [36.416521, 33.385338]]}}, {"type": "Feature", "properties": {"name": "", "network": "1702678532", "osm_way": 169338530}, "geometry": {"type": "LineString", "coordinates": [[36.418982, 33.381811], [36.428199, 33.378558]]}}, {"type": "Feature", "properties": {"name": "", "network": "1702678532", "osm_way": 169338534}, "geometry": {"type": "LineString", "coordinates": [[36.416674, 33.385311], [36.416652, 33.385279]]}}, {"type": "Feature", "properties": {"name": "", "network": "1702678532", "osm_way": 169338539}, "geometry": {"type": "LineString", "coordinates": [[36.416379, 33.383344], [36.406196, 33.387504]]}}, {"type": "Feature", "properties": {"name": "", "network": "1702678532", "osm_way": 169338542}, "geometry": {"type": "LineString", "coordinates": [[36.416379, 33.383344], [36.417334, 33.382708]]}}, {"type": "Feature", "properties": {"name": "", "network": "1702678532", "osm_way": 169338545}, "geometry": {"type": "LineString", "coordinates": [[36.416652, 33.385279], [36.416379, 33.383344]]}}, {"type": "Feature", "properties": {"name": "", "network": "31490214", "osm_way": 170990360}, "geometry": {"type": "LineString", "coordinates": [[35.677573, 32.193894], [35.677519, 32.193812]]}}, {"type": "Feature", "properties": {"name": "Zarqa River", "network": "31490214", "osm_way": 172955528}, "geometry": {"type": "LineString", "coordinates": [[35.798199, 32.190327], [35.794729, 32.191402], [35.787995, 32.185599], [35.785339, 32.187989], [35.781241, 32.184864], [35.778992, 32.189498], [35.773819, 32.186158], [35.766943, 32.187487], [35.756773, 32.185127], [35.755126, 32.182858], [35.746034, 32.185162]]}}, {"type": "Feature", "properties": {"name": "Nahal Kishon", "network": "816417790", "osm_way": 178161014}, "geometry": {"type": "LineString", "coordinates": [[35.11157, 32.684097], [35.107158, 32.685784], [35.105752, 32.693959], [35.102799, 32.697986], [35.104055, 32.702495], [35.101009, 32.707358], [35.100541, 32.715339], [35.096935, 32.722371], [35.097694, 32.724905]]}}, {"type": "Feature", "properties": {"name": "Nahal Kishon", "network": "816417790", "osm_way": 178161017}, "geometry": {"type": "LineString", "coordinates": [[35.097987, 32.725196], [35.100073, 32.727877], [35.098528, 32.732498], [35.094039, 32.734422], [35.092492, 32.737179], [35.090279, 32.736716], [35.089802, 32.739556], [35.086911, 32.740525]]}}, {"type": "Feature", "properties": {"name": "Nahal Kishon", "network": "816417790", "osm_way": 178161018}, "geometry": {"type": "LineString", "coordinates": [[35.072671, 32.754294], [35.071897, 32.754495]]}}, {"type": "Feature", "properties": {"name": "Nahal Kishon", "network": "816417790", "osm_way": 178161020}, "geometry": {"type": "LineString", "coordinates": [[35.071897, 32.754495], [35.065731, 32.758605], [35.064151, 32.76214], [35.066466, 32.76493], [35.06414, 32.769407], [35.070396, 32.772628], [35.068662, 32.779151], [35.060417, 32.781508], [35.050182, 32.793394], [35.045834, 32.801627], [35.029412, 32.802445], [35.027879, 32.80484], [35.02857, 32.808887]]}}, {"type": "Feature", "properties": {"name": "Nahal Kishon", "network": "816417790", "osm_way": 178161023}, "geometry": {"type": "LineString", "coordinates": [[35.080822, 32.74821], [35.080788, 32.748857]]}}, {"type": "Feature", "properties": {"name": "Nahal Kishon", "network": "816417790", "osm_way": 178161024}, "geometry": {"type": "LineString", "coordinates": [[35.080711, 32.749014], [35.077349, 32.752921], [35.072924, 32.754226]]}}, {"type": "Feature", "properties": {"name": "", "network": "300868310", "osm_way": 179598817}, "geometry": {"type": "LineString", "coordinates": [[36.168768, 32.144796], [36.164592, 32.14274], [36.158377, 32.145652], [36.155911, 32.144583], [36.152509, 32.148907]]}}, {"type": "Feature", "properties": {"name": "River Jordan", "network": "31490214", "osm_way": 182745393}, "geometry": {"type": "LineString", "coordinates": [[35.568875, 32.190632], [35.564686, 32.186754], [35.561296, 32.190168], [35.558549, 32.188616], [35.55886, 32.186001], [35.562626, 32.183903], [35.558785, 32.179708], [35.560129, 32.173634], [35.558624, 32.172988], [35.553464, 32.176938], [35.552101, 32.170927], [35.556854, 32.170563], [35.556792, 32.166796], [35.553271, 32.166431], [35.549333, 32.168647], [35.547842, 32.166767], [35.551919, 32.163407], [35.549494, 32.160246], [35.55823, 32.159112], [35.558249, 32.155814], [35.555824, 32.153025], [35.560698, 32.150883], [35.557704, 32.144088], [35.554172, 32.143796], [35.551353, 32.146069], [35.548797, 32.141679], [35.545685, 32.144096], [35.543776, 32.142406], [35.543368, 32.139463], [35.545835, 32.135692], [35.55106, 32.134366], [35.545557, 32.130423], [35.551189, 32.128342], [35.54811, 32.125516], [35.549204, 32.122627], [35.544819, 32.118958], [35.54115, 32.112215], [35.532467, 32.107033], [35.539441, 32.092501], [35.543392, 32.090257], [35.543303, 32.086101], [35.546061, 32.082252], [35.540487, 32.08102], [35.537499, 32.075129], [35.533605, 32.076675], [35.533342, 32.074052], [35.536389, 32.072507], [35.534576, 32.068752], [35.530536, 32.068743], [35.531341, 32.064997], [35.528535, 32.064501], [35.531319, 32.06086], [35.528401, 32.057537], [35.530772, 32.0554], [35.52809, 32.053927], [35.529731, 32.05038], [35.523533, 32.0505], [35.522479, 32.048098], [35.519163, 32.047498], [35.519131, 32.044497], [35.523756, 32.044015], [35.518909, 32.035376], [35.522042, 32.031738], [35.520902, 32.029854], [35.523283, 32.029099], [35.52221, 32.02234], [35.529155, 32.018585], [35.522339, 32.013944], [35.523938, 32.011834], [35.527073, 32.015037], [35.52702, 32.009515], [35.528929, 32.008869], [35.525408, 32.002754], [35.529176, 31.999935], [35.532103, 32.001098], [35.531644, 31.998552], [35.533672, 31.999562], [35.532502, 32.001782], [35.534187, 32.001727], [35.535718, 32.000188], [35.534724, 31.997849], [35.538829, 31.995948], [35.535214, 31.992763], [35.537252, 31.991526], [35.534709, 31.988769], [35.537059, 31.988004], [35.536619, 31.986667], [35.532907, 31.986366], [35.541265, 31.978586], [35.54193, 31.976338], [35.53958, 31.976283], [35.541124, 31.973499]]}}, {"type": "Feature", "properties": {"name": "Nahr El Safa", "network": "559220068", "osm_way": 196859508}, "geometry": {"type": "LineString", "coordinates": [[35.650095, 33.719305], [35.636201, 33.713527], [35.611235, 33.710582]]}}, {"type": "Feature", "properties": {"name": "Wadi Mudaysis", "network": "2083748467", "osm_way": 198212527}, "geometry": {"type": "LineString", "coordinates": [[36.812262, 31.067636], [36.816749, 31.069314]]}}, {"type": "Feature", "properties": {"name": "Wadi Mudaysis", "network": "2083748467", "osm_way": 198212528}, "geometry": {"type": "LineString", "coordinates": [[36.819747, 31.067422], [36.816749, 31.069314]]}}, {"type": "Feature", "properties": {"name": "Wadi Mudaysis", "network": "2083748467", "osm_way": 198212529}, "geometry": {"type": "LineString", "coordinates": [[36.811209, 31.062229], [36.812262, 31.067636]]}}, {"type": "Feature", "properties": {"name": "Wadi Mudaysis", "network": "2083748467", "osm_way": 198212531}, "geometry": {"type": "LineString", "coordinates": [[36.812038, 31.060721], [36.811209, 31.062229]]}}, {"type": "Feature", "properties": {"name": "Wadi Mudaysis", "network": "2083748467", "osm_way": 198212532}, "geometry": {"type": "LineString", "coordinates": [[36.796869, 31.060369], [36.804452, 31.061748], [36.807769, 31.063806], [36.808914, 31.067188], [36.812262, 31.067636]]}}, {"type": "Feature", "properties": {"name": "Wadi Mudaysis", "network": "2083748467", "osm_way": 198212533}, "geometry": {"type": "LineString", "coordinates": [[36.803456, 31.050132], [36.804229, 31.053324], [36.808809, 31.056899], [36.808816, 31.060716]]}}, {"type": "Feature", "properties": {"name": "Wadi Mudaysis", "network": "2083748467", "osm_way": 198212534}, "geometry": {"type": "LineString", "coordinates": [[36.798902, 31.049466], [36.805185, 31.058809], [36.811209, 31.062229]]}}, {"type": "Feature", "properties": {"name": "", "network": "334107571", "osm_way": 198592481}, "geometry": {"type": "LineString", "coordinates": [[36.625049, 33.497289], [36.627266, 33.494707]]}}, {"type": "Feature", "properties": {"name": "", "network": "334107571", "osm_way": 198592502}, "geometry": {"type": "LineString", "coordinates": [[36.615706, 33.488417], [36.622265, 33.48546], [36.628853, 33.486735]]}}, {"type": "Feature", "properties": {"name": "", "network": "334107571", "osm_way": 198592520}, "geometry": {"type": "LineString", "coordinates": [[36.62739, 33.497047], [36.624101, 33.49719], [36.624325, 33.494694], [36.620141, 33.494354], [36.620184, 33.49103], [36.612699, 33.486536]]}}, {"type": "Feature", "properties": {"name": "", "network": "1560850554", "osm_way": 199420947}, "geometry": {"type": "LineString", "coordinates": [[36.013615, 33.290242], [36.019491, 33.288804], [36.040114, 33.296362], [36.057064, 33.307667], [36.058288, 33.31105], [36.055434, 33.314116], [36.056785, 33.317225], [36.062807, 33.314996], [36.063014, 33.318223], [36.065226, 33.319414]]}}, {"type": "Feature", "properties": {"name": "", "network": "270528254", "osm_way": 200236732}, "geometry": {"type": "LineString", "coordinates": [[35.874535, 33.13772], [35.880983, 33.132011], [35.87652, 33.119833], [35.879224, 33.113129], [35.877529, 33.111853], [35.880576, 33.107252], [35.890446, 33.098552], [35.910252, 33.090409], [35.910767, 33.087478], [35.914971, 33.083812], [35.913921, 33.077231], [35.922288, 33.070021], [35.92495, 33.070194], [35.928146, 33.065615], [35.925142, 33.050077], [35.918357, 33.041532]]}}, {"type": "Feature", "properties": {"name": "", "network": "2111350013", "osm_way": 201184993}, "geometry": {"type": "LineString", "coordinates": [[36.64308, 33.746639], [36.664512, 33.749808], [36.66775, 33.748054], [36.681741, 33.748197], [36.69262, 33.74462]]}}, {"type": "Feature", "properties": {"name": "River Jordan", "network": "31490214", "osm_way": 201666337}, "geometry": {"type": "LineString", "coordinates": [[35.55496, 32.389017], [35.56339, 32.38385], [35.56177, 32.380443], [35.559171, 32.380922], [35.558841, 32.379329], [35.560373, 32.377741], [35.563023, 32.378693], [35.563978, 32.373356], [35.561017, 32.363397], [35.5565, 32.366868], [35.552906, 32.366233], [35.553946, 32.359047], [35.556971, 32.356799], [35.554687, 32.354842], [35.55959, 32.348289], [35.553839, 32.343476], [35.55739, 32.331302], [35.554698, 32.329742], [35.555255, 32.326053], [35.553056, 32.321909], [35.560212, 32.318156], [35.563774, 32.309687], [35.555065, 32.298299], [35.562369, 32.295077], [35.567765, 32.283659], [35.563388, 32.278652], [35.56268, 32.274588], [35.557455, 32.273209], [35.559633, 32.26479], [35.564911, 32.261243], [35.562401, 32.256888], [35.562658, 32.250909], [35.565504, 32.249205], [35.56692, 32.251183], [35.57108, 32.251054], [35.568912, 32.245777]]}}, {"type": "Feature", "properties": {"name": "", "network": "31490214", "osm_way": 203271446}, "geometry": {"type": "LineString", "coordinates": [[36.007314, 32.70745], [36.008473, 32.707633]]}}, {"type": "Feature", "properties": {"name": "", "network": "31490214", "osm_way": 203271447}, "geometry": {"type": "LineString", "coordinates": [[35.969948, 32.697537], [35.978732, 32.699234], [35.982466, 32.703405], [35.989548, 32.701511], [36.008408, 32.70763], [36.017175, 32.704183]]}}, {"type": "Feature", "properties": {"name": "", "network": "353651482", "osm_way": 204025112}, "geometry": {"type": "LineString", "coordinates": [[36.262154, 33.513607], [36.26506, 33.513223]]}}, {"type": "Feature", "properties": {"name": "", "network": "353651482", "osm_way": 204025114}, "geometry": {"type": "LineString", "coordinates": [[36.262235, 33.513726], [36.267593, 33.513409]]}}, {"type": "Feature", "properties": {"name": "Barada River", "network": "353651482", "osm_way": 204025179}, "geometry": {"type": "LineString", "coordinates": [[36.239117, 33.531278], [36.241693, 33.528461], [36.244549, 33.530228], [36.248843, 33.528081], [36.249398, 33.522463], [36.25716, 33.519987], [36.260917, 33.514034], [36.269579, 33.514601]]}}, {"type": "Feature", "properties": {"name": "Barada River", "network": "353651482", "osm_way": 204025180}, "geometry": {"type": "LineString", "coordinates": [[36.269579, 33.514601], [36.272193, 33.514277]]}}, {"type": "Feature", "properties": {"name": "Barada River", "network": "353651482", "osm_way": 204038122}, "geometry": {"type": "LineString", "coordinates": [[36.290674, 33.51185], [36.291205, 33.511956]]}}, {"type": "Feature", "properties": {"name": "Barada River", "network": "353651482", "osm_way": 204038123}, "geometry": {"type": "LineString", "coordinates": [[36.288675, 33.51161], [36.289269, 33.511775]]}}, {"type": "Feature", "properties": {"name": "Barada River", "network": "353651482", "osm_way": 204038124}, "geometry": {"type": "LineString", "coordinates": [[36.289269, 33.511775], [36.290674, 33.51185]]}}, {"type": "Feature", "properties": {"name": "Barada River", "network": "353651482", "osm_way": 204038125}, "geometry": {"type": "LineString", "coordinates": [[36.277873, 33.511665], [36.288675, 33.51161]]}}, {"type": "Feature", "properties": {"name": "Barada River", "network": "353651482", "osm_way": 204043135}, "geometry": {"type": "LineString", "coordinates": [[36.335975, 33.508277], [36.337882, 33.505791]]}}, {"type": "Feature", "properties": {"name": "Barada River", "network": "353651482", "osm_way": 204043136}, "geometry": {"type": "LineString", "coordinates": [[36.335129, 33.508768], [36.335975, 33.508277]]}}, {"type": "Feature", "properties": {"name": "Barada River", "network": "353651482", "osm_way": 204043137}, "geometry": {"type": "LineString", "coordinates": [[36.336676, 33.512119], [36.337124, 33.511825]]}}, {"type": "Feature", "properties": {"name": "Barada River", "network": "353651482", "osm_way": 204043138}, "geometry": {"type": "LineString", "coordinates": [[36.346918, 33.507962], [36.357023, 33.51048]]}}, {"type": "Feature", "properties": {"name": "", "network": "353651482", "osm_way": 204424572}, "geometry": {"type": "LineString", "coordinates": [[36.264401, 33.517092], [36.271479, 33.517229]]}}, {"type": "Feature", "properties": {"name": "", "network": "353651482", "osm_way": 204424573}, "geometry": {"type": "LineString", "coordinates": [[36.249314, 33.524478], [36.25039, 33.522308], [36.262742, 33.517426]]}}, {"type": "Feature", "properties": {"name": "", "network": "559220103", "osm_way": 211912109}, "geometry": {"type": "LineString", "coordinates": [[35.583767, 33.543534], [35.582974, 33.550645], [35.586153, 33.553616]]}}, {"type": "Feature", "properties": {"name": "", "network": "292876794", "osm_way": 215269419}, "geometry": {"type": "LineString", "coordinates": [[35.757934, 33.89849], [35.754387, 33.897712], [35.743728, 33.881791], [35.738624, 33.879475], [35.730433, 33.8835], [35.716809, 33.882476]]}}, {"type": "Feature", "properties": {"name": "", "network": "292876794", "osm_way": 215269428}, "geometry": {"type": "LineString", "coordinates": [[35.758159, 33.89857], [35.757934, 33.89849]]}}, {"type": "Feature", "properties": {"name": "Nahal Paran", "network": "974851772", "osm_way": 221644463}, "geometry": {"type": "LineString", "coordinates": [[34.711989, 30.115536], [34.718502, 30.123178], [34.72318, 30.122657], [34.725174, 30.127175], [34.735304, 30.129067], [34.732685, 30.139774], [34.734667, 30.144435], [34.749624, 30.151415], [34.752846, 30.160035], [34.763466, 30.164731], [34.765789, 30.170885], [34.772544, 30.178002], [34.768911, 30.182294], [34.769886, 30.188361], [34.776062, 30.192194], [34.781509, 30.191461], [34.794791, 30.220291], [34.806095, 30.223986], [34.810079, 30.227896], [34.811301, 30.231878], [34.809912, 30.239761], [34.812689, 30.244087], [34.816972, 30.246775], [34.83014, 30.24522], [34.834957, 30.247204], [34.831864, 30.251547], [34.820459, 30.253398], [34.817451, 30.259273], [34.824904, 30.263873], [34.826407, 30.272679], [34.832694, 30.277429], [34.847628, 30.283003], [34.853534, 30.291382], [34.852871, 30.29409], [34.848628, 30.295478], [34.850012, 30.299928], [34.853882, 30.301685], [34.856828, 30.300426], [34.864677, 30.307014], [34.876142, 30.311116], [34.882176, 30.327994], [34.898207, 30.337021], [34.908548, 30.330156], [34.920512, 30.340779], [34.932528, 30.338594], [34.937814, 30.330444], [34.951546, 30.323838], [34.960831, 30.327501], [34.967633, 30.332859], [34.973001, 30.330103], [34.974278, 30.324978], [34.979531, 30.323204], [34.989961, 30.324219], [34.991991, 30.32696], [35.00709, 30.317907], [35.019585, 30.317608], [35.031922, 30.323945], [35.040027, 30.338765], [35.050824, 30.348811], [35.10844, 30.362035], [35.161486, 30.39692], [35.164892, 30.40438]]}}, {"type": "Feature", "properties": {"name": "Hasbani River", "network": "31490214", "osm_way": 237412010}, "geometry": {"type": "LineString", "coordinates": [[35.632833, 33.322826], [35.637295, 33.312324], [35.642011, 33.309681], [35.638136, 33.306867], [35.639155, 33.303825], [35.635004, 33.302043], [35.627387, 33.293698], [35.625493, 33.287007], [35.619011, 33.282393], [35.620242, 33.276643], [35.618832, 33.274439], [35.621984, 33.272808], [35.620016, 33.270423], [35.623225, 33.260498], [35.621564, 33.257473]]}}, {"type": "Feature", "properties": {"name": "Barada River", "network": "353651482", "osm_way": 256181002}, "geometry": {"type": "LineString", "coordinates": [[36.272902, 33.514181], [36.274965, 33.513304]]}}, {"type": "Feature", "properties": {"name": "Barada River", "network": "353651482", "osm_way": 256181003}, "geometry": {"type": "LineString", "coordinates": [[36.276949, 33.512495], [36.279823, 33.512946]]}}, {"type": "Feature", "properties": {"name": "Nahr Abou Aali", "network": "559273141", "osm_way": 257040976}, "geometry": {"type": "LineString", "coordinates": [[35.977966, 34.286887], [35.96932, 34.285967], [35.95823, 34.281767], [35.947068, 34.282158], [35.936955, 34.286275], [35.925025, 34.28456]]}}, {"type": "Feature", "properties": {"name": "Wadi Arada", "network": "2301854529", "osm_way": 257734675}, "geometry": {"type": "LineString", "coordinates": [[34.2253, 28.963799], [34.245084, 28.986193], [34.254139, 28.991261], [34.269481, 28.995841], [34.284158, 29.006275], [34.298814, 29.00909], [34.303038, 29.011843]]}}, {"type": "Feature", "properties": {"name": "Wadi Hamra", "network": "2301854529", "osm_way": 257734763}, "geometry": {"type": "LineString", "coordinates": [[34.303038, 29.011843], [34.309542, 29.01866], [34.317181, 29.021493], [34.344154, 29.014401], [34.351535, 29.00864], [34.359989, 29.005731], [34.377113, 29.006463], [34.39739, 29.017271], [34.399193, 29.021887], [34.397283, 29.030762], [34.409122, 29.055578], [34.412384, 29.05473], [34.414916, 29.049618], [34.417566, 29.049759], [34.428123, 29.041003], [34.434056, 29.042663], [34.438272, 29.04823], [34.440445, 29.048488], [34.446904, 29.04211], [34.452209, 29.042452], [34.452456, 29.039873], [34.456774, 29.041031], [34.459494, 29.044356], [34.462842, 29.061356], [34.469976, 29.080785], [34.469236, 29.0883], [34.472878, 29.090902], [34.474284, 29.087243], [34.479112, 29.08668], [34.480185, 29.094799], [34.48733, 29.094387], [34.489647, 29.092456], [34.491171, 29.094143], [34.495527, 29.093956], [34.494089, 29.096899], [34.496493, 29.100237], [34.505419, 29.10198], [34.504561, 29.104661], [34.501235, 29.10363], [34.498531, 29.105055], [34.501363, 29.113079], [34.507329, 29.112254], [34.508058, 29.115554], [34.513551, 29.115516], [34.511677, 29.122451]]}}, {"type": "Feature", "properties": {"name": "Nahal Alexander", "network": "278458156", "osm_way": 274204425}, "geometry": {"type": "LineString", "coordinates": [[34.96425, 32.351281], [34.959282, 32.362873], [34.953116, 32.369088], [34.927051, 32.378643], [34.920588, 32.379183], [34.911761, 32.374498], [34.910034, 32.367427], [34.907012, 32.3668], [34.896945, 32.373118], [34.895238, 32.376237], [34.896832, 32.381601], [34.889922, 32.388545], [34.885728, 32.389166], [34.88604, 32.392644], [34.879434, 32.391981], [34.874299, 32.388637], [34.865597, 32.395924]]}}, {"type": "Feature", "properties": {"name": "Nahal Shikma", "network": "1293858559", "osm_way": 274721380}, "geometry": {"type": "LineString", "coordinates": [[34.731442, 31.547978], [34.731206, 31.549895], [34.725124, 31.549576], [34.724904, 31.552735], [34.722913, 31.552738], [34.72347, 31.550563], [34.72175, 31.551465], [34.720708, 31.555705], [34.716271, 31.557872], [34.709877, 31.55384], [34.704008, 31.553712], [34.699407, 31.557777], [34.697222, 31.555867], [34.69522, 31.557605], [34.692036, 31.557146], [34.691852, 31.560876], [34.686928, 31.558317], [34.687148, 31.560604], [34.680865, 31.561593], [34.675323, 31.55493], [34.675754, 31.549167], [34.662094, 31.547288], [34.659487, 31.541941], [34.653419, 31.544207], [34.652415, 31.542372], [34.648246, 31.543865], [34.645194, 31.54153], [34.637212, 31.543491], [34.627624, 31.550258]]}}, {"type": "Feature", "properties": {"name": "", "network": "1702678532", "osm_way": 294940587}, "geometry": {"type": "LineString", "coordinates": [[36.446228, 33.371969], [36.446363, 33.371897]]}}, {"type": "Feature", "properties": {"name": "", "network": "1702678532", "osm_way": 294940588}, "geometry": {"type": "LineString", "coordinates": [[36.442101, 33.371908], [36.442166, 33.371906]]}}, {"type": "Feature", "properties": {"name": "", "network": "1702678532", "osm_way": 294940589}, "geometry": {"type": "LineString", "coordinates": [[36.442908, 33.371962], [36.443005, 33.371975]]}}, {"type": "Feature", "properties": {"name": "", "network": "1702678532", "osm_way": 295121364}, "geometry": {"type": "LineString", "coordinates": [[36.377463, 33.377542], [36.377122, 33.377397]]}}, {"type": "Feature", "properties": {"name": "Ayalon River", "network": "29942400", "osm_way": 295233260}, "geometry": {"type": "LineString", "coordinates": [[34.827091, 32.026981], [34.823258, 32.03526], [34.81964, 32.036401], [34.815156, 32.034355], [34.807105, 32.034101], [34.790114, 32.041634], [34.785119, 32.050111], [34.78682, 32.061029], [34.792303, 32.067409], [34.793667, 32.074967], [34.797756, 32.080705], [34.802828, 32.09437]]}}, {"type": "Feature", "properties": {"name": "", "network": "334107571", "osm_way": 296216216}, "geometry": {"type": "LineString", "coordinates": [[36.592806, 33.49499], [36.592932, 33.495159]]}}, {"type": "Feature", "properties": {"name": "", "network": "334107571", "osm_way": 296216217}, "geometry": {"type": "LineString", "coordinates": [[36.595269, 33.48326], [36.595491, 33.483371]]}}, {"type": "Feature", "properties": {"name": "", "network": "334107571", "osm_way": 296216219}, "geometry": {"type": "LineString", "coordinates": [[36.609136, 33.488356], [36.609056, 33.488367]]}}, {"type": "Feature", "properties": {"name": "", "network": "334107571", "osm_way": 296216221}, "geometry": {"type": "LineString", "coordinates": [[36.612643, 33.486575], [36.609136, 33.488356]]}}, {"type": "Feature", "properties": {"name": "", "network": "334107571", "osm_way": 296216223}, "geometry": {"type": "LineString", "coordinates": [[36.612699, 33.486536], [36.612643, 33.486575]]}}, {"type": "Feature", "properties": {"name": "Hala-Yahfoufa River", "network": "331815211", "osm_way": 300911170}, "geometry": {"type": "LineString", "coordinates": [[36.165244, 33.834635], [36.156226, 33.840309], [36.156164, 33.843979], [36.152704, 33.845932], [36.154324, 33.848352], [36.152122, 33.851408], [36.1431, 33.852032], [36.14167, 33.854752], [36.137531, 33.855003], [36.134584, 33.859227], [36.123101, 33.859265], [36.118601, 33.864042], [36.111264, 33.862607], [36.10716, 33.855894], [36.104043, 33.857248], [36.08147, 33.854309]]}}, {"type": "Feature", "properties": {"name": "Hala-Yahfoufa River", "network": "331815211", "osm_way": 300929774}, "geometry": {"type": "LineString", "coordinates": [[36.078919, 33.854887], [36.076339, 33.857261], [36.069748, 33.855437], [36.057357, 33.85875], [36.027474, 33.856202]]}}, {"type": "Feature", "properties": {"name": "Hasbani River", "network": "31490214", "osm_way": 301272670}, "geometry": {"type": "LineString", "coordinates": [[35.823023, 33.550853], [35.8203, 33.548343], [35.820174, 33.545193]]}}, {"type": "Feature", "properties": {"name": "Hasbani River", "network": "31490214", "osm_way": 301283890}, "geometry": {"type": "LineString", "coordinates": [[35.87679, 33.599892], [35.859425, 33.592405], [35.85593, 33.588375]]}}, {"type": "Feature", "properties": {"name": "Litani River", "network": "331815211", "osm_way": 301306305}, "geometry": {"type": "LineString", "coordinates": [[35.691507, 33.547958], [35.69144, 33.547073]]}}, {"type": "Feature", "properties": {"name": "Litani River", "network": "331815211", "osm_way": 301306308}, "geometry": {"type": "LineString", "coordinates": [[35.565021, 33.381209], [35.552061, 33.372638], [35.54833, 33.366619], [35.550009, 33.360484], [35.547, 33.357678], [35.546603, 33.353366], [35.541921, 33.349826], [35.542341, 33.346698], [35.539787, 33.346225], [35.540332, 33.344415], [35.544843, 33.344089], [35.543401, 33.342292], [35.540224, 33.342678], [35.543, 33.338118], [35.542059, 33.331646], [35.537828, 33.325772], [35.537601, 33.316438], [35.539326, 33.31231], [35.535019, 33.29867], [35.526978, 33.295683], [35.519794, 33.299829], [35.512048, 33.301612], [35.507536, 33.300011], [35.500817, 33.303288], [35.492319, 33.301574], [35.490115, 33.302441], [35.4902, 33.305573], [35.486163, 33.305146], [35.484234, 33.310777], [35.480894, 33.312242], [35.476719, 33.308803], [35.474729, 33.311817], [35.47248, 33.311616], [35.469138, 33.30729], [35.462367, 33.309022], [35.464573, 33.3118]]}}, {"type": "Feature", "properties": {"name": "", "network": "279361488", "osm_way": 301502728}, "geometry": {"type": "LineString", "coordinates": [[36.462627, 34.223986], [36.457442, 34.227679], [36.441739, 34.231481], [36.440688, 34.234342], [36.437638, 34.235674], [36.431276, 34.235335], [36.425994, 34.239207], [36.423572, 34.238819], [36.423082, 34.241448], [36.413404, 34.241537], [36.410733, 34.239621], [36.40477, 34.242348]]}}, {"type": "Feature", "properties": {"name": "\u0646\u0647\u0631 \u0627\u0644\u0639\u0627\u0635\u064a", "network": "279361488", "osm_way": 301512779}, "geometry": {"type": "LineString", "coordinates": [[36.365797, 34.299871], [36.368419, 34.305263], [36.366801, 34.317098], [36.368528, 34.328397], [36.372113, 34.338017]]}}, {"type": "Feature", "properties": {"name": "", "network": "974851772", "osm_way": 303609080}, "geometry": {"type": "LineString", "coordinates": [[35.52605, 30.71899], [35.51932, 30.720637], [35.517903, 30.724291], [35.510936, 30.726671], [35.510266, 30.729322], [35.50326, 30.729592], [35.484721, 30.734803], [35.489129, 30.737949], [35.484511, 30.741637], [35.483894, 30.744772], [35.486885, 30.747534], [35.488263, 30.75333], [35.494081, 30.758882], [35.48892, 30.765916], [35.481968, 30.766221], [35.472794, 30.770269], [35.464726, 30.78004], [35.45758, 30.793958], [35.444491, 30.795138], [35.441551, 30.802068], [35.435693, 30.802824], [35.432496, 30.806805], [35.408726, 30.811927], [35.408515, 30.824642], [35.397178, 30.831562], [35.394585, 30.836767], [35.392845, 30.8476], [35.394304, 30.850756], [35.393472, 30.863285], [35.391461, 30.867248], [35.387093, 30.869902], [35.386412, 30.874848], [35.378768, 30.88332], [35.374437, 30.89812], [35.374346, 30.900893], [35.379748, 30.908765], [35.392139, 30.921427], [35.395756, 30.922519], [35.396594, 30.925255]]}}, {"type": "Feature", "properties": {"name": "Wadi Aheimar", "network": "3084197973", "osm_way": 303936613}, "geometry": {"type": "LineString", "coordinates": [[35.36177, 30.044984], [35.372554, 30.035667], [35.373721, 30.032362], [35.367079, 30.024825], [35.366933, 30.02311], [35.3693, 30.022547], [35.363068, 30.021345], [35.362016, 30.018707], [35.365634, 30.007306], [35.363841, 30.005581], [35.364719, 30.00385], [35.362554, 30.003152], [35.363752, 29.998669], [35.358294, 29.994771], [35.3602, 29.99393], [35.359982, 29.989569], [35.344496, 29.981832], [35.345449, 29.975161], [35.340429, 29.972061], [35.33802, 29.977559], [35.328663, 29.986733], [35.327481, 29.98537], [35.322709, 29.986141], [35.317468, 29.979375], [35.311162, 29.977359], [35.310579, 29.979077], [35.295684, 29.982965], [35.265093, 29.98605], [35.252808, 29.989319], [35.248483, 29.993198], [35.247417, 29.996699], [35.243476, 29.997057], [35.244852, 29.999664], [35.242936, 30.001023], [35.243048, 30.004089], [35.240779, 30.004815], [35.241222, 30.007425], [35.232808, 30.017811], [35.233106, 30.02282], [35.228132, 30.028003], [35.218277, 30.028773], [35.213773, 30.026719], [35.203652, 30.032098], [35.196475, 30.033526], [35.192353, 30.030874], [35.181307, 30.02912], [35.167939, 30.012549], [35.150381, 30.008491], [35.148032, 30.00588], [35.147871, 30.000018], [35.145768, 29.997518], [35.146451, 29.992561], [35.143621, 29.990025], [35.138995, 29.97561], [35.132299, 29.969613], [35.131316, 29.963505], [35.124473, 29.956725], [35.126939, 29.949208], [35.123699, 29.94277], [35.12011, 29.940214], [35.120378, 29.932162], [35.11849, 29.928322], [35.115657, 29.927025], [35.114762, 29.915806], [35.112369, 29.915174], [35.111307, 29.910542], [35.107031, 29.907115], [35.105363, 29.89967], [35.102107, 29.896145], [35.10171, 29.891541], [35.10363, 29.889267]]}}, {"type": "Feature", "properties": {"name": "", "network": "2657503637", "osm_way": 315643423}, "geometry": {"type": "LineString", "coordinates": [[33.876905, 30.983233], [33.873124, 30.987654]]}}, {"type": "Feature", "properties": {"name": "Nahal Sorek", "network": "33959751", "osm_way": 315644980}, "geometry": {"type": "LineString", "coordinates": [[34.825334, 31.812408], [34.821692, 31.816186], [34.814288, 31.813502], [34.811344, 31.814567], [34.802244, 31.824813], [34.793054, 31.826109], [34.789671, 31.824876], [34.778991, 31.827223], [34.763629, 31.836648], [34.760119, 31.843641], [34.760785, 31.848018], [34.753618, 31.857622], [34.751963, 31.868338], [34.752999, 31.877514], [34.750676, 31.880093], [34.745079, 31.879834], [34.741202, 31.883865], [34.742906, 31.902685], [34.746468, 31.911367], [34.744628, 31.915984], [34.747175, 31.91765], [34.745422, 31.921823]]}}, {"type": "Feature", "properties": {"name": "", "network": "353651482", "osm_way": 318161312}, "geometry": {"type": "LineString", "coordinates": [[36.298196, 33.512775], [36.300084, 33.512814]]}}, {"type": "Feature", "properties": {"name": "", "network": "353651482", "osm_way": 318161313}, "geometry": {"type": "LineString", "coordinates": [[36.292558, 33.51345], [36.297772, 33.512915]]}}, {"type": "Feature", "properties": {"name": "", "network": "353651482", "osm_way": 318161314}, "geometry": {"type": "LineString", "coordinates": [[36.297772, 33.512915], [36.298196, 33.512775]]}}, {"type": "Feature", "properties": {"name": "Barada River", "network": "353651482", "osm_way": 319923511}, "geometry": {"type": "LineString", "coordinates": [[36.301456, 33.51281], [36.306413, 33.513651]]}}, {"type": "Feature", "properties": {"name": "", "network": "1702678532", "osm_way": 320798434}, "geometry": {"type": "LineString", "coordinates": [[36.475106, 33.368192], [36.484394, 33.365445]]}}, {"type": "Feature", "properties": {"name": "", "network": "1702678532", "osm_way": 320798442}, "geometry": {"type": "LineString", "coordinates": [[36.475013, 33.368295], [36.475106, 33.368192]]}}, {"type": "Feature", "properties": {"name": "Wadi Uqabah", "network": "2657503637", "osm_way": 335221753}, "geometry": {"type": "LineString", "coordinates": [[34.207553, 29.774651], [34.195676, 29.788589], [34.191084, 29.798533], [34.18999, 29.80626], [34.183826, 29.813666], [34.17233, 29.843361], [34.166751, 29.84686], [34.153447, 29.850434], [34.133105, 29.870085], [34.130316, 29.882179], [34.100447, 29.890885], [34.090662, 29.900707], [34.081263, 29.903647], [34.073911, 29.908531], [34.060493, 29.90971], [34.055471, 29.925965], [34.041781, 29.932734], [34.035559, 29.94166], [34.025903, 29.949803], [33.995937, 29.961246], [33.984682, 29.980606], [33.986034, 29.985587], [33.984618, 29.993931], [33.980488, 29.997908], [33.981335, 30.002647], [33.976228, 30.015654], [33.959169, 30.037279], [33.958762, 30.041941], [33.955565, 30.044746], [33.955028, 30.052008], [33.95005, 30.057264], [33.942561, 30.058471], [33.933978, 30.066049], [33.932562, 30.069744], [33.921168, 30.080755], [33.919473, 30.088145], [33.914988, 30.090744], [33.907063, 30.102442]]}}, {"type": "Feature", "properties": {"name": "", "network": "2111350013", "osm_way": 354300917}, "geometry": {"type": "LineString", "coordinates": [[36.705151, 33.74087], [36.70536, 33.740821]]}}, {"type": "Feature", "properties": {"name": "", "network": "2111350013", "osm_way": 354300918}, "geometry": {"type": "LineString", "coordinates": [[36.70536, 33.740821], [36.707147, 33.739436], [36.705645, 33.735439], [36.708906, 33.732745], [36.711695, 33.723019], [36.7094, 33.72052], [36.715712, 33.713685], [36.716651, 33.708276], [36.711244, 33.69628], [36.706138, 33.69162], [36.707406, 33.682144], [36.700947, 33.678573], [36.702362, 33.668961]]}}, {"type": "Feature", "properties": {"name": "", "network": "2111350013", "osm_way": 354300987}, "geometry": {"type": "LineString", "coordinates": [[36.697151, 33.744115], [36.697364, 33.743989]]}}, {"type": "Feature", "properties": {"name": "", "network": "2111350013", "osm_way": 354300988}, "geometry": {"type": "LineString", "coordinates": [[36.697364, 33.743989], [36.698769, 33.743198]]}}, {"type": "Feature", "properties": {"name": "", "network": "2111350013", "osm_way": 354301245}, "geometry": {"type": "LineString", "coordinates": [[36.693066, 33.744555], [36.697151, 33.744115]]}}, {"type": "Feature", "properties": {"name": "", "network": "2111350013", "osm_way": 354301246}, "geometry": {"type": "LineString", "coordinates": [[36.69262, 33.74462], [36.693066, 33.744555]]}}, {"type": "Feature", "properties": {"name": "", "network": "2111350013", "osm_way": 354301926}, "geometry": {"type": "LineString", "coordinates": [[36.698769, 33.743198], [36.699034, 33.743039]]}}, {"type": "Feature", "properties": {"name": "", "network": "2111350013", "osm_way": 354301928}, "geometry": {"type": "LineString", "coordinates": [[36.699034, 33.743039], [36.705151, 33.74087]]}}, {"type": "Feature", "properties": {"name": "Wadi Safra", "network": "3653988921", "osm_way": 360840174}, "geometry": {"type": "LineString", "coordinates": [[35.694712, 30.867824], [35.696731, 30.870341], [35.69356, 30.872542], [35.696117, 30.878491], [35.693413, 30.879077], [35.692862, 30.88335], [35.696508, 30.889547], [35.701268, 30.892136], [35.699529, 30.895791], [35.701512, 30.896999], [35.698164, 30.899069], [35.700096, 30.899343], [35.69931, 30.904213], [35.705196, 30.910528], [35.704544, 30.912773], [35.707449, 30.915249], [35.707005, 30.917277], [35.711043, 30.920643], [35.714857, 30.93284], [35.713963, 30.93893], [35.710711, 30.941439], [35.703613, 30.959615], [35.69625, 30.966165], [35.695439, 30.96898], [35.686944, 30.97194]]}}, {"type": "Feature", "properties": {"name": "Nahal Zin", "network": "344380665", "osm_way": 361418449}, "geometry": {"type": "LineString", "coordinates": [[34.737966, 30.584913], [34.735338, 30.588061], [34.735514, 30.595053], [34.743397, 30.603831], [34.744701, 30.609657]]}}, {"type": "Feature", "properties": {"name": "", "network": "3660310924", "osm_way": 361576686}, "geometry": {"type": "LineString", "coordinates": [[35.14002, 29.363006], [35.132355, 29.370316], [35.123911, 29.372489], [35.107015, 29.354025], [35.098483, 29.349739], [35.096627, 29.353836], [35.085395, 29.35684], [35.086287, 29.359445], [35.081442, 29.361945], [35.079827, 29.365222], [35.072018, 29.368876], [35.060232, 29.370935], [35.053459, 29.382088], [35.048462, 29.384344]]}}, {"type": "Feature", "properties": {"name": "", "network": "1631330172", "osm_way": 369934430}, "geometry": {"type": "LineString", "coordinates": [[36.577066, 34.490483], [36.581658, 34.4876], [36.589854, 34.488007], [36.593652, 34.4902], [36.599253, 34.487175], [36.617234, 34.49402], [36.620711, 34.49234], [36.62865, 34.493595], [36.634229, 34.496372], [36.638306, 34.496231], [36.639465, 34.498123], [36.648713, 34.497309], [36.658991, 34.50173], [36.662102, 34.499254], [36.670814, 34.500528], [36.673368, 34.498034], [36.674119, 34.501076], [36.679354, 34.499962], [36.684314, 34.505751], [36.692658, 34.501235], [36.699825, 34.501518], [36.71403, 34.493454], [36.71742, 34.49448], [36.72345, 34.48905], [36.723085, 34.486539], [36.727677, 34.477518], [36.725982, 34.474918], [36.733599, 34.472052], [36.735895, 34.468956], [36.73538, 34.465471], [36.739157, 34.464551], [36.739629, 34.462499], [36.744993, 34.462764], [36.75191, 34.453307]]}}, {"type": "Feature", "properties": {"name": "", "network": "353651482", "osm_way": 370402565}, "geometry": {"type": "LineString", "coordinates": [[36.371693, 33.518726], [36.371674, 33.51887]]}}, {"type": "Feature", "properties": {"name": "Wadi al Qariya", "network": "2657503637", "osm_way": 377736261}, "geometry": {"type": "LineString", "coordinates": [[34.272387, 30.062854], [34.259448, 30.059734], [34.251788, 30.06187], [34.248483, 30.066253], [34.248998, 30.076206], [34.246402, 30.0781], [34.234857, 30.073328], [34.227562, 30.065064], [34.219859, 30.06382], [34.213808, 30.068054], [34.204967, 30.08044], [34.199259, 30.080662], [34.191891, 30.08779], [34.175475, 30.096785], [34.174305, 30.103063], [34.18379, 30.113478], [34.182476, 30.118642], [34.173438, 30.124836], [34.176907, 30.128951], [34.179983, 30.139672], [34.177636, 30.142773], [34.165194, 30.14706], [34.165563, 30.155714], [34.155568, 30.175081], [34.159627, 30.184717], [34.159326, 30.191728], [34.156022, 30.201149], [34.162931, 30.220175], [34.166193, 30.224476], [34.168253, 30.242533], [34.15658, 30.252728], [34.143019, 30.261328], [34.136066, 30.271262], [34.13156, 30.283492], [34.119587, 30.291386], [34.101047, 30.3231], [34.073036, 30.340179]]}}, {"type": "Feature", "properties": {"name": "Wadi Al-Seeq", "network": "3885853240", "osm_way": 385229902}, "geometry": {"type": "LineString", "coordinates": [[35.31753, 30.071879], [35.312981, 30.066786], [35.312765, 30.061916], [35.308713, 30.055479], [35.292491, 30.056081], [35.28889, 30.052505], [35.282613, 30.053868], [35.280867, 30.058141], [35.276728, 30.05718], [35.267674, 30.060831], [35.262985, 30.057693], [35.25282, 30.060996], [35.238668, 30.059419], [35.23247, 30.061089], [35.220452, 30.051564], [35.213822, 30.051902], [35.203292, 30.048364], [35.198214, 30.053544], [35.191229, 30.055634], [35.186401, 30.050559], [35.170707, 30.048916], [35.134773, 30.052052], [35.131602, 30.054585], [35.115383, 30.052157]]}}, {"type": "Feature", "properties": {"name": "Wadi al Girafi", "network": "974851772", "osm_way": 390822081}, "geometry": {"type": "LineString", "coordinates": [[34.720557, 30.04581], [34.723383, 30.051989], [34.718441, 30.067612], [34.722379, 30.080496]]}}, {"type": "Feature", "properties": {"name": "Wadi al Bayda", "network": "2657503637", "osm_way": 390822087}, "geometry": {"type": "LineString", "coordinates": [[34.414746, 30.00329], [34.406875, 30.00163], [34.400882, 30.004457], [34.395197, 30.012416], [34.387074, 30.014088], [34.382395, 30.018091], [34.378577, 30.025318], [34.366053, 30.032801], [34.358325, 30.031724], [34.355214, 30.037947], [34.331524, 30.034622], [34.325881, 30.034994], [34.3191, 30.03869], [34.313071, 30.037371], [34.305754, 30.03895], [34.296935, 30.044969], [34.277623, 30.051005], [34.278138, 30.059103], [34.272387, 30.062854]]}}, {"type": "Feature", "properties": {"name": "", "network": "279361488", "osm_way": 391456438}, "geometry": {"type": "LineString", "coordinates": [[36.501908, 34.576482], [36.499708, 34.566302], [36.494695, 34.558198], [36.491352, 34.547619], [36.492174, 34.540045], [36.488691, 34.532896], [36.488664, 34.528425]]}}, {"type": "Feature", "properties": {"name": "", "network": "3967112142", "osm_way": 393514264}, "geometry": {"type": "LineString", "coordinates": [[37.588032, 34.654804], [37.594148, 34.650996], [37.606549, 34.651031], [37.610796, 34.645138], [37.616162, 34.642599], [37.613571, 34.638907], [37.614633, 34.63391], [37.61023, 34.632839], [37.60982, 34.628284], [37.600646, 34.622005], [37.589448, 34.619791], [37.586999, 34.615108], [37.588669, 34.608804], [37.587041, 34.598714], [37.590326, 34.59185], [37.586022, 34.582969], [37.586999, 34.567769], [37.581464, 34.560296], [37.583403, 34.555586], [37.588245, 34.552787]]}}, {"type": "Feature", "properties": {"name": "", "network": "3967314177", "osm_way": 393527875}, "geometry": {"type": "LineString", "coordinates": [[37.186454, 34.13382], [37.200881, 34.135651], [37.208259, 34.145118], [37.208624, 34.148604], [37.212731, 34.151847], [37.213167, 34.154856], [37.218509, 34.159258], [37.224146, 34.160008], [37.224193, 34.164769], [37.232866, 34.167116], [37.233654, 34.170971], [37.237949, 34.176122], [37.244363, 34.175323], [37.24634, 34.18317], [37.252529, 34.192398], [37.259143, 34.193089], [37.265172, 34.199192], [37.265861, 34.206414], [37.274756, 34.219179], [37.277108, 34.230066], [37.296465, 34.246437], [37.296195, 34.249186], [37.304075, 34.256616], [37.31124, 34.261386]]}}, {"type": "Feature", "properties": {"name": "", "network": "3967326137", "osm_way": 393528853}, "geometry": {"type": "LineString", "coordinates": [[37.123524, 34.043728], [37.128725, 34.051468], [37.137007, 34.055134], [37.142306, 34.055287], [37.16502, 34.071306], [37.178158, 34.074175], [37.181128, 34.079217], [37.195707, 34.083362], [37.201968, 34.091537], [37.201044, 34.093558], [37.209671, 34.100589]]}}, {"type": "Feature", "properties": {"name": "", "network": "3967326137", "osm_way": 393528854}, "geometry": {"type": "LineString", "coordinates": [[37.127424, 34.014393], [37.131897, 34.014276], [37.136994, 34.011154], [37.143676, 34.012844], [37.159786, 34.028039], [37.171508, 34.033401], [37.189119, 34.035559], [37.192007, 34.039876], [37.205824, 34.038645], [37.210751, 34.042915], [37.214856, 34.05], [37.215278, 34.055256], [37.212678, 34.060229], [37.213047, 34.066089], [37.207255, 34.073511], [37.207304, 34.08083], [37.210607, 34.083259], [37.212394, 34.089833], [37.212628, 34.094252], [37.209671, 34.100589], [37.212, 34.104131], [37.210743, 34.10511], [37.217422, 34.114916], [37.22319, 34.118294], [37.229512, 34.118304], [37.234442, 34.121752], [37.235859, 34.12416], [37.234319, 34.130363], [37.236328, 34.135739]]}}, {"type": "Feature", "properties": {"name": "River Jordan", "network": "31490214", "osm_way": 397987681}, "geometry": {"type": "LineString", "coordinates": [[35.561274, 32.543178], [35.562405, 32.542178]]}}, {"type": "Feature", "properties": {"name": "River Jordan", "network": "31490214", "osm_way": 397987683}, "geometry": {"type": "LineString", "coordinates": [[35.575957, 32.584966], [35.577341, 32.579284]]}}, {"type": "Feature", "properties": {"name": "River Jordan", "network": "31490214", "osm_way": 397987684}, "geometry": {"type": "LineString", "coordinates": [[35.572497, 32.613127], [35.572545, 32.611434]]}}, {"type": "Feature", "properties": {"name": "", "network": "353651482", "osm_way": 414652206}, "geometry": {"type": "LineString", "coordinates": [[36.420984, 33.502897], [36.429844, 33.501702], [36.433048, 33.504155]]}}, {"type": "Feature", "properties": {"name": "Wadi al Qureis", "network": "2657503637", "osm_way": 415176311}, "geometry": {"type": "LineString", "coordinates": [[34.211093, 29.580782], [34.209902, 29.586072], [34.211233, 29.590046], [34.214129, 29.592398], [34.223743, 29.594637], [34.225365, 29.597511]]}}, {"type": "Feature", "properties": {"name": "Wadi Umm Rujm", "network": "2657503637", "osm_way": 415176343}, "geometry": {"type": "LineString", "coordinates": [[34.327694, 29.471006], [34.326482, 29.475293], [34.319658, 29.479318], [34.321246, 29.487369], [34.31836, 29.498033], [34.314187, 29.500461], [34.306097, 29.501171], [34.292536, 29.512563], [34.287772, 29.506886], [34.284296, 29.506363], [34.285669, 29.511442], [34.284511, 29.514654], [34.2767, 29.512899], [34.273052, 29.520704], [34.267044, 29.518127], [34.262195, 29.520032], [34.256444, 29.525222], [34.261036, 29.528919], [34.262087, 29.533269], [34.254384, 29.538067]]}}, {"type": "Feature", "properties": {"name": "Nahal HaBsor", "network": "332110084", "osm_way": 428313620}, "geometry": {"type": "LineString", "coordinates": [[34.436157, 31.398197], [34.436144, 31.398491]]}}, {"type": "Feature", "properties": {"name": "Nahal HaBsor", "network": "332110084", "osm_way": 428313623}, "geometry": {"type": "LineString", "coordinates": [[34.436144, 31.398491], [34.43582, 31.399396]]}}, {"type": "Feature", "properties": {"name": "Nahal HaBsor", "network": "332110084", "osm_way": 428313657}, "geometry": {"type": "LineString", "coordinates": [[34.43582, 31.399396], [34.434141, 31.401499]]}}, {"type": "Feature", "properties": {"name": "Nahal Arava", "network": "974851772", "osm_way": 435547678}, "geometry": {"type": "LineString", "coordinates": [[35.44502, 31.078165], [35.449033, 31.087749], [35.451564, 31.088277], [35.454435, 31.093891], [35.458381, 31.107275], [35.455608, 31.114725], [35.459586, 31.135555], [35.455134, 31.155842], [35.444137, 31.176525], [35.402069, 31.229026], [35.40003, 31.235383], [35.393642, 31.242815], [35.392498, 31.247927], [35.393053, 31.25416], [35.396113, 31.259597], [35.394262, 31.260884], [35.398464, 31.263277], [35.396102, 31.269076], [35.396306, 31.275439], [35.400298, 31.277566], [35.406365, 31.290311], [35.408761, 31.290903], [35.40822, 31.294503], [35.41123, 31.294444], [35.413359, 31.296652], [35.412765, 31.300224], [35.410027, 31.301054], [35.410444, 31.307614], [35.42338, 31.319873], [35.429003, 31.322613], [35.429751, 31.331091]]}}, {"type": "Feature", "properties": {"name": "Nahal Arava", "network": "974851772", "osm_way": 435560965}, "geometry": {"type": "LineString", "coordinates": [[35.249529, 30.65083], [35.256632, 30.665085], [35.256865, 30.667676], [35.253923, 30.671581], [35.255277, 30.676636], [35.271191, 30.688295], [35.276686, 30.705834], [35.287275, 30.717751], [35.290159, 30.727032], [35.289239, 30.729781], [35.29484, 30.736199], [35.294844, 30.745024], [35.291364, 30.754747], [35.295026, 30.762569], [35.297734, 30.777907], [35.305185, 30.7821], [35.307618, 30.792131], [35.319444, 30.80698], [35.338026, 30.819109], [35.339765, 30.82534], [35.335429, 30.833541], [35.332155, 30.852466], [35.334336, 30.862371], [35.333391, 30.866709], [35.340008, 30.882862], [35.346145, 30.885855], [35.349329, 30.89024], [35.352196, 30.903595], [35.356533, 30.908068], [35.359979, 30.917966], [35.364675, 30.924741], [35.377771, 30.928259], [35.395693, 30.92483], [35.4027, 30.92832], [35.406002, 30.932823], [35.409597, 30.933672], [35.409435, 30.938717], [35.424733, 30.956323], [35.423669, 30.959423], [35.427133, 30.964758], [35.425051, 30.970439], [35.429381, 30.97936], [35.428502, 30.984336], [35.433273, 30.992072], [35.43334, 30.99818], [35.437873, 31.002409], [35.436981, 31.014034], [35.434433, 31.014803]]}}, {"type": "Feature", "properties": {"name": "Nahal Sorek", "network": "33959751", "osm_way": 439666786}, "geometry": {"type": "LineString", "coordinates": [[34.745422, 31.921823], [34.732975, 31.933738], [34.725, 31.934596], [34.721521, 31.940325], [34.710156, 31.939119], [34.707983, 31.942515]]}}, {"type": "Feature", "properties": {"name": "", "network": "4537936164", "osm_way": 457683756}, "geometry": {"type": "LineString", "coordinates": [[36.427068, 34.283029], [36.427642, 34.283911]]}}, {"type": "Feature", "properties": {"name": "", "network": "4537936164", "osm_way": 457683766}, "geometry": {"type": "LineString", "coordinates": [[36.418872, 34.274776], [36.421962, 34.279395]]}}, {"type": "Feature", "properties": {"name": "", "network": "4537936164", "osm_way": 457683770}, "geometry": {"type": "LineString", "coordinates": [[36.418469, 34.276691], [36.41929, 34.278725]]}}, {"type": "Feature", "properties": {"name": "", "network": "4537936164", "osm_way": 457683872}, "geometry": {"type": "LineString", "coordinates": [[36.4187, 34.273756], [36.418882, 34.278446], [36.424724, 34.285693]]}}, {"type": "Feature", "properties": {"name": "", "network": "1133097044", "osm_way": 457683874}, "geometry": {"type": "LineString", "coordinates": [[36.426875, 34.258612], [36.416038, 34.261284], [36.415767, 34.266023]]}}, {"type": "Feature", "properties": {"name": "", "network": "4537936164", "osm_way": 457683876}, "geometry": {"type": "LineString", "coordinates": [[36.424499, 34.281571], [36.427921, 34.284306], [36.432206, 34.297213]]}}, {"type": "Feature", "properties": {"name": "", "network": "4537936164", "osm_way": 458534973}, "geometry": {"type": "LineString", "coordinates": [[36.43416, 34.301582], [36.442858, 34.309893], [36.442566, 34.316853], [36.444189, 34.319439], [36.441328, 34.324475], [36.443528, 34.330953], [36.453162, 34.343392], [36.462711, 34.347653], [36.464766, 34.350292]]}}, {"type": "Feature", "properties": {"name": "", "network": "4572051784", "osm_way": 461741310}, "geometry": {"type": "LineString", "coordinates": [[36.551851, 34.365593], [36.55133, 34.36676]]}}, {"type": "Feature", "properties": {"name": "", "network": "4572051784", "osm_way": 461741311}, "geometry": {"type": "LineString", "coordinates": [[36.551815, 34.365671], [36.55108, 34.366795]]}}, {"type": "Feature", "properties": {"name": "", "network": "4572051784", "osm_way": 461741312}, "geometry": {"type": "LineString", "coordinates": [[36.544874, 34.372538], [36.54206, 34.373528]]}}, {"type": "Feature", "properties": {"name": "", "network": "4572051784", "osm_way": 461741313}, "geometry": {"type": "LineString", "coordinates": [[36.548559, 34.369563], [36.534818, 34.376791]]}}, {"type": "Feature", "properties": {"name": "", "network": "4572051784", "osm_way": 461741314}, "geometry": {"type": "LineString", "coordinates": [[36.549707, 34.368815], [36.548559, 34.369563]]}}, {"type": "Feature", "properties": {"name": "", "network": "4572051784", "osm_way": 461741315}, "geometry": {"type": "LineString", "coordinates": [[36.55133, 34.36676], [36.550635, 34.367805]]}}, {"type": "Feature", "properties": {"name": "", "network": "4572051784", "osm_way": 461741317}, "geometry": {"type": "LineString", "coordinates": [[36.559236, 34.339282], [36.555108, 34.340392], [36.553653, 34.34414], [36.553226, 34.351427], [36.555282, 34.357003], [36.551955, 34.363869]]}}, {"type": "Feature", "properties": {"name": "", "network": "4572051784", "osm_way": 461741318}, "geometry": {"type": "LineString", "coordinates": [[36.551955, 34.363869], [36.551815, 34.365671]]}}, {"type": "Feature", "properties": {"name": "", "network": "4572051784", "osm_way": 461741319}, "geometry": {"type": "LineString", "coordinates": [[36.578652, 34.336683], [36.575615, 34.340092], [36.570917, 34.3397], [36.564559, 34.343553], [36.558517, 34.357957], [36.552578, 34.364929]]}}, {"type": "Feature", "properties": {"name": "", "network": "353651482", "osm_way": 463903484}, "geometry": {"type": "LineString", "coordinates": [[36.366278, 33.514595], [36.367131, 33.514839]]}}, {"type": "Feature", "properties": {"name": "", "network": "4572051784", "osm_way": 464939439}, "geometry": {"type": "LineString", "coordinates": [[36.548291, 34.342965], [36.549673, 34.346671]]}}, {"type": "Feature", "properties": {"name": "", "network": "4572051784", "osm_way": 464939440}, "geometry": {"type": "LineString", "coordinates": [[36.549673, 34.346671], [36.550323, 34.349743], [36.54735, 34.357669], [36.551059, 34.364577]]}}, {"type": "Feature", "properties": {"name": "", "network": "4572051784", "osm_way": 467303865}, "geometry": {"type": "LineString", "coordinates": [[36.542728, 34.37299], [36.540539, 34.373743]]}}, {"type": "Feature", "properties": {"name": "Beirut River", "network": "292876794", "osm_way": 480587400}, "geometry": {"type": "LineString", "coordinates": [[35.529798, 33.877344], [35.532406, 33.883072]]}}, {"type": "Feature", "properties": {"name": "Beirut River", "network": "292876794", "osm_way": 480588602}, "geometry": {"type": "LineString", "coordinates": [[35.529624, 33.875133], [35.529798, 33.877344]]}}, {"type": "Feature", "properties": {"name": "Beirut River", "network": "292876794", "osm_way": 480989960}, "geometry": {"type": "LineString", "coordinates": [[35.53538, 33.892645], [35.536795, 33.895078]]}}, {"type": "Feature", "properties": {"name": "Beirut River", "network": "292876794", "osm_way": 480991281}, "geometry": {"type": "LineString", "coordinates": [[35.536795, 33.895078], [35.538341, 33.899641]]}}, {"type": "Feature", "properties": {"name": "Beirut River", "network": "292876794", "osm_way": 481059827}, "geometry": {"type": "LineString", "coordinates": [[35.539176, 33.901988], [35.542097, 33.90518]]}}, {"type": "Feature", "properties": {"name": "Nahal Shikma", "network": "1294163113", "osm_way": 492428510}, "geometry": {"type": "LineString", "coordinates": [[34.620893, 31.55032], [34.616097, 31.551039], [34.617301, 31.555297], [34.613332, 31.554588], [34.608877, 31.55707], [34.608001, 31.561456], [34.60009, 31.561406], [34.593534, 31.564941], [34.595799, 31.560619], [34.591679, 31.558154], [34.590509, 31.553652], [34.582245, 31.555554], [34.583644, 31.556775], [34.577247, 31.564451], [34.571091, 31.56407], [34.568369, 31.56603], [34.561583, 31.563284], [34.560132, 31.567013], [34.553457, 31.568787], [34.548417, 31.572602], [34.549837, 31.576336], [34.546105, 31.576026], [34.54298, 31.578572]]}}, {"type": "Feature", "properties": {"name": "Nahal Yarkon", "network": "29942421", "osm_way": 492573681}, "geometry": {"type": "LineString", "coordinates": [[34.912093, 32.119967], [34.910978, 32.121204], [34.913905, 32.123046], [34.911684, 32.127055], [34.907937, 32.126446], [34.907213, 32.123092], [34.903343, 32.124712], [34.900074, 32.122606], [34.89761, 32.126009], [34.891387, 32.12278], [34.880217, 32.127257], [34.879716, 32.125219], [34.876218, 32.124222], [34.874802, 32.120103], [34.871432, 32.126431], [34.868704, 32.12438], [34.869912, 32.121599], [34.865669, 32.123303], [34.867878, 32.121744], [34.867192, 32.119854], [34.861575, 32.116353], [34.861184, 32.1114], [34.859417, 32.110857], [34.861062, 32.109747], [34.857618, 32.110848], [34.858148, 32.107725], [34.854984, 32.108058], [34.853552, 32.106201], [34.852282, 32.108467], [34.850394, 32.106376], [34.842697, 32.108414], [34.835937, 32.105169], [34.826842, 32.105379]]}}, {"type": "Feature", "properties": {"name": "", "network": "1334311136", "osm_way": 508475739}, "geometry": {"type": "LineString", "coordinates": [[36.776791, 32.734377], [36.780846, 32.744182], [36.786749, 32.74725], [36.793268, 32.745934], [36.80351, 32.751054], [36.804767, 32.756423], [36.806887, 32.757574], [36.806036, 32.759273], [36.814454, 32.763326], [36.826729, 32.77603], [36.829908, 32.775575], [36.833716, 32.779025], [36.839509, 32.779626], [36.849393, 32.784102], [36.881805, 32.776891], [36.890408, 32.771057], [36.91073, 32.770186], [36.914477, 32.766683], [36.916572, 32.758496], [36.922759, 32.753905], [36.940345, 32.748277], [36.945977, 32.752371], [36.955332, 32.755076], [36.956897, 32.758527], [36.962665, 32.759045], [36.962825, 32.762921], [36.971538, 32.767647], [36.977158, 32.766466], [36.98486, 32.769295], [36.989235, 32.768424], [36.99451, 32.772518], [37.003815, 32.768217], [37.017027, 32.775274], [37.022634, 32.775067], [37.028266, 32.778403], [37.04027, 32.770943], [37.045434, 32.773854], [37.050672, 32.773492], [37.053605, 32.781346], [37.071529, 32.787126], [37.08022, 32.784402], [37.091807, 32.789003], [37.101174, 32.785851], [37.117664, 32.787724], [37.12438, 32.783677], [37.12168, 32.778988], [37.134349, 32.777593], [37.138999, 32.77453], [37.145406, 32.775501], [37.151407, 32.772575], [37.154253, 32.776089], [37.164156, 32.776622], [37.168986, 32.783267], [37.174597, 32.78391], [37.177507, 32.781982], [37.191525, 32.78823], [37.199835, 32.803458], [37.203315, 32.807012], [37.210178, 32.809281], [37.215723, 32.821253], [37.225952, 32.822401], [37.22883, 32.826664], [37.247629, 32.829807], [37.252377, 32.837432], [37.264378, 32.844277], [37.269973, 32.851026], [37.27555, 32.85328], [37.275404, 32.860984], [37.278786, 32.865642], [37.285112, 32.866612], [37.285782, 32.873953]]}}, {"type": "Feature", "properties": {"name": "", "network": "1334311136", "osm_way": 508475772}, "geometry": {"type": "LineString", "coordinates": [[37.037904, 32.771523], [37.030598, 32.770852], [37.024678, 32.766928], [37.018678, 32.766449], [37.016791, 32.757383], [37.002643, 32.749902], [37.002204, 32.748001], [37.005245, 32.745881], [37.003749, 32.743679], [36.995618, 32.743952], [36.99635, 32.740847], [36.99048, 32.734815], [36.989325, 32.730875], [36.986154, 32.730424], [36.981275, 32.724897], [36.983991, 32.719684]]}}, {"type": "Feature", "properties": {"name": "", "network": "4978001819", "osm_way": 508499292}, "geometry": {"type": "LineString", "coordinates": [[37.329244, 33.081124], [37.32448, 33.071639], [37.331784, 33.067678], [37.333316, 33.062278], [37.332176, 33.056751], [37.33468, 33.049784], [37.320259, 33.045666], [37.303895, 33.029254], [37.30141, 33.02429], [37.302625, 33.015581], [37.310134, 33.010005], [37.310918, 33.006182], [37.314206, 33.005697], [37.321734, 32.999806], [37.323583, 32.986379]]}}, {"type": "Feature", "properties": {"name": "", "network": "4978001819", "osm_way": 508500070}, "geometry": {"type": "LineString", "coordinates": [[37.333889, 33.014971], [37.33567, 32.995608], [37.323583, 32.986379]]}}, {"type": "Feature", "properties": {"name": "Wadi al Hasha", "network": "974851772", "osm_way": 513298840}, "geometry": {"type": "LineString", "coordinates": [[34.69094, 30.000563], [34.698772, 30.016769]]}}, {"type": "Feature", "properties": {"name": "Nahal Arava", "network": "974851772", "osm_way": 513954768}, "geometry": {"type": "LineString", "coordinates": [[35.160928, 30.448886], [35.169564, 30.453918], [35.175546, 30.470781], [35.174628, 30.475012], [35.181715, 30.480865], [35.180486, 30.489519], [35.190271, 30.500483], [35.191065, 30.504019], [35.185899, 30.514494], [35.185969, 30.521229], [35.198007, 30.534533], [35.197586, 30.541304], [35.201315, 30.551636], [35.201912, 30.565476], [35.206981, 30.578727], [35.208478, 30.591464], [35.214132, 30.599937], [35.214218, 30.603631], [35.227071, 30.613312], [35.230746, 30.631196], [35.241002, 30.639975], [35.243304, 30.647023], [35.249529, 30.65083]]}}, {"type": "Feature", "properties": {"name": "Nahal Arava", "network": "974851772", "osm_way": 513954769}, "geometry": {"type": "LineString", "coordinates": [[35.154952, 30.441949], [35.160928, 30.448886]]}}, {"type": "Feature", "properties": {"name": "Nahal Arava", "network": "974851772", "osm_way": 513956048}, "geometry": {"type": "LineString", "coordinates": [[35.186466, 30.341736], [35.189625, 30.360584], [35.184542, 30.366352], [35.183469, 30.370927], [35.178626, 30.375407], [35.174956, 30.38591], [35.168052, 30.396284], [35.165367, 30.406151], [35.159852, 30.412355], [35.158095, 30.422888], [35.153847, 30.430363], [35.154952, 30.441949]]}}, {"type": "Feature", "properties": {"name": "Nahal Arava", "network": "974851772", "osm_way": 513956049}, "geometry": {"type": "LineString", "coordinates": [[35.137235, 30.150406], [35.13718, 30.156617], [35.134277, 30.160754], [35.136032, 30.16267], [35.134838, 30.168671], [35.138419, 30.182528], [35.14594, 30.194955], [35.151905, 30.197468], [35.149298, 30.209949], [35.145961, 30.215845], [35.146524, 30.224333], [35.143295, 30.22951], [35.144156, 30.233823], [35.142914, 30.234205], [35.144687, 30.245318], [35.152205, 30.252121], [35.152259, 30.258706], [35.155821, 30.264396], [35.154973, 30.269511], [35.159833, 30.281171], [35.159758, 30.286934], [35.16547, 30.29433], [35.160402, 30.309282], [35.17406, 30.322489], [35.175173, 30.329481], [35.179327, 30.33218], [35.186466, 30.341736]]}}, {"type": "Feature", "properties": {"name": "", "network": "5227050920", "osm_way": 540262472}, "geometry": {"type": "LineString", "coordinates": [[35.276032, 29.011992], [35.272658, 29.006846], [35.273463, 29.004096], [35.288365, 28.991137], [35.293665, 28.984831], [35.295518, 28.979462]]}}, {"type": "Feature", "properties": {"name": "Berdawni River", "network": "331815211", "osm_way": 541675232}, "geometry": {"type": "LineString", "coordinates": [[35.875358, 33.879025], [35.879818, 33.869528], [35.88729, 33.865564], [35.894033, 33.854639]]}}, {"type": "Feature", "properties": {"name": "Berdawni River", "network": "331815211", "osm_way": 541675234}, "geometry": {"type": "LineString", "coordinates": [[35.894033, 33.854639], [35.894227, 33.854531]]}}, {"type": "Feature", "properties": {"name": "River Jordan", "network": "31490214", "osm_way": 543642023}, "geometry": {"type": "LineString", "coordinates": [[35.623196, 32.907238], [35.624071, 32.906789]]}}, {"type": "Feature", "properties": {"name": "River Jordan", "network": "31490214", "osm_way": 543642024}, "geometry": {"type": "LineString", "coordinates": [[35.622753, 32.915748], [35.622196, 32.914089]]}}, {"type": "Feature", "properties": {"name": "Nahal HaBsor", "network": "332110084", "osm_way": 548233463}, "geometry": {"type": "LineString", "coordinates": [[34.434141, 31.401499], [34.435686, 31.403957], [34.427532, 31.412168], [34.430988, 31.413], [34.434077, 31.418381], [34.428317, 31.420019]]}}, {"type": "Feature", "properties": {"name": "", "network": "5402474141", "osm_way": 560202762}, "geometry": {"type": "LineString", "coordinates": [[37.623114, 34.121864], [37.62109, 34.125356], [37.626342, 34.134286]]}}, {"type": "Feature", "properties": {"name": "W\u0101d\u012b a\u015f \u015eawt", "network": "5402474555", "osm_way": 560202819}, "geometry": {"type": "LineString", "coordinates": [[37.761178, 33.971041], [37.76435, 33.974299], [37.783212, 33.983097], [37.786386, 33.980937], [37.794172, 33.980052], [37.807864, 33.98102], [37.813727, 33.97493], [37.821157, 33.97205], [37.837325, 33.976358], [37.840613, 33.97539], [37.8594, 33.98181], [37.868965, 33.990119], [37.875299, 33.99026], [37.878188, 33.994225], [37.899665, 34.001447], [37.913315, 34.002869], [37.920203, 34.001647], [37.935532, 34.004279], [37.938065, 34.003099], [37.956056, 34.007464], [37.95829, 34.01039], [37.960795, 34.010437], [37.968237, 34.004982], [37.983468, 34.006355], [37.989118, 34.011653], [38.007237, 34.015923], [38.011549, 34.021574], [38.022551, 34.025113], [38.038094, 34.024417], [38.04985, 34.019592], [38.063812, 34.010732], [38.095167, 34.011098], [38.104447, 34.007924], [38.112673, 34.011558], [38.114951, 34.015534], [38.125156, 34.023815], [38.128258, 34.029548], [38.145338, 34.039444]]}}, {"type": "Feature", "properties": {"name": "\u0648\u0627\u062f\u064a \u0627\u0644\u063a\u0631\u0627\u0621", "network": "5403822157", "osm_way": 560345852}, "geometry": {"type": "LineString", "coordinates": [[37.461114, 30.971849], [37.469778, 30.971835], [37.478562, 30.977836], [37.496422, 30.981322], [37.521286, 30.989294], [37.530391, 30.993295], [37.542521, 31.002736], [37.548783, 31.001854], [37.553638, 31.007324], [37.563349, 31.008324], [37.568582, 31.015544], [37.574089, 31.015941], [37.580437, 31.012191], [37.59013, 31.011324], [37.600784, 31.014441], [37.608401, 31.021013], [37.6146, 31.016904], [37.618848, 31.010817], [37.631923, 31.006706], [37.639746, 30.9905], [37.648307, 30.979028], [37.681196, 30.955049], [37.70096, 30.957432], [37.712434, 30.954703]]}}, {"type": "Feature", "properties": {"name": "\u0648\u0627\u062f\u064a \u0633\u0631\u0645\u062f\u0627\u0621", "network": "5403822157", "osm_way": 560345854}, "geometry": {"type": "LineString", "coordinates": [[37.489359, 31.022832], [37.494988, 31.025875], [37.502453, 31.026369], [37.508522, 31.023495], [37.514971, 31.023378], [37.518355, 31.026005], [37.547714, 31.031387], [37.555725, 31.031114], [37.558274, 31.028735], [37.563342, 31.029567], [37.567818, 31.033819], [37.582566, 31.033364], [37.594689, 31.037992], [37.600182, 31.034352], [37.608189, 31.035238], [37.620565, 31.047592], [37.625358, 31.049242], [37.628603, 31.056528], [37.641271, 31.062603]]}}, {"type": "Feature", "properties": {"name": "Wadi al Mushawwah", "network": "5404993115", "osm_way": 560460826}, "geometry": {"type": "LineString", "coordinates": [[37.509599, 30.437907], [37.525134, 30.443679], [37.53552, 30.454149], [37.542686, 30.456443], [37.551441, 30.462805], [37.555389, 30.468354], [37.568564, 30.463249], [37.573671, 30.464729], [37.583456, 30.473754], [37.591953, 30.475493], [37.602983, 30.492986], [37.619462, 30.497349], [37.631564, 30.497904], [37.637272, 30.502526], [37.648258, 30.502082], [37.656884, 30.507924], [37.657699, 30.512583], [37.654953, 30.527297], [37.67375, 30.565882], [37.717953, 30.615533], [37.724476, 30.630822], [37.732973, 30.631339], [37.757006, 30.641309], [37.764645, 30.648103], [37.778292, 30.652533], [37.781038, 30.655191], [37.779407, 30.673722], [37.781553, 30.68509], [37.779364, 30.69391], [37.793827, 30.705793], [37.802121, 30.707329], [37.805211, 30.710835], [37.808065, 30.718656], [37.805619, 30.729982], [37.807958, 30.734999], [37.814481, 30.743999], [37.823858, 30.748277], [37.826175, 30.755377], [37.824609, 30.75995], [37.827999, 30.761997], [37.82993, 30.769999], [37.830681, 30.77765], [37.828578, 30.784692], [37.833943, 30.796286], [37.847332, 30.796673]]}}, {"type": "Feature", "properties": {"name": "River Jordan", "network": "31490214", "osm_way": 560472443}, "geometry": {"type": "LineString", "coordinates": [[35.548159, 31.968436], [35.542765, 31.965374], [35.545908, 31.960942], [35.54227, 31.960342], [35.541406, 31.958095], [35.543444, 31.954276], [35.54097, 31.950953], [35.543952, 31.94379], [35.540846, 31.942849], [35.543821, 31.940716], [35.540784, 31.936773], [35.545813, 31.935675], [35.540316, 31.931888], [35.538566, 31.933405], [35.535458, 31.929448], [35.535866, 31.924276], [35.52651, 31.922692], [35.527722, 31.914073], [35.524321, 31.907679], [35.526445, 31.906049], [35.525308, 31.902041], [35.527239, 31.90287], [35.527899, 31.898972], [35.531375, 31.898298], [35.529873, 31.896567], [35.532942, 31.895984], [35.530238, 31.892595], [35.534787, 31.894454], [35.533349, 31.891685], [35.529978, 31.890694], [35.531677, 31.886355], [35.535966, 31.885321], [35.533036, 31.881835], [35.539279, 31.879648], [35.539613, 31.87417], [35.544527, 31.875472], [35.54987, 31.87273], [35.545181, 31.870899], [35.548829, 31.865623], [35.544624, 31.866179], [35.546845, 31.863827], [35.543787, 31.864637], [35.54287, 31.859341], [35.539872, 31.860938], [35.539953, 31.858441], [35.53829, 31.858421], [35.539949, 31.857469], [35.536454, 31.856368], [35.539269, 31.854101], [35.542136, 31.854454], [35.538972, 31.852009], [35.543197, 31.850495], [35.541066, 31.848314], [35.543542, 31.8494], [35.546412, 31.848013], [35.543199, 31.846961], [35.543371, 31.845539], [35.548966, 31.844008], [35.544662, 31.842675], [35.54752, 31.840384], [35.546532, 31.837029]]}}, {"type": "Feature", "properties": {"name": "River Jordan", "network": "31490214", "osm_way": 560480556}, "geometry": {"type": "LineString", "coordinates": [[35.568912, 32.245777], [35.567186, 32.241508], [35.56298, 32.242869], [35.560867, 32.241472], [35.564281, 32.238706], [35.562044, 32.231371], [35.564066, 32.228787], [35.572733, 32.229429], [35.566596, 32.224592], [35.566542, 32.219445], [35.569578, 32.216323], [35.568999, 32.213237], [35.57281, 32.213157], [35.573902, 32.211267], [35.571609, 32.209825], [35.568133, 32.21175], [35.567564, 32.207529], [35.562723, 32.204123], [35.566864, 32.197032], [35.569793, 32.197786], [35.568752, 32.193292], [35.570332, 32.191659], [35.568875, 32.190632]]}}, {"type": "Feature", "properties": {"name": "River Jordan", "network": "31490214", "osm_way": 560483389}, "geometry": {"type": "LineString", "coordinates": [[35.546268, 31.836632], [35.549367, 31.836145], [35.546772, 31.834302], [35.547146, 31.830461], [35.544698, 31.830209], [35.547643, 31.82926], [35.548697, 31.823683], [35.543126, 31.822644], [35.540048, 31.818955], [35.543195, 31.817077], [35.540265, 31.817797], [35.538989, 31.815963], [35.542242, 31.815202], [35.541144, 31.813059], [35.544408, 31.813557], [35.542582, 31.810993], [35.542884, 31.804908], [35.551522, 31.796516], [35.551336, 31.790525], [35.547348, 31.783135], [35.551945, 31.773817], [35.555701, 31.772165], [35.552977, 31.766985], [35.558345, 31.765281]]}}, {"type": "Feature", "properties": {"name": "", "network": "2126935401", "osm_way": 560513913}, "geometry": {"type": "LineString", "coordinates": [[35.44934, 29.277878], [35.456882, 29.270998], [35.460852, 29.270577], [35.468074, 29.264988], [35.484975, 29.264997], [35.485873, 29.269264], [35.485315, 29.271595], [35.482891, 29.272371], [35.484049, 29.277154], [35.482129, 29.284827], [35.484318, 29.293015]]}}, {"type": "Feature", "properties": {"name": "Wadi Salayta", "network": "5520503071", "osm_way": 575274528}, "geometry": {"type": "LineString", "coordinates": [[36.075532, 31.37292], [36.065658, 31.370741], [36.065068, 31.373627], [36.061259, 31.375147], [36.058685, 31.379727], [36.05347, 31.38133], [36.049576, 31.385461], [36.03653, 31.384508], [36.037946, 31.377666], [36.032002, 31.378353], [36.028955, 31.37664], [36.024342, 31.384746], [36.026187, 31.389289], [36.023226, 31.389088], [36.019359, 31.394455], [36.016097, 31.393025], [36.01511, 31.398383], [36.01032, 31.397754], [36.001545, 31.400272], [35.998328, 31.393028], [35.992643, 31.39606], [35.989563, 31.393578], [35.98293, 31.399767], [35.982984, 31.40426], [35.977383, 31.410881], [35.971815, 31.40894], [35.963447, 31.415765], [35.95304, 31.419203], [35.946725, 31.416768], [35.941541, 31.419981], [35.938258, 31.418745], [35.935147, 31.414085], [35.931602, 31.417491], [35.928401, 31.415623], [35.926706, 31.416639], [35.922848, 31.412666], [35.920798, 31.415632], [35.915678, 31.416356], [35.910453, 31.410798], [35.904966, 31.411732], [35.901565, 31.408664], [35.906055, 31.407923], [35.907246, 31.404461], [35.910261, 31.403198], [35.909263, 31.401247], [35.905272, 31.401906], [35.905722, 31.397991], [35.898061, 31.397798], [35.895271, 31.399639], [35.892868, 31.397936], [35.889916, 31.401443], [35.886397, 31.402121], [35.889488, 31.407373], [35.880928, 31.406204], [35.879943, 31.409786], [35.881941, 31.4115], [35.869053, 31.418316], [35.870986, 31.420732], [35.870079, 31.422819]]}}, {"type": "Feature", "properties": {"name": "", "network": "5535807899", "osm_way": 577461055}, "geometry": {"type": "LineString", "coordinates": [[36.721802, 29.84539], [36.716931, 29.850713], [36.700945, 29.857506], [36.695881, 29.857803], [36.683006, 29.854342], [36.677449, 29.849205], [36.668157, 29.848163]]}}, {"type": "Feature", "properties": {"name": "", "network": "5535807899", "osm_way": 577461056}, "geometry": {"type": "LineString", "coordinates": [[36.760522, 29.81152], [36.75608, 29.813615], [36.750941, 29.807727], [36.744032, 29.804641], [36.728325, 29.808662], [36.714628, 29.808543]]}}, {"type": "Feature", "properties": {"name": "Wadi al Ghudaywiyat", "network": "5535807899", "osm_way": 577461057}, "geometry": {"type": "LineString", "coordinates": [[36.889386, 29.646624], [36.886146, 29.647743], [36.876147, 29.660442], [36.865686, 29.665131], [36.865804, 29.669559], [36.862575, 29.676439], [36.852661, 29.687764], [36.853541, 29.696124], [36.848456, 29.700896], [36.845398, 29.713047], [36.835152, 29.716448], [36.83453, 29.723409], [36.827567, 29.732306], [36.821687, 29.734896], [36.815765, 29.731961], [36.810443, 29.740066], [36.802472, 29.740402], [36.798706, 29.748031], [36.789157, 29.752763], [36.78404, 29.761723], [36.780049, 29.764061], [36.773407, 29.76434], [36.768526, 29.769388], [36.763408, 29.770561], [36.761842, 29.781829], [36.750641, 29.784241], [36.741629, 29.791653], [36.737927, 29.798245], [36.721107, 29.802229], [36.714628, 29.808543], [36.701755, 29.81311], [36.686431, 29.829757], [36.674072, 29.835728], [36.675153, 29.842442], [36.669804, 29.845204], [36.663469, 29.856696], [36.658593, 29.858971], [36.653092, 29.859062], [36.648862, 29.856673], [36.643964, 29.858441], [36.63897, 29.864633], [36.642076, 29.872392], [36.633815, 29.882095], [36.620489, 29.888206], [36.607003, 29.908131], [36.583142, 29.918061], [36.572875, 29.930698], [36.555805, 29.967873], [36.556277, 29.976498], [36.549025, 29.998447], [36.548113, 30.011055], [36.544776, 30.023197], [36.53203, 30.048442], [36.530786, 30.059094], [36.526526, 30.065336], [36.534053, 30.076977], [36.534213, 30.080068], [36.532915, 30.085666], [36.526599, 30.094425], [36.531191, 30.10544], [36.527379, 30.116408], [36.522122, 30.122823], [36.52398, 30.135733], [36.533575, 30.149144], [36.545892, 30.153514], [36.548665, 30.159741], [36.53703, 30.165323], [36.530485, 30.175109], [36.517696, 30.177928]]}}, {"type": "Feature", "properties": {"name": "", "network": "5535809986", "osm_way": 577461077}, "geometry": {"type": "LineString", "coordinates": [[36.757185, 29.820587], [36.760125, 29.821573], [36.764272, 29.838033], [36.775682, 29.852146], [36.780124, 29.862939], [36.777849, 29.879295], [36.781132, 29.885341], [36.780574, 29.888821], [36.789308, 29.898512], [36.792054, 29.909338], [36.802225, 29.921837], [36.807589, 29.93716], [36.805358, 29.944263], [36.806259, 29.947535], [36.828918, 29.974863], [36.830463, 29.979175], [36.837931, 29.985271], [36.841707, 29.993894], [36.835785, 30.001402], [36.833682, 30.015747], [36.826687, 30.019909], [36.819391, 30.029532], [36.810851, 30.033359], [36.80274, 30.033619], [36.799822, 30.038412], [36.790981, 30.04521], [36.790252, 30.05186], [36.781926, 30.06408], [36.777506, 30.065751], [36.776068, 30.070004], [36.777978, 30.072251], [36.777527, 30.075668], [36.768665, 30.094309], [36.767592, 30.101772], [36.750598, 30.135812], [36.730771, 30.15485], [36.716738, 30.162308], [36.712124, 30.161974], [36.693842, 30.168208], [36.673565, 30.163273], [36.670132, 30.160824], [36.667385, 30.162178], [36.662879, 30.158598], [36.646872, 30.153551], [36.634169, 30.154293], [36.629534, 30.164108], [36.629148, 30.17125], [36.625156, 30.175517], [36.623096, 30.204339], [36.625628, 30.209735], [36.625285, 30.213574], [36.610522, 30.219841], [36.606917, 30.223178], [36.605447, 30.227767], [36.598034, 30.231837], [36.597304, 30.238195], [36.591468, 30.252728], [36.579022, 30.258845], [36.568937, 30.269149], [36.552544, 30.279898], [36.546192, 30.295684], [36.546278, 30.303539], [36.543875, 30.308652], [36.527567, 30.318285], [36.512031, 30.330731], [36.501989, 30.33362], [36.472206, 30.33651], [36.424055, 30.331472], [36.407576, 30.32636], [36.37599, 30.325619], [36.35642, 30.319915]]}}, {"type": "Feature", "properties": {"name": "", "network": "5539108604", "osm_way": 577912597}, "geometry": {"type": "LineString", "coordinates": [[33.926167, 29.024038], [33.923265, 29.023973], [33.919001, 29.027111], [33.916876, 29.020788], [33.913668, 29.021679], [33.907692, 29.019437], [33.908615, 29.016857], [33.906201, 29.017814], [33.906094, 29.015243], [33.900837, 29.012672], [33.897414, 29.000822], [33.888145, 28.991269], [33.889024, 28.98453], [33.879497, 28.979068], [33.873588, 28.971287], [33.866816, 28.969363], [33.865313, 28.964519], [33.853941, 28.961178], [33.851924, 28.956409], [33.844414, 28.952954], [33.83729, 28.952428], [33.826904, 28.946683], [33.806562, 28.952166], [33.792529, 28.949462], [33.77974, 28.950476], [33.764806, 28.949011]]}}, {"type": "Feature", "properties": {"name": "Wadi Gira", "network": "2657503637", "osm_way": 577912638}, "geometry": {"type": "LineString", "coordinates": [[33.991684, 29.57208], [33.98612, 29.60626], [33.988008, 29.62622], [33.982601, 29.631182], [33.980541, 29.635919], [33.983116, 29.648004], [33.980455, 29.657253], [33.98509, 29.663891], [33.985691, 29.677986], [33.978395, 29.690141], [33.972645, 29.692452], [33.963461, 29.702294], [33.95668, 29.70617], [33.940544, 29.727788], [33.936338, 29.743588], [33.940716, 29.749773], [33.934536, 29.759758], [33.930073, 29.772051], [33.930244, 29.778235], [33.934107, 29.785759], [33.929815, 29.799464], [33.932905, 29.806987], [33.930244, 29.811455], [33.92186, 29.814001], [33.921254, 29.817036], [33.916241, 29.819391]]}}, {"type": "Feature", "properties": {"name": "Wadi al Qureis", "network": "2657503637", "osm_way": 578155916}, "geometry": {"type": "LineString", "coordinates": [[34.210895, 29.701101], [34.211512, 29.707326], [34.21915, 29.714259], [34.219751, 29.735353], [34.217284, 29.745618], [34.210181, 29.759348], [34.207553, 29.774651]]}}, {"type": "Feature", "properties": {"name": "", "network": "2657503637", "osm_way": 578155920}, "geometry": {"type": "LineString", "coordinates": [[34.210551, 29.700653], [34.210895, 29.701101]]}}, {"type": "Feature", "properties": {"name": "Wadi Gira", "network": "2657503637", "osm_way": 578155924}, "geometry": {"type": "LineString", "coordinates": [[33.916464, 29.819879], [33.91531, 29.82337], [33.910332, 29.826051], [33.905611, 29.832007], [33.885527, 29.84727], [33.87866, 29.860669], [33.865356, 29.875555], [33.863726, 29.884114], [33.864841, 29.890216], [33.857503, 29.894643], [33.857803, 29.90573], [33.856344, 29.908855], [33.839693, 29.923622], [33.834372, 29.932399], [33.812828, 29.953968], [33.805919, 29.965159], [33.804932, 29.977799], [33.812329, 29.990298]]}}, {"type": "Feature", "properties": {"name": "Wadi Gira", "network": "2657503637", "osm_way": 578155930}, "geometry": {"type": "LineString", "coordinates": [[33.916241, 29.819391], [33.916464, 29.819879]]}}, {"type": "Feature", "properties": {"name": "Wadi Garf al Diyuf", "network": "2657503637", "osm_way": 578156150}, "geometry": {"type": "LineString", "coordinates": [[33.970999, 29.188248], [33.972559, 29.19057], [33.972387, 29.197576], [33.980713, 29.204357], [33.976722, 29.213759], [33.976722, 29.220201], [33.980112, 29.225669], [33.988996, 29.227355], [33.99127, 29.230276], [33.99127, 29.241323], [33.988953, 29.245292], [33.982429, 29.248662], [33.981657, 29.252257], [33.993416, 29.257798], [33.997707, 29.263339], [33.99436, 29.277565], [33.986136, 29.28427], [33.980734, 29.292294], [33.984211, 29.294989], [33.995647, 29.297777], [34.001741, 29.294858], [34.003115, 29.296654], [33.998995, 29.309304], [33.988738, 29.310239], [33.986592, 29.313345], [33.986764, 29.317873], [33.980327, 29.313831], [33.978438, 29.319183], [33.984446, 29.327526], [33.977408, 29.331043], [33.972688, 29.337478], [33.973718, 29.34294], [33.971829, 29.346905], [33.964448, 29.351394], [33.968096, 29.354836], [33.966465, 29.361942], [33.972731, 29.366805], [33.972731, 29.372003], [33.965135, 29.378847], [33.956251, 29.374322], [33.947711, 29.376454], [33.936553, 29.388719], [33.932948, 29.399749], [33.935308, 29.407937], [33.949213, 29.416274], [33.956037, 29.417993], [33.968697, 29.41676], [33.971787, 29.418703], [33.971958, 29.42831], [33.960929, 29.438103], [33.958053, 29.446175], [33.964362, 29.476927], [33.975391, 29.487649], [33.9767, 29.508099]]}}, {"type": "Feature", "properties": {"name": "Wadi al Qureis", "network": "2657503637", "osm_way": 578239116}, "geometry": {"type": "LineString", "coordinates": [[34.225365, 29.597511], [34.225245, 29.614767], [34.220095, 29.6193], [34.215374, 29.63148], [34.21164, 29.635919], [34.210095, 29.656731], [34.207263, 29.658111], [34.207435, 29.662884], [34.203958, 29.667583], [34.204731, 29.680559], [34.211082, 29.68988], [34.212434, 29.69495], [34.210551, 29.700653]]}}, {"type": "Feature", "properties": {"name": "Wadi Gira", "network": "2657503637", "osm_way": 578239119}, "geometry": {"type": "LineString", "coordinates": [[34.212873, 29.163776], [34.209902, 29.172155], [34.207113, 29.174066], [34.208701, 29.175986], [34.205675, 29.178393], [34.209806, 29.182103], [34.208787, 29.186065], [34.205536, 29.187798], [34.202349, 29.20076], [34.19559, 29.202558], [34.197285, 29.214358], [34.193788, 29.223403], [34.197028, 29.224958], [34.197114, 29.22683], [34.180269, 29.231025], [34.16851, 29.236343], [34.161859, 29.232897], [34.155464, 29.23477], [34.15246, 29.247127], [34.144349, 29.256226], [34.144056, 29.263165]]}}, {"type": "Feature", "properties": {"name": "Wadi al Aradah", "network": "2301854529", "osm_way": 578239181}, "geometry": {"type": "LineString", "coordinates": [[34.511677, 29.122451], [34.517112, 29.12731], [34.520137, 29.120505], [34.52445, 29.117815], [34.532776, 29.116747], [34.53181, 29.111395], [34.524922, 29.109145], [34.519075, 29.110214], [34.517434, 29.108067], [34.522723, 29.104327], [34.524235, 29.1006], [34.529074, 29.100193], [34.526929, 29.087077], [34.529139, 29.085698], [34.536365, 29.08832], [34.544781, 29.083251], [34.545744, 29.075537], [34.541246, 29.07455], [34.545586, 29.066176], [34.54226, 29.061361], [34.54601, 29.059602], [34.548564, 29.060664], [34.549899, 29.055907], [34.55411, 29.05594], [34.554829, 29.047893]]}}, {"type": "Feature", "properties": {"name": "Nahal Paran", "network": "974851772", "osm_way": 578261127}, "geometry": {"type": "LineString", "coordinates": [[34.722379, 30.080496], [34.724034, 30.085248], [34.723292, 30.093825], [34.711989, 30.115536]]}}, {"type": "Feature", "properties": {"name": "Wadi al Hasha", "network": "974851772", "osm_way": 578261129}, "geometry": {"type": "LineString", "coordinates": [[34.690755, 30.000396], [34.69094, 30.000563]]}}, {"type": "Feature", "properties": {"name": "Wadi al Hasha", "network": "974851772", "osm_way": 578261130}, "geometry": {"type": "LineString", "coordinates": [[34.680769, 29.993086], [34.688011, 29.995697], [34.690755, 30.000396]]}}, {"type": "Feature", "properties": {"name": "Wadi Abu Buthayran", "network": "974851772", "osm_way": 578261132}, "geometry": {"type": "LineString", "coordinates": [[34.688559, 29.652461], [34.690533, 29.670752], [34.685469, 29.675302], [34.674568, 29.698566], [34.680662, 29.71519], [34.679289, 29.734347], [34.684095, 29.745078], [34.671585, 29.764364], [34.672906, 29.766842], [34.671478, 29.775404], [34.666157, 29.785535], [34.66444, 29.798049], [34.657702, 29.806418], [34.657798, 29.814695], [34.655124, 29.818222], [34.658818, 29.826125], [34.657831, 29.830146], [34.662208, 29.837517], [34.658775, 29.845632], [34.661608, 29.857171], [34.65663, 29.868187], [34.663925, 29.880914], [34.659977, 29.893936], [34.665127, 29.906883], [34.666414, 29.933664], [34.663238, 29.943556], [34.648905, 29.951216], [34.648561, 29.963114]]}}, {"type": "Feature", "properties": {"name": "Wadi Abu Buthayran", "network": "974851772", "osm_way": 578261133}, "geometry": {"type": "LineString", "coordinates": [[34.688339, 29.652214], [34.688559, 29.652461]]}}, {"type": "Feature", "properties": {"name": "Wadi Abu Buthayran", "network": "974851772", "osm_way": 578261134}, "geometry": {"type": "LineString", "coordinates": [[34.68004, 29.603144], [34.681649, 29.610887], [34.680147, 29.621781], [34.686069, 29.6276], [34.684567, 29.637896], [34.688172, 29.646027], [34.688339, 29.652214]]}}, {"type": "Feature", "properties": {"name": "Wadi Abu Treifia", "network": "5543300555", "osm_way": 578581393}, "geometry": {"type": "LineString", "coordinates": [[33.739915, 29.630473], [33.752746, 29.650018], [33.754806, 29.655538], [33.75515, 29.670156], [33.767166, 29.682088], [33.769226, 29.688202], [33.770771, 29.716383], [33.764055, 29.738818], [33.764291, 29.757988], [33.760471, 29.772871], [33.755665, 29.781811], [33.736095, 29.802071], [33.726482, 29.817115], [33.711033, 29.828657], [33.695884, 29.845111], [33.693309, 29.853225], [33.694092, 29.860627]]}}, {"type": "Feature", "properties": {"name": "Wadi al-Arish", "network": "2657503637", "osm_way": 578581401}, "geometry": {"type": "LineString", "coordinates": [[34.154122, 30.69379], [34.148142, 30.698494], [34.148496, 30.704775], [34.144886, 30.711701], [34.129441, 30.729932], [34.131494, 30.738243], [34.123835, 30.753658], [34.13206, 30.776941], [34.150931, 30.791682], [34.153736, 30.804912], [34.152907, 30.817678], [34.14308, 30.826781], [34.129475, 30.834022], [34.124047, 30.83487], [34.118961, 30.839531], [34.108447, 30.840102], [34.104821, 30.84375], [34.107245, 30.846569], [34.106301, 30.849553], [34.098147, 30.84959], [34.096216, 30.857032], [34.088363, 30.861232], [34.085466, 30.867126], [34.074587, 30.868665], [34.068173, 30.876526], [34.06652, 30.882105], [34.053471, 30.882336], [34.041323, 30.888451], [34.032656, 30.887983], [34.029124, 30.892889], [34.026619, 30.893477], [34.025213, 30.892482], [34.026007, 30.88848], [34.018934, 30.887306], [34.014179, 30.894965], [33.999781, 30.896291], [33.996455, 30.901704], [33.984525, 30.908645], [33.979032, 30.915678], [33.955943, 30.924127], [33.943412, 30.935484], [33.941052, 30.943637], [33.934378, 30.952378], [33.916847, 30.954734], [33.913908, 30.961192], [33.901226, 30.96973], [33.897707, 30.969546], [33.890345, 30.98086], [33.872685, 30.98448], [33.872407, 30.992073], [33.862963, 30.99884], [33.865737, 31.009537], [33.86149, 31.011334], [33.857439, 31.016213], [33.855641, 31.030012], [33.852385, 31.037401], [33.843162, 31.039957], [33.831164, 31.049109], [33.830578, 31.051397], [33.83475, 31.057521]]}}, {"type": "Feature", "properties": {"name": "Wadi al Ruaq", "network": "2657503637", "osm_way": 578581436}, "geometry": {"type": "LineString", "coordinates": [[33.839484, 28.993338], [33.839022, 28.998504], [33.827001, 29.006381], [33.82927, 29.009543], [33.826625, 29.01194], [33.82758, 29.016711], [33.825746, 29.016829], [33.827934, 29.019878], [33.82382, 29.019995], [33.823659, 29.021899], [33.813182, 29.027317], [33.812265, 29.032941], [33.810092, 29.033649], [33.811873, 29.039137], [33.809019, 29.044211], [33.810623, 29.048244], [33.80347, 29.049412], [33.802035, 29.055007], [33.797615, 29.05315], [33.798516, 29.057802], [33.793538, 29.058833], [33.796306, 29.069636], [33.795233, 29.076763], [33.792229, 29.080101], [33.794331, 29.08507], [33.791499, 29.087808], [33.794568, 29.091183], [33.793602, 29.096977], [33.791714, 29.09769], [33.790276, 29.094765], [33.783989, 29.098182], [33.785748, 29.107214], [33.783431, 29.110701], [33.780513, 29.110888], [33.780341, 29.107176], [33.777981, 29.105414], [33.775706, 29.107664], [33.775492, 29.112126], [33.770041, 29.114525], [33.769655, 29.11775], [33.773947, 29.127085], [33.768454, 29.133195], [33.769183, 29.137244], [33.751802, 29.144159], [33.752698, 29.146952], [33.756952, 29.148001], [33.756394, 29.157858], [33.764098, 29.162561], [33.765965, 29.17933], [33.760943, 29.182103], [33.760364, 29.18866], [33.757725, 29.191413], [33.748906, 29.189877], [33.74073, 29.195834], [33.732147, 29.198438], [33.724251, 29.2046], [33.715625, 29.199674], [33.719219, 29.206408], [33.71334, 29.207681], [33.714187, 29.220313], [33.705647, 29.223684], [33.705025, 29.228291], [33.707642, 29.232729], [33.692837, 29.240555], [33.683025, 29.248868], [33.682752, 29.256525], [33.671722, 29.268693], [33.660049, 29.271014], [33.656959, 29.278763], [33.648934, 29.286586], [33.648763, 29.291078], [33.644214, 29.293623], [33.643227, 29.299873], [33.649106, 29.316039], [33.655007, 29.32472], [33.647475, 29.335982], [33.630867, 29.353527], [33.624301, 29.357604], [33.623571, 29.36456], [33.615675, 29.370956], [33.611255, 29.378024], [33.611598, 29.382512], [33.608766, 29.386326], [33.609667, 29.390364], [33.599367, 29.402965], [33.592372, 29.406741], [33.589969, 29.413283], [33.591385, 29.41833], [33.586407, 29.431599], [33.588295, 29.451631], [33.583703, 29.459628], [33.579197, 29.462916], [33.575549, 29.474985], [33.577051, 29.479132], [33.580399, 29.480701], [33.579669, 29.487163], [33.575678, 29.49314], [33.577051, 29.500163], [33.571987, 29.503449], [33.569584, 29.511031], [33.562717, 29.519434], [33.562202, 29.526044], [33.549628, 29.534072], [33.543706, 29.540233], [33.532333, 29.559198], [33.523836, 29.562856], [33.514094, 29.564349], [33.504868, 29.57286], [33.50255, 29.584952], [33.509974, 29.5982], [33.51388, 29.618012], [33.531303, 29.637113], [33.558597, 29.653076], [33.57203, 29.676942], [33.583769, 29.691425], [33.58366, 29.698193], [33.592059, 29.714991], [33.592758, 29.720259], [33.590011, 29.728757], [33.607864, 29.765048], [33.609752, 29.775329], [33.615374, 29.788179], [33.620739, 29.794995], [33.620943, 29.810617], [33.631811, 29.836549], [33.638678, 29.840272], [33.667946, 29.843994], [33.673954, 29.846749], [33.676655, 29.850144], [33.678074, 29.857245], [33.686657, 29.868893], [33.698244, 29.878978], [33.708183, 29.899496], [33.723346, 29.905884], [33.743044, 29.918685], [33.755173, 29.921109], [33.762703, 29.931618], [33.770739, 29.935932], [33.777618, 29.946584], [33.784976, 29.951476], [33.787963, 29.960324], [33.784808, 29.961723], [33.783448, 29.966928], [33.788785, 29.978941], [33.798646, 29.985449], [33.812329, 29.990298], [33.815296, 29.994043], [33.818772, 30.001569], [33.818471, 30.006512], [33.824565, 30.016899], [33.8236, 30.021451], [33.825145, 30.02459], [33.839972, 30.040511], [33.834822, 30.053661], [33.841839, 30.086585], [33.840852, 30.098133], [33.84274, 30.116102], [33.857803, 30.158709], [33.856516, 30.176147], [33.859005, 30.196921], [33.861751, 30.203078], [33.871879, 30.215113]]}}, {"type": "Feature", "properties": {"name": "Wadi al Buruk", "network": "2657503637", "osm_way": 578679935}, "geometry": {"type": "LineString", "coordinates": [[33.746379, 30.243173], [33.759613, 30.247205], [33.781242, 30.25017], [33.800983, 30.260995], [33.808021, 30.262774], [33.816433, 30.26144], [33.820896, 30.255657], [33.829479, 30.252395], [33.844671, 30.249577], [33.859863, 30.249726], [33.866944, 30.247093], [33.869991, 30.243794], [33.878188, 30.246092]]}}, {"type": "Feature", "properties": {"name": "Wadi Abu Muzrayqat", "network": "2657503637", "osm_way": 579047200}, "geometry": {"type": "LineString", "coordinates": [[34.096337, 30.488743], [34.096454, 30.488978]]}}, {"type": "Feature", "properties": {"name": "Wadi Abu Muzrayqat", "network": "2657503637", "osm_way": 579047201}, "geometry": {"type": "LineString", "coordinates": [[33.871879, 30.215113], [33.871536, 30.220842], [33.875699, 30.229241], [33.873982, 30.240606], [33.885226, 30.25992], [33.888359, 30.270669], [33.899345, 30.281862], [33.903594, 30.295202], [33.902478, 30.304873], [33.898272, 30.314172], [33.888702, 30.324323], [33.879776, 30.327472], [33.874454, 30.33162], [33.867416, 30.344732], [33.867245, 30.348065], [33.876557, 30.363952], [33.879046, 30.373875], [33.890033, 30.377762], [33.899174, 30.384538], [33.9084, 30.396087], [33.912392, 30.40486], [33.929515, 30.411633], [33.937197, 30.419812], [33.956423, 30.427065], [33.983588, 30.431913], [33.998866, 30.4375], [34.007739, 30.438767], [34.01762, 30.466209], [34.030495, 30.471239], [34.039185, 30.485146], [34.058948, 30.48803], [34.076071, 30.484924], [34.092121, 30.486033], [34.096337, 30.488743]]}}, {"type": "Feature", "properties": {"name": "Wadi al Gaifi", "network": "2657503637", "osm_way": 579047202}, "geometry": {"type": "LineString", "coordinates": [[34.276464, 30.60939], [34.276187, 30.609519]]}}, {"type": "Feature", "properties": {"name": "Wadi al Gaifi", "network": "2657503637", "osm_way": 579047203}, "geometry": {"type": "LineString", "coordinates": [[34.359962, 30.600456], [34.317009, 30.604316], [34.30433, 30.601423], [34.292372, 30.603407], [34.276464, 30.60939]]}}, {"type": "Feature", "properties": {"name": "Wadi al Gaifi", "network": "2657503637", "osm_way": 579047204}, "geometry": {"type": "LineString", "coordinates": [[34.360466, 30.600126], [34.359962, 30.600456]]}}, {"type": "Feature", "properties": {"name": "Wadi al Gaifi", "network": "2657503637", "osm_way": 579047205}, "geometry": {"type": "LineString", "coordinates": [[34.448297, 30.530716], [34.442696, 30.534579], [34.440165, 30.53968], [34.429736, 30.547959], [34.42626, 30.55317], [34.402974, 30.567024], [34.399997, 30.573351], [34.394378, 30.579057], [34.38362, 30.58745], [34.360466, 30.600126]]}}, {"type": "Feature", "properties": {"name": "Wadi al Jayfi", "network": "2657503637", "osm_way": 579047206}, "geometry": {"type": "LineString", "coordinates": [[34.230854, 30.635618], [34.217649, 30.639167], [34.204602, 30.64622], [34.195933, 30.655745], [34.180269, 30.65988], [34.159703, 30.669701]]}}, {"type": "Feature", "properties": {"name": "Wadi al Hasana", "network": "2657503637", "osm_way": 579078429}, "geometry": {"type": "LineString", "coordinates": [[33.73261, 30.751392], [33.75103, 30.800096], [33.765793, 30.820147], [33.775921, 30.829434], [33.790169, 30.837689], [33.797035, 30.844911], [33.812141, 30.87453], [33.855057, 30.915259], [33.859777, 30.922034], [33.867588, 30.962007], [33.873081, 30.976984], [33.872685, 30.98448]]}}, {"type": "Feature", "properties": {"name": "Wadi Abu Mutamir", "network": "2657503637", "osm_way": 579336136}, "geometry": {"type": "LineString", "coordinates": [[34.359569, 30.189799], [34.336996, 30.199888], [34.292192, 30.20382], [34.275112, 30.211386], [34.269361, 30.217542], [34.267473, 30.223698], [34.219837, 30.238603], [34.19486, 30.243052], [34.170914, 30.252617], [34.148683, 30.269149], [34.120016, 30.304429], [34.107169, 30.311235]]}}, {"type": "Feature", "properties": {"name": "Wadi Gira", "network": "2657503637", "osm_way": 579610685}, "geometry": {"type": "LineString", "coordinates": [[34.144056, 29.263165], [34.136753, 29.272287], [34.137011, 29.279549], [34.132633, 29.286624], [34.11272, 29.304139], [34.100962, 29.305412], [34.09564, 29.308929], [34.091606, 29.31806], [34.079886, 29.335273]]}}, {"type": "Feature", "properties": {"name": "Wadi Umm Zulaykhah", "network": "5543300555", "osm_way": 579689440}, "geometry": {"type": "LineString", "coordinates": [[33.822323, 29.206565], [33.829147, 29.212373], [33.825059, 29.226943], [33.816261, 29.235257], [33.809309, 29.23256], [33.806863, 29.248063], [33.797765, 29.246041], [33.79755, 29.248662], [33.800855, 29.251583], [33.80064, 29.255739], [33.784504, 29.274271], [33.782787, 29.282132], [33.779011, 29.28565], [33.778667, 29.290816], [33.774462, 29.297178], [33.776607, 29.31559], [33.782487, 29.32371], [33.788967, 29.328462], [33.795834, 29.342865], [33.799803, 29.346438], [33.798752, 29.354649], [33.81154, 29.38569], [33.809223, 29.403413], [33.815403, 29.43302], [33.80991, 29.445278], [33.804073, 29.466354], [33.804073, 29.473079], [33.809223, 29.488919], [33.808022, 29.494448], [33.79343, 29.504757], [33.779526, 29.521787], [33.77296, 29.523878], [33.769548, 29.528154], [33.758347, 29.533157], [33.749893, 29.534352]]}}, {"type": "Feature", "properties": {"name": "Litani River", "network": "331815211", "osm_way": 581276052}, "geometry": {"type": "LineString", "coordinates": [[35.892722, 33.777578], [35.892121, 33.777151]]}}, {"type": "Feature", "properties": {"name": "Litani River", "network": "331815211", "osm_way": 581276053}, "geometry": {"type": "LineString", "coordinates": [[35.892953, 33.777733], [35.892722, 33.777578]]}}, {"type": "Feature", "properties": {"name": "Ghzayyel River", "network": "331815211", "osm_way": 581276062}, "geometry": {"type": "LineString", "coordinates": [[35.902862, 33.7585], [35.901899, 33.758548]]}}, {"type": "Feature", "properties": {"name": "Ghzayyel River", "network": "331815211", "osm_way": 581276063}, "geometry": {"type": "LineString", "coordinates": [[35.901899, 33.758548], [35.895353, 33.760695], [35.886607, 33.756954], [35.882752, 33.758644], [35.880501, 33.75328], [35.877187, 33.751682], [35.875597, 33.743711], [35.867612, 33.742754], [35.866264, 33.740658]]}}, {"type": "Feature", "properties": {"name": "Litani River", "network": "331815211", "osm_way": 581278375}, "geometry": {"type": "LineString", "coordinates": [[35.892121, 33.777151], [35.891305, 33.776984]]}}, {"type": "Feature", "properties": {"name": "Litani River", "network": "331815211", "osm_way": 581278376}, "geometry": {"type": "LineString", "coordinates": [[35.891305, 33.776984], [35.883735, 33.772729]]}}, {"type": "Feature", "properties": {"name": "Wadi al Demtha", "network": "5543300555", "osm_way": 582918691}, "geometry": {"type": "LineString", "coordinates": [[33.638881, 29.459824], [33.644514, 29.461328], [33.644224, 29.464317], [33.649299, 29.467774], [33.653977, 29.467587], [33.65432, 29.472145], [33.661401, 29.473116], [33.661487, 29.476441], [33.656015, 29.485557], [33.655114, 29.49116], [33.656745, 29.497548], [33.672967, 29.49949], [33.676744, 29.502702], [33.676701, 29.509014], [33.681421, 29.515513], [33.688631, 29.5185], [33.694038, 29.523355], [33.69421, 29.526679], [33.688631, 29.531757], [33.686829, 29.537171], [33.688846, 29.540905], [33.700991, 29.545945], [33.703609, 29.549305], [33.70481, 29.555764], [33.698802, 29.570284], [33.699918, 29.573233], [33.705969, 29.577488], [33.704166, 29.588684], [33.705282, 29.595999], [33.716955, 29.612043], [33.727512, 29.61749], [33.739915, 29.630473]]}}, {"type": "Feature", "properties": {"name": "", "network": "2301854529", "osm_way": 583728731}, "geometry": {"type": "LineString", "coordinates": [[34.54766, 28.921668], [34.553461, 28.9332], [34.561679, 28.959131], [34.565177, 28.988453], [34.574983, 29.002022], [34.580444, 29.005175], [34.579892, 29.009721], [34.584113, 29.009693], [34.58554, 29.012583], [34.589789, 29.012874], [34.586302, 29.015145], [34.591849, 29.017119], [34.592503, 29.019052], [34.59002, 29.02128]]}}, {"type": "Feature", "properties": {"name": "Wadi al Masak", "network": "2301854529", "osm_way": 584807522}, "geometry": {"type": "LineString", "coordinates": [[34.554829, 29.047893], [34.565794, 29.052662], [34.568219, 29.038926], [34.57744, 29.034813], [34.58009, 29.029953], [34.57817, 29.027815], [34.572269, 29.02728], [34.573749, 29.024447], [34.580058, 29.024503], [34.58569, 29.019906], [34.588228, 29.019873], [34.590041, 29.020877], [34.588351, 29.026177], [34.597417, 29.03145], [34.602712, 29.028968], [34.60555, 29.029536], [34.606494, 29.021707], [34.616493, 29.015337], [34.624137, 29.016251], [34.629174, 29.013104], [34.64269, 29.010763]]}}, {"type": "Feature", "properties": {"name": "Wadi Gira", "network": "2657503637", "osm_way": 584807531}, "geometry": {"type": "LineString", "coordinates": [[34.079886, 29.335273], [34.079504, 29.34178], [34.067831, 29.369385], [34.061994, 29.378436], [34.057102, 29.393468], [34.043884, 29.403114], [34.021053, 29.413134], [34.01453, 29.420535], [34.007921, 29.438775], [34.008608, 29.444606], [34.00423, 29.457909], [33.99436, 29.469418], [33.989124, 29.483764], [33.976936, 29.506251], [33.977451, 29.527089], [33.97434, 29.540886], [33.977816, 29.545236], [33.981485, 29.556398], [33.987451, 29.560206], [33.991684, 29.57208]]}}, {"type": "Feature", "properties": {"name": "Wadi al Qureis", "network": "2657503637", "osm_way": 584807533}, "geometry": {"type": "LineString", "coordinates": [[34.254384, 29.538067], [34.248322, 29.543052], [34.23733, 29.542766], [34.234332, 29.546039], [34.218968, 29.553244], [34.217348, 29.557948], [34.218399, 29.568101], [34.211093, 29.580782]]}}, {"type": "Feature", "properties": {"name": "Wadi Abu Tarfa", "network": "5543300555", "osm_way": 584807537}, "geometry": {"type": "LineString", "coordinates": [[33.736696, 29.624877], [33.739915, 29.630473]]}}, {"type": "Feature", "properties": {"name": "Wadi Abu Treifia", "network": "5543300555", "osm_way": 584807543}, "geometry": {"type": "LineString", "coordinates": [[33.749893, 29.534352], [33.746781, 29.539318], [33.747983, 29.551471], [33.745365, 29.55763], [33.735752, 29.565096], [33.738327, 29.57719], [33.737125, 29.586595], [33.741932, 29.595999], [33.74073, 29.609432], [33.737812, 29.615849], [33.736696, 29.624877]]}}, {"type": "Feature", "properties": {"name": "Wadi Marzi", "network": "2657503637", "osm_way": 584807544}, "geometry": {"type": "LineString", "coordinates": [[33.937361, 29.111457], [33.939922, 29.112838], [33.943934, 29.121124], [33.94314, 29.135088], [33.948913, 29.13968], [33.948827, 29.145227], [33.944578, 29.150063], [33.945866, 29.158607], [33.952346, 29.165128], [33.951874, 29.174047], [33.95741, 29.178206], [33.96286, 29.175321], [33.966637, 29.180267], [33.965135, 29.186112], [33.970999, 29.188248]]}}, {"type": "Feature", "properties": {"name": "Wadi al Gaifi", "network": "2657503637", "osm_way": 584807561}, "geometry": {"type": "LineString", "coordinates": [[34.276187, 30.609519], [34.267687, 30.615393], [34.261012, 30.616633], [34.251791, 30.625147], [34.230854, 30.635618]]}}, {"type": "Feature", "properties": {"name": "Wadi Abu Muzrayqat", "network": "2657503637", "osm_way": 584807562}, "geometry": {"type": "LineString", "coordinates": [[34.140594, 30.52446], [34.146538, 30.531067], [34.145765, 30.541269], [34.151945, 30.561744], [34.149284, 30.579554], [34.153147, 30.592263], [34.152031, 30.598543], [34.155979, 30.620261], [34.152718, 30.629567], [34.161129, 30.641088], [34.159241, 30.654637], [34.159869, 30.670791], [34.157107, 30.674271], [34.156339, 30.688841], [34.154122, 30.69379]]}}, {"type": "Feature", "properties": {"name": "Wadi al Girafi", "network": "974851772", "osm_way": 584914830}, "geometry": {"type": "LineString", "coordinates": [[34.698772, 30.016769], [34.700489, 30.025296], [34.706068, 30.029049], [34.720557, 30.04581]]}}, {"type": "Feature", "properties": {"name": "Wadi al Hasha", "network": "974851772", "osm_way": 584914838}, "geometry": {"type": "LineString", "coordinates": [[34.648561, 29.963114], [34.656029, 29.970624], [34.661693, 29.983487], [34.677186, 29.989369], [34.68033, 29.99297]]}}, {"type": "Feature", "properties": {"name": "", "network": "1702678532", "osm_way": 586295544}, "geometry": {"type": "LineString", "coordinates": [[36.406196, 33.387504], [36.398334, 33.385809], [36.398994, 33.384555], [36.395179, 33.380581], [36.392769, 33.380354]]}}, {"type": "Feature", "properties": {"name": "Hafir River", "network": "331815211", "osm_way": 596105449}, "geometry": {"type": "LineString", "coordinates": [[35.823518, 33.795145], [35.827178, 33.787882], [35.825437, 33.766256], [35.816176, 33.748293], [35.81506, 33.740621], [35.81624, 33.731939], [35.820071, 33.724273]]}}, {"type": "Feature", "properties": {"name": "Wadi Mujib", "network": "1056575234", "osm_way": 600157178}, "geometry": {"type": "LineString", "coordinates": [[35.817768, 31.445111], [35.799025, 31.456018], [35.7952, 31.455309], [35.792817, 31.451486], [35.789206, 31.453467], [35.785829, 31.449763], [35.771871, 31.454179], [35.76884, 31.457341], [35.763162, 31.454817], [35.75907, 31.456696], [35.75839, 31.454229], [35.750649, 31.45093], [35.736694, 31.455104], [35.728117, 31.455195], [35.724629, 31.451103], [35.705322, 31.449179], [35.699505, 31.442504], [35.683438, 31.438193], [35.676539, 31.428924], [35.674206, 31.429369], [35.669891, 31.434762], [35.663477, 31.434842], [35.66263, 31.437122], [35.6569, 31.440308], [35.651085, 31.440104], [35.648811, 31.44569], [35.640764, 31.441223], [35.632635, 31.445797], [35.628386, 31.443262], [35.623646, 31.446708], [35.615055, 31.444513], [35.608382, 31.447538], [35.602849, 31.446658], [35.603138, 31.448129], [35.593839, 31.455659], [35.590475, 31.454675], [35.584819, 31.456533], [35.581592, 31.46307], [35.577376, 31.465959], [35.562716, 31.467947]]}}, {"type": "Feature", "properties": {"name": "", "network": "31490214", "osm_way": 605320657}, "geometry": {"type": "LineString", "coordinates": [[35.969472, 32.697247], [35.969948, 32.697537]]}}, {"type": "Feature", "properties": {"name": "", "network": "31490214", "osm_way": 605320658}, "geometry": {"type": "LineString", "coordinates": [[35.965505, 32.695482], [35.969472, 32.697247]]}}, {"type": "Feature", "properties": {"name": "", "network": "31490214", "osm_way": 605320661}, "geometry": {"type": "LineString", "coordinates": [[35.988829, 32.691241], [35.985321, 32.689285], [35.979013, 32.691247], [35.972844, 32.690173], [35.969261, 32.694371], [35.965033, 32.695518], [35.962828, 32.693877]]}}, {"type": "Feature", "properties": {"name": "", "network": "31490214", "osm_way": 605320662}, "geometry": {"type": "LineString", "coordinates": [[35.989205, 32.691443], [35.988829, 32.691241]]}}, {"type": "Feature", "properties": {"name": "", "network": "3084197973", "osm_way": 605617984}, "geometry": {"type": "LineString", "coordinates": [[35.120548, 29.927542], [35.117953, 29.927932]]}}, {"type": "Feature", "properties": {"name": "", "network": "3084197973", "osm_way": 605617985}, "geometry": {"type": "LineString", "coordinates": [[35.120752, 29.927463], [35.120548, 29.927542]]}}, {"type": "Feature", "properties": {"name": "", "network": "5743627953", "osm_way": 605617986}, "geometry": {"type": "LineString", "coordinates": [[35.15205, 29.795679], [35.154684, 29.808569], [35.155617, 29.835898], [35.157688, 29.845371], [35.160466, 29.846749], [35.161239, 29.850527], [35.158921, 29.854789], [35.158846, 29.865572], [35.160953, 29.86621], [35.160778, 29.872597], [35.158718, 29.874699], [35.164372, 29.885704], [35.154737, 29.887025], [35.154178, 29.893934]]}}, {"type": "Feature", "properties": {"name": "Berdawni River", "network": "331815211", "osm_way": 616717673}, "geometry": {"type": "LineString", "coordinates": [[35.897318, 33.849788], [35.903858, 33.845152]]}}, {"type": "Feature", "properties": {"name": "Berdawni River", "network": "331815211", "osm_way": 616717675}, "geometry": {"type": "LineString", "coordinates": [[35.896212, 33.851165], [35.897318, 33.849788]]}}, {"type": "Feature", "properties": {"name": "Berdawni River", "network": "331815211", "osm_way": 617004367}, "geometry": {"type": "LineString", "coordinates": [[35.894227, 33.854531], [35.895368, 33.853537]]}}, {"type": "Feature", "properties": {"name": "Berdawni River", "network": "331815211", "osm_way": 617004378}, "geometry": {"type": "LineString", "coordinates": [[35.895368, 33.853537], [35.895391, 33.853309]]}}, {"type": "Feature", "properties": {"name": "Berdawni River", "network": "331815211", "osm_way": 617008540}, "geometry": {"type": "LineString", "coordinates": [[35.906776, 33.844544], [35.909038, 33.84321]]}}, {"type": "Feature", "properties": {"name": "Berdawni River", "network": "331815211", "osm_way": 617008541}, "geometry": {"type": "LineString", "coordinates": [[35.905396, 33.844835], [35.906776, 33.844544]]}}, {"type": "Feature", "properties": {"name": "Berdawni River", "network": "331815211", "osm_way": 617008542}, "geometry": {"type": "LineString", "coordinates": [[35.910582, 33.842235], [35.912232, 33.838674]]}}, {"type": "Feature", "properties": {"name": "Berdawni River", "network": "331815211", "osm_way": 617010358}, "geometry": {"type": "LineString", "coordinates": [[35.893994, 33.812269], [35.894297, 33.810046], [35.889152, 33.804901], [35.891926, 33.801038], [35.89399, 33.789825], [35.894159, 33.784828], [35.8914, 33.779667]]}}, {"type": "Feature", "properties": {"name": "Berdawni River", "network": "331815211", "osm_way": 617010359}, "geometry": {"type": "LineString", "coordinates": [[35.912232, 33.838674], [35.912618, 33.837438]]}}, {"type": "Feature", "properties": {"name": "", "network": "300868310", "osm_way": 622455925}, "geometry": {"type": "LineString", "coordinates": [[36.152171, 32.1491], [36.147542, 32.147478], [36.145317, 32.150026]]}}, {"type": "Feature", "properties": {"name": "", "network": "300868310", "osm_way": 622455926}, "geometry": {"type": "LineString", "coordinates": [[36.152509, 32.148907], [36.152171, 32.1491]]}}, {"type": "Feature", "properties": {"name": "River Jordan", "network": "31490214", "osm_way": 642176672}, "geometry": {"type": "LineString", "coordinates": [[35.567754, 32.689222], [35.56352, 32.689783], [35.563469, 32.686157], [35.562237, 32.687137], [35.559396, 32.685338], [35.562044, 32.681396], [35.556646, 32.67516], [35.56401, 32.667364], [35.564829, 32.660354], [35.570149, 32.653129]]}}, {"type": "Feature", "properties": {"name": "Beirut River", "network": "292876794", "osm_way": 655014535}, "geometry": {"type": "LineString", "coordinates": [[35.533971, 33.890222], [35.53538, 33.892645]]}}, {"type": "Feature", "properties": {"name": "River Jordan", "network": "31490214", "osm_way": 659776268}, "geometry": {"type": "LineString", "coordinates": [[35.546365, 31.836844], [35.546268, 31.836632]]}}, {"type": "Feature", "properties": {"name": "Nahr Abou Aali", "network": "559273141", "osm_way": 685044675}, "geometry": {"type": "LineString", "coordinates": [[35.84674, 34.437049], [35.847165, 34.439746]]}}, {"type": "Feature", "properties": {"name": "Nahr Abou Aali", "network": "559273141", "osm_way": 685044676}, "geometry": {"type": "LineString", "coordinates": [[35.847165, 34.439746], [35.847715, 34.445335]]}}, {"type": "Feature", "properties": {"name": "Nahr Abou Aali", "network": "559273141", "osm_way": 685044679}, "geometry": {"type": "LineString", "coordinates": [[35.847715, 34.445335], [35.847618, 34.445595]]}}, {"type": "Feature", "properties": {"name": "Nahr Abou Aali", "network": "559273141", "osm_way": 685044680}, "geometry": {"type": "LineString", "coordinates": [[35.847618, 34.445595], [35.842412, 34.452393], [35.841269, 34.457772]]}}, {"type": "Feature", "properties": {"name": "Wadi Zerka Ma'in", "network": "778617693", "osm_way": 700356478}, "geometry": {"type": "LineString", "coordinates": [[35.567457, 31.618122], [35.567159, 31.618382]]}}, {"type": "Feature", "properties": {"name": "Wadi Zerka Ma'in", "network": "778617693", "osm_way": 700356479}, "geometry": {"type": "LineString", "coordinates": [[35.567159, 31.618382], [35.565841, 31.622666]]}}, {"type": "Feature", "properties": {"name": "", "network": "5814198516", "osm_way": 700680512}, "geometry": {"type": "LineString", "coordinates": [[36.805594, 30.993025], [36.812182, 30.992951], [36.814928, 30.988757], [36.819863, 30.987893], [36.854045, 30.970066], [36.905994, 30.95358], [36.911616, 30.943016], [36.932645, 30.932157], [36.951227, 30.933188], [36.975346, 30.92682], [37.007146, 30.929249], [37.054117, 30.909295], [37.070038, 30.909847], [37.086625, 30.916594]]}}, {"type": "Feature", "properties": {"name": "Wadi Ba'ir", "network": "5814198516", "osm_way": 700680513}, "geometry": {"type": "LineString", "coordinates": [[36.937505, 30.859353], [36.945401, 30.86475], [36.960411, 30.869824], [36.963029, 30.873535], [36.971891, 30.879005], [36.987469, 30.884106], [36.99646, 30.88325], [37.003241, 30.886721], [37.009431, 30.88626], [37.018518, 30.889437], [37.028625, 30.889603], [37.029398, 30.887411], [37.036124, 30.886325], [37.038742, 30.888489], [37.048237, 30.887844], [37.059685, 30.891462], [37.064009, 30.896554], [37.070317, 30.898027], [37.070467, 30.902105], [37.077795, 30.904996], [37.086625, 30.916594], [37.105873, 30.920957], [37.114048, 30.930878], [37.115432, 30.936575], [37.11805, 30.936464], [37.122771, 30.94032], [37.124884, 30.944415], [37.132244, 30.947267], [37.138038, 30.952218], [37.139046, 30.955981], [37.143402, 30.955806], [37.148917, 30.960448], [37.160842, 30.962343], [37.168551, 30.968691], [37.177842, 30.970549], [37.183335, 30.978409], [37.195769, 30.980681], [37.204557, 30.984535], [37.21315, 30.990017], [37.214405, 30.993779], [37.222195, 30.997724], [37.230005, 30.998635], [37.251999, 30.993549], [37.259402, 30.994036], [37.266676, 30.989079], [37.279036, 30.992224], [37.282147, 30.996271], [37.289046, 30.999536], [37.294453, 30.999288], [37.316641, 31.016217], [37.319022, 31.019886], [37.31884, 31.023848], [37.328163, 31.030155], [37.330931, 31.035156], [37.337669, 31.038282], [37.339439, 31.041867], [37.33812, 31.044901], [37.344772, 31.050507], [37.344085, 31.054303], [37.348173, 31.055912], [37.347926, 31.059423], [37.353891, 31.066665], [37.356681, 31.079328], [37.364566, 31.08258], [37.373729, 31.082029], [37.383599, 31.0904], [37.384715, 31.095269], [37.387483, 31.097547], [37.395283, 31.101957], [37.404524, 31.101788], [37.410466, 31.108282], [37.42226, 31.113666], [37.428933, 31.120445], [37.441369, 31.1264], [37.445181, 31.129377], [37.447657, 31.136847], [37.457116, 31.150829], [37.460478, 31.151598], [37.467139, 31.147194], [37.473966, 31.15106], [37.479433, 31.161086], [37.486017, 31.165688], [37.487762, 31.170223], [37.485272, 31.176075], [37.486684, 31.180951], [37.491407, 31.186495], [37.510722, 31.195716], [37.515241, 31.196026], [37.517829, 31.199017], [37.545132, 31.213661], [37.553958, 31.226295], [37.56574, 31.230431], [37.575685, 31.248084]]}}, {"type": "Feature", "properties": {"name": "", "network": "5814198516", "osm_way": 700680534}, "geometry": {"type": "LineString", "coordinates": [[36.656581, 30.748733], [36.661913, 30.749074], [36.668436, 30.742389], [36.676794, 30.745736], [36.675571, 30.750595], [36.676966, 30.754136], [36.672803, 30.757188], [36.668297, 30.766158], [36.671419, 30.777829], [36.675646, 30.779469], [36.679949, 30.784954], [36.685238, 30.785156], [36.691783, 30.791829], [36.690699, 30.79806], [36.686397, 30.800262], [36.685281, 30.80404], [36.689079, 30.804907], [36.691504, 30.808546], [36.703209, 30.802013], [36.709367, 30.803248], [36.710606, 30.810187], [36.702683, 30.820673], [36.703702, 30.825049], [36.709099, 30.82925], [36.721727, 30.83101], [36.726211, 30.837523], [36.725374, 30.842267], [36.727767, 30.84632], [36.726565, 30.850962], [36.731265, 30.857354], [36.731007, 30.863755], [36.743592, 30.86754], [36.74548, 30.870883], [36.742369, 30.876988], [36.75137, 30.882136], [36.777549, 30.881841], [36.788653, 30.872301], [36.803073, 30.869235], [36.809199, 30.864041], [36.816183, 30.863838], [36.822846, 30.870367], [36.829605, 30.871684], [36.832395, 30.869437], [36.840259, 30.868526], [36.846707, 30.864317], [36.851942, 30.857253], [36.862725, 30.861425], [36.866941, 30.866628], [36.875213, 30.869179], [36.897948, 30.8687], [36.904911, 30.873811], [36.920371, 30.869373], [36.937505, 30.859353]]}}, {"type": "Feature", "properties": {"name": "", "network": "5814198516", "osm_way": 700680535}, "geometry": {"type": "LineString", "coordinates": [[36.886602, 30.752061], [36.882289, 30.752518], [36.879108, 30.756035], [36.879205, 30.759106], [36.890148, 30.768601], [36.897411, 30.780354], [36.901317, 30.781488], [36.904997, 30.785507], [36.90372, 30.791544], [36.910758, 30.794244], [36.911509, 30.798723], [36.909953, 30.801184], [36.90401, 30.804317], [36.900748, 30.808537], [36.907218, 30.816858], [36.918118, 30.819244], [36.920071, 30.820359], [36.919802, 30.822524], [36.923246, 30.823326], [36.924298, 30.834501], [36.921208, 30.839411], [36.921669, 30.843547], [36.928589, 30.850898], [36.929619, 30.855171], [36.932945, 30.855356], [36.937505, 30.859353]]}}, {"type": "Feature", "properties": {"name": "", "network": "5814198516", "osm_way": 700682785}, "geometry": {"type": "LineString", "coordinates": [[36.855955, 30.575508], [36.856449, 30.581586], [36.85338, 30.586148], [36.863015, 30.591708], [36.866491, 30.59797], [36.860268, 30.60436], [36.859796, 30.60702], [36.86913, 30.612689], [36.872563, 30.616909], [36.871491, 30.623141], [36.863605, 30.629955], [36.863465, 30.63422], [36.868014, 30.634072], [36.871963, 30.631542], [36.878786, 30.631838], [36.883324, 30.635955], [36.878239, 30.638974], [36.870707, 30.638595], [36.86943, 30.640967], [36.872059, 30.645583], [36.877842, 30.648666], [36.879451, 30.651582], [36.873937, 30.657498], [36.876866, 30.662085]]}}, {"type": "Feature", "properties": {"name": "", "network": "5814198516", "osm_way": 700682786}, "geometry": {"type": "LineString", "coordinates": [[36.876866, 30.662085], [36.881801, 30.668878], [36.880347, 30.674253], [36.889338, 30.684583], [36.885642, 30.688984], [36.876361, 30.68783], [36.873175, 30.690266], [36.875095, 30.693375], [36.883528, 30.695248], [36.885331, 30.700645], [36.880353, 30.705405], [36.883324, 30.709113], [36.893485, 30.714436], [36.890298, 30.719868], [36.890985, 30.726555], [36.883464, 30.730382], [36.885009, 30.737907], [36.889493, 30.739991], [36.894836, 30.73859], [36.900802, 30.739623], [36.907239, 30.748512], [36.90711, 30.751499], [36.902239, 30.755187], [36.886602, 30.752061]]}}, {"type": "Feature", "properties": {"name": "", "network": "5814198516", "osm_way": 700682787}, "geometry": {"type": "LineString", "coordinates": [[36.660047, 30.523785], [36.688467, 30.515125], [36.700408, 30.519404], [36.699336, 30.524007], [36.70264, 30.530032], [36.699261, 30.532758], [36.700408, 30.536917], [36.696192, 30.540243], [36.700913, 30.547146], [36.69911, 30.549511], [36.699733, 30.554149], [36.696385, 30.557725], [36.702479, 30.560358], [36.704518, 30.564007], [36.710665, 30.564829], [36.710837, 30.567619], [36.707672, 30.570455], [36.710011, 30.574279], [36.707211, 30.578861], [36.713068, 30.580459], [36.715997, 30.583747], [36.714817, 30.587857], [36.709346, 30.590683], [36.71074, 30.594257], [36.716985, 30.595901], [36.715601, 30.598764], [36.710751, 30.601461], [36.709871, 30.605949], [36.717221, 30.606106], [36.720412, 30.611249], [36.729741, 30.612348], [36.730889, 30.618719], [36.736833, 30.619393], [36.741446, 30.624074], [36.741318, 30.629456], [36.748302, 30.631062], [36.748259, 30.633813], [36.73959, 30.637173], [36.739762, 30.643007], [36.745974, 30.644014], [36.752143, 30.640386], [36.758012, 30.643912], [36.769095, 30.6407], [36.772431, 30.645924], [36.772774, 30.651158], [36.778182, 30.653899], [36.781347, 30.652524], [36.781003, 30.646035], [36.783954, 30.643063], [36.788342, 30.640054], [36.79339, 30.640474], [36.794897, 30.644171], [36.791829, 30.651296], [36.792119, 30.655394], [36.798234, 30.662851], [36.80288, 30.664328], [36.813404, 30.661578], [36.839379, 30.671157], [36.843445, 30.669477], [36.84352, 30.655579], [36.8525, 30.648933], [36.861566, 30.65065], [36.865461, 30.654324], [36.86206, 30.659141], [36.863122, 30.66681], [36.871887, 30.665685], [36.876866, 30.662085]]}}, {"type": "Feature", "properties": {"name": "", "network": "5814198516", "osm_way": 700682788}, "geometry": {"type": "LineString", "coordinates": [[36.570407, 30.670949], [36.574865, 30.672523], [36.58046, 30.679637], [36.585481, 30.676832], [36.589032, 30.677173], [36.585771, 30.685321], [36.590046, 30.689196], [36.587563, 30.692646], [36.588829, 30.694814]]}}, {"type": "Feature", "properties": {"name": "", "network": "5814198516", "osm_way": 700682789}, "geometry": {"type": "LineString", "coordinates": [[36.54896, 30.693468], [36.557125, 30.691955], [36.56, 30.687867], [36.562071, 30.691604], [36.568444, 30.693532]]}}, {"type": "Feature", "properties": {"name": "", "network": "5814198516", "osm_way": 700682790}, "geometry": {"type": "LineString", "coordinates": [[36.535077, 30.659409], [36.546407, 30.665445], [36.547909, 30.674276], [36.553863, 30.676574], [36.553155, 30.682405], [36.562908, 30.682903], [36.56677, 30.686806], [36.564066, 30.688624], [36.564538, 30.690644], [36.569839, 30.694243], [36.572639, 30.691558], [36.579827, 30.690829], [36.582681, 30.698173], [36.585095, 30.699187], [36.588399, 30.697702], [36.588829, 30.694814], [36.591189, 30.69463], [36.596929, 30.707674]]}}, {"type": "Feature", "properties": {"name": "", "network": "5814198516", "osm_way": 700682791}, "geometry": {"type": "LineString", "coordinates": [[36.558225, 30.698947], [36.569635, 30.702785]]}}, {"type": "Feature", "properties": {"name": "", "network": "5814198516", "osm_way": 700682792}, "geometry": {"type": "LineString", "coordinates": [[36.550076, 30.706521], [36.569635, 30.702785]]}}, {"type": "Feature", "properties": {"name": "", "network": "5814198516", "osm_way": 700682793}, "geometry": {"type": "LineString", "coordinates": [[36.569635, 30.702785], [36.583121, 30.70392], [36.588786, 30.708016], [36.596929, 30.707674]]}}, {"type": "Feature", "properties": {"name": "", "network": "5814198516", "osm_way": 700682794}, "geometry": {"type": "LineString", "coordinates": [[36.611209, 30.735039], [36.618848, 30.736598], [36.624395, 30.732697], [36.626444, 30.728778]]}}, {"type": "Feature", "properties": {"name": "", "network": "5814198516", "osm_way": 700682795}, "geometry": {"type": "LineString", "coordinates": [[36.596929, 30.707674], [36.600823, 30.713698], [36.609707, 30.715552], [36.616187, 30.719407], [36.621863, 30.715044], [36.62653, 30.715339], [36.628236, 30.721196], [36.6227, 30.725365], [36.625521, 30.728538], [36.640928, 30.731637], [36.648041, 30.728261], [36.652955, 30.729608], [36.658351, 30.727477], [36.661109, 30.735777], [36.653888, 30.738046], [36.651002, 30.743348], [36.656581, 30.748733]]}}, {"type": "Feature", "properties": {"name": "Wadi Mudaysis", "network": "2083748467", "osm_way": 700684069}, "geometry": {"type": "LineString", "coordinates": [[36.829476, 31.162394], [36.847844, 31.182278], [36.860053, 31.185123], [36.865847, 31.184444], [36.875782, 31.188721], [36.883249, 31.198376], [36.893077, 31.204102], [36.901832, 31.215958], [36.91329, 31.223371], [36.93243, 31.245609], [36.933804, 31.252433], [36.941099, 31.257716], [36.942322, 31.260522], [36.940584, 31.271545], [36.94449, 31.278257], [36.942322, 31.283906], [36.942902, 31.293056], [36.945938, 31.296613], [36.944565, 31.301004], [36.949081, 31.316972], [36.948706, 31.321637], [36.944382, 31.328988], [36.952096, 31.338885], [36.954446, 31.343686], [36.953373, 31.348259], [36.957289, 31.353426], [36.954703, 31.368506], [36.95701, 31.378491], [36.962932, 31.386853], [36.9626, 31.392614], [36.968876, 31.40211], [36.975893, 31.408127], [36.976665, 31.414472], [36.974573, 31.420314], [36.976408, 31.423701], [36.974401, 31.428352], [36.976311, 31.430659], [36.976011, 31.434943], [36.97968, 31.439868], [36.98041, 31.44763], [36.995215, 31.466575], [37.003927, 31.473255], [37.021437, 31.478708], [37.0313, 31.476472]]}}, {"type": "Feature", "properties": {"name": "Nahal Kishon", "network": "816417790", "osm_way": 701597540}, "geometry": {"type": "LineString", "coordinates": [[35.086911, 32.740525], [35.086354, 32.743189], [35.082922, 32.744596], [35.080822, 32.74821]]}}, {"type": "Feature", "properties": {"name": "", "network": "4978001819", "osm_way": 719520156}, "geometry": {"type": "LineString", "coordinates": [[37.323583, 32.986379], [37.320912, 32.98207], [37.322425, 32.975896], [37.328683, 32.966901], [37.335782, 32.96734], [37.342002, 32.953719], [37.340769, 32.948594], [37.349866, 32.94016], [37.350408, 32.931255], [37.33991, 32.927288], [37.33156, 32.926818], [37.3276, 32.91879], [37.322724, 32.914305], [37.321473, 32.906323], [37.311166, 32.898991]]}}, {"type": "Feature", "properties": {"name": "", "network": "6853059156", "osm_way": 731817537}, "geometry": {"type": "LineString", "coordinates": [[36.500573, 31.823069], [36.507858, 31.817125], [36.522481, 31.818091], [36.531376, 31.810743], [36.547029, 31.811354], [36.548831, 31.804087], [36.552061, 31.801488], [36.560622, 31.800704], [36.569173, 31.804671], [36.577424, 31.804552], [36.586205, 31.79974], [36.606558, 31.796218]]}}, {"type": "Feature", "properties": {"name": "Zarqa River", "network": "31490214", "osm_way": 750621114}, "geometry": {"type": "LineString", "coordinates": [[35.682971, 32.189266], [35.679934, 32.194384], [35.677573, 32.193894]]}}, {"type": "Feature", "properties": {"name": "Zarqa River", "network": "31490214", "osm_way": 750621115}, "geometry": {"type": "LineString", "coordinates": [[35.713795, 32.185017], [35.707019, 32.187247], [35.69877, 32.186807], [35.697091, 32.184235], [35.693242, 32.188293], [35.688023, 32.188175]]}}, {"type": "Feature", "properties": {"name": "Zarqa River", "network": "31490214", "osm_way": 750621116}, "geometry": {"type": "LineString", "coordinates": [[35.746034, 32.185162], [35.734999, 32.1864], [35.731476, 32.184683], [35.726075, 32.186767], [35.713795, 32.185017]]}}, {"type": "Feature", "properties": {"name": "Wadi Uqabah", "network": "2657503637", "osm_way": 756938001}, "geometry": {"type": "LineString", "coordinates": [[33.906986, 30.102557], [33.896942, 30.124825], [33.895826, 30.135812], [33.884239, 30.15819], [33.883553, 30.16702], [33.880377, 30.174218], [33.88072, 30.185719], [33.873339, 30.203449], [33.871879, 30.215113]]}}, {"type": "Feature", "properties": {"name": "Wadi Uqabah", "network": "2657503637", "osm_way": 756938002}, "geometry": {"type": "LineString", "coordinates": [[33.907063, 30.102442], [33.906986, 30.102557]]}}, {"type": "Feature", "properties": {"name": "Wadi Abu Treifia", "network": "5543300555", "osm_way": 756953893}, "geometry": {"type": "LineString", "coordinates": [[33.728876, 29.900637], [33.742833, 29.909061]]}}, {"type": "Feature", "properties": {"name": "Wadi Abu Treifia", "network": "5543300555", "osm_way": 756953894}, "geometry": {"type": "LineString", "coordinates": [[33.727711, 29.899522], [33.728876, 29.900637]]}}, {"type": "Feature", "properties": {"name": "Wadi Abu Treifia", "network": "5543300555", "osm_way": 757007740}, "geometry": {"type": "LineString", "coordinates": [[33.694087, 29.860759], [33.694897, 29.869006], [33.702621, 29.874067], [33.704338, 29.881509], [33.711119, 29.89029], [33.716655, 29.895759], [33.727711, 29.899522]]}}, {"type": "Feature", "properties": {"name": "Wadi Abu Treifia", "network": "5543300555", "osm_way": 757007741}, "geometry": {"type": "LineString", "coordinates": [[33.694092, 29.860627], [33.694087, 29.860759]]}}, {"type": "Feature", "properties": {"name": "Wadi Abu Muzrayqat", "network": "2657503637", "osm_way": 757031468}, "geometry": {"type": "LineString", "coordinates": [[34.139532, 30.523961], [34.140594, 30.52446]]}}, {"type": "Feature", "properties": {"name": "Wadi Abu Muzrayqat", "network": "2657503637", "osm_way": 757031469}, "geometry": {"type": "LineString", "coordinates": [[34.096454, 30.488978], [34.101477, 30.494391], [34.111862, 30.499346], [34.114694, 30.506593], [34.139532, 30.523961]]}}, {"type": "Feature", "properties": {"name": "Wadi al Qariya", "network": "2657503637", "osm_way": 757037392}, "geometry": {"type": "LineString", "coordinates": [[34.072934, 30.340256], [34.056244, 30.359471], [34.049206, 30.372505], [34.044227, 30.396717], [34.032726, 30.410338], [34.028864, 30.420626], [34.021311, 30.42936], [34.008104, 30.439147]]}}, {"type": "Feature", "properties": {"name": "Wadi al Qariya", "network": "2657503637", "osm_way": 757037393}, "geometry": {"type": "LineString", "coordinates": [[34.073036, 30.340179], [34.072934, 30.340256]]}}, {"type": "Feature", "properties": {"name": "Wadi al Buruk", "network": "2657503637", "osm_way": 757048540}, "geometry": {"type": "LineString", "coordinates": [[33.746202, 30.243113], [33.746379, 30.243173]]}}, {"type": "Feature", "properties": {"name": "Wadi al Buruk", "network": "2657503637", "osm_way": 757048541}, "geometry": {"type": "LineString", "coordinates": [[33.552661, 30.169771], [33.582458, 30.170063], [33.602714, 30.175702], [33.6343, 30.195882], [33.652839, 30.203004], [33.684082, 30.21146], [33.726825, 30.23015], [33.746202, 30.243113]]}}, {"type": "Feature", "properties": {"name": "", "network": "7096874261", "osm_way": 759728307}, "geometry": {"type": "LineString", "coordinates": [[37.771444, 34.684108], [37.75887, 34.680473], [37.751939, 34.674791], [37.742691, 34.675903], [37.740373, 34.674385], [37.740223, 34.668879], [37.730932, 34.664644], [37.727349, 34.657019], [37.717392, 34.651512], [37.717671, 34.647046], [37.721941, 34.64461], [37.7178, 34.640126], [37.719839, 34.638149], [37.718916, 34.633076], [37.712197, 34.628055], [37.707569, 34.627697], [37.706445, 34.624717], [37.701708, 34.625729], [37.697068, 34.621183], [37.692904, 34.621547], [37.684494, 34.616367], [37.683658, 34.610255], [37.687462, 34.606963], [37.680166, 34.602078], [37.679658, 34.596721]]}}, {"type": "Feature", "properties": {"name": "Valley of Gaza (Wadi Ghazza)", "network": "332110084", "osm_way": 759916717}, "geometry": {"type": "LineString", "coordinates": [[34.414573, 31.455706], [34.402262, 31.459512]]}}, {"type": "Feature", "properties": {"name": "Nahal Arava", "network": "974851772", "osm_way": 764983754}, "geometry": {"type": "LineString", "coordinates": [[35.434433, 31.014803], [35.429617, 31.019988], [35.430918, 31.025561], [35.422776, 31.041679], [35.423198, 31.046582], [35.44502, 31.078165]]}}, {"type": "Feature", "properties": {"name": "Wadi al Buruk", "network": "2657503637", "osm_way": 767324619}, "geometry": {"type": "LineString", "coordinates": [[33.459573, 30.134371], [33.473024, 30.152772], [33.486414, 30.160787], [33.513279, 30.168208], [33.552661, 30.169771]]}}, {"type": "Feature", "properties": {"name": "Wadi al Uitm", "network": "1800672525", "osm_way": 768973480}, "geometry": {"type": "LineString", "coordinates": [[35.080404, 29.567065], [35.08074, 29.568745], [35.075408, 29.571768], [35.063092, 29.573156], [35.05441, 29.576663], [35.045427, 29.587485], [35.03834, 29.618138], [35.045607, 29.641589], [35.045743, 29.648232], [35.03369, 29.66255], [35.030107, 29.664864], [35.025215, 29.664939]]}}, {"type": "Feature", "properties": {"name": "Wadi al Uitm", "network": "1800672525", "osm_way": 768973481}, "geometry": {"type": "LineString", "coordinates": [[35.080179, 29.56674], [35.080404, 29.567065]]}}, {"type": "Feature", "properties": {"name": "", "network": "292876794", "osm_way": 775731439}, "geometry": {"type": "LineString", "coordinates": [[35.613438, 33.854545], [35.612698, 33.848264], [35.607097, 33.844664]]}}, {"type": "Feature", "properties": {"name": "", "network": "4537936164", "osm_way": 775733638}, "geometry": {"type": "LineString", "coordinates": [[36.415844, 34.266251], [36.416667, 34.27068], [36.430052, 34.290963]]}}, {"type": "Feature", "properties": {"name": "", "network": "1133097044", "osm_way": 775733640}, "geometry": {"type": "LineString", "coordinates": [[36.51392, 34.180406], [36.513212, 34.188536], [36.510701, 34.191074], [36.506313, 34.204243], [36.496421, 34.212379], [36.493326, 34.227066], [36.487607, 34.230406], [36.481031, 34.237932], [36.476466, 34.24951], [36.476406, 34.256334], [36.450969, 34.257754], [36.43678, 34.255885], [36.435603, 34.251951], [36.431465, 34.253468], [36.429102, 34.257955], [36.426875, 34.258612]]}}, {"type": "Feature", "properties": {"name": "", "network": "279361488", "osm_way": 775738459}, "geometry": {"type": "LineString", "coordinates": [[36.404681, 34.242343], [36.398081, 34.243126], [36.390892, 34.247788], [36.375612, 34.262603], [36.368534, 34.28199], [36.36274, 34.287562], [36.365797, 34.299871]]}}, {"type": "Feature", "properties": {"name": "", "network": "279361488", "osm_way": 775738460}, "geometry": {"type": "LineString", "coordinates": [[36.40477, 34.242348], [36.404681, 34.242343]]}}, {"type": "Feature", "properties": {"name": "", "network": "4537936164", "osm_way": 776448746}, "geometry": {"type": "LineString", "coordinates": [[36.432149, 34.297288], [36.434401, 34.305052]]}}, {"type": "Feature", "properties": {"name": "", "network": "4537936164", "osm_way": 776448747}, "geometry": {"type": "LineString", "coordinates": [[36.432206, 34.297213], [36.432149, 34.297288]]}}, {"type": "Feature", "properties": {"name": "", "network": "331815211", "osm_way": 781657455}, "geometry": {"type": "LineString", "coordinates": [[35.591336, 33.422702], [35.591487, 33.415314], [35.595982, 33.411553], [35.596958, 33.407093]]}}, {"type": "Feature", "properties": {"name": "", "network": "1133097044", "osm_way": 781734610}, "geometry": {"type": "LineString", "coordinates": [[36.527224, 34.215635], [36.523844, 34.214677], [36.514322, 34.219317], [36.5006, 34.221268], [36.492671, 34.227729]]}}, {"type": "Feature", "properties": {"name": "Nahr Aray", "network": "559220103", "osm_way": 782033503}, "geometry": {"type": "LineString", "coordinates": [[35.622784, 33.540595], [35.614281, 33.540832], [35.602555, 33.5463], [35.5992, 33.549724], [35.588402, 33.551306], [35.58449, 33.555585], [35.584521, 33.56155], [35.590382, 33.574064], [35.593159, 33.576114], [35.590419, 33.58714], [35.587667, 33.588624], [35.589598, 33.591144], [35.589148, 33.59505], [35.585531, 33.598587]]}}, {"type": "Feature", "properties": {"name": "", "network": "559273141", "osm_way": 782090526}, "geometry": {"type": "LineString", "coordinates": [[36.036127, 34.24379], [36.026903, 34.244205], [36.021928, 34.247078], [36.00916, 34.245289], [36.002047, 34.247586], [35.996524, 34.246089], [35.981651, 34.249076], [35.970507, 34.248504], [35.946981, 34.255465], [35.9396, 34.259775], [35.931757, 34.278137], [35.92849, 34.283124], [35.925025, 34.28456]]}}, {"type": "Feature", "properties": {"name": "Jaouz River", "network": "559212731", "osm_way": 783016257}, "geometry": {"type": "LineString", "coordinates": [[35.844598, 34.2196], [35.841015, 34.221481], [35.828705, 34.236189], [35.822873, 34.239776], [35.815702, 34.239788], [35.798921, 34.248661], [35.787484, 34.24804], [35.783072, 34.251194], [35.780552, 34.250315], [35.777521, 34.252528], [35.777695, 34.255131], [35.768532, 34.260653], [35.764203, 34.259868], [35.764055, 34.262656], [35.759991, 34.26234], [35.758637, 34.264823], [35.75317, 34.262732], [35.748868, 34.265383], [35.746872, 34.263362], [35.742409, 34.264798], [35.739781, 34.263645], [35.73027, 34.266343]]}}, {"type": "Feature", "properties": {"name": "", "network": "559212731", "osm_way": 783016258}, "geometry": {"type": "LineString", "coordinates": [[35.728837, 34.257518], [35.730296, 34.259983], [35.728666, 34.263929], [35.730017, 34.26932]]}}, {"type": "Feature", "properties": {"name": "", "network": "559273141", "osm_way": 783054177}, "geometry": {"type": "LineString", "coordinates": [[35.978631, 34.27491], [35.970864, 34.277836], [35.969635, 34.281138], [35.958745, 34.281803]]}}, {"type": "Feature", "properties": {"name": "Al Aawaj", "network": "4519275426", "osm_way": 831761946}, "geometry": {"type": "LineString", "coordinates": [[36.162622, 33.358593], [36.166423, 33.361341], [36.171299, 33.358673], [36.177603, 33.36053], [36.181096, 33.358868], [36.190222, 33.359617], [36.195611, 33.355475], [36.201308, 33.356606], [36.201527, 33.354452], [36.205086, 33.356349], [36.209175, 33.355536], [36.218363, 33.361716], [36.222127, 33.360943], [36.221557, 33.358946], [36.227143, 33.356349], [36.228105, 33.353134], [36.230823, 33.352994], [36.232027, 33.350497], [36.24457, 33.352959], [36.247629, 33.356433]]}}, {"type": "Feature", "properties": {"name": "", "network": "1560850554", "osm_way": 832282037}, "geometry": {"type": "LineString", "coordinates": [[36.070747, 33.31942], [36.076849, 33.32249], [36.076914, 33.325466], [36.0786, 33.325053]]}}, {"type": "Feature", "properties": {"name": "", "network": "1560850554", "osm_way": 832282040}, "geometry": {"type": "LineString", "coordinates": [[36.065226, 33.319414], [36.065507, 33.31956]]}}, {"type": "Feature", "properties": {"name": "Wadi al Masak", "network": "2301854529", "osm_way": 838295735}, "geometry": {"type": "LineString", "coordinates": [[34.643012, 29.010778], [34.650514, 29.011509], [34.664129, 29.008825], [34.673828, 29.002126], [34.686061, 29.002642]]}}, {"type": "Feature", "properties": {"name": "Wadi al Masak", "network": "2301854529", "osm_way": 838295736}, "geometry": {"type": "LineString", "coordinates": [[34.64269, 29.010763], [34.643012, 29.010778]]}}, {"type": "Feature", "properties": {"name": "Nahal Dan", "network": "31490214", "osm_way": 842438979}, "geometry": {"type": "LineString", "coordinates": [[35.638454, 33.226241], [35.640459, 33.217312], [35.629616, 33.213987], [35.62814, 33.207308], [35.630005, 33.205409], [35.625966, 33.199963], [35.625514, 33.195605]]}}, {"type": "Feature", "properties": {"name": "Nahal Dan", "network": "31490214", "osm_way": 842438980}, "geometry": {"type": "LineString", "coordinates": [[35.63814, 33.226648], [35.638454, 33.226241]]}}, {"type": "Feature", "properties": {"name": "River Jordan", "network": "31490214", "osm_way": 845106660}, "geometry": {"type": "LineString", "coordinates": [[35.570149, 32.653129], [35.569747, 32.652776]]}}, {"type": "Feature", "properties": {"name": "River Jordan", "network": "31490214", "osm_way": 845106661}, "geometry": {"type": "LineString", "coordinates": [[35.569747, 32.652776], [35.568447, 32.649294], [35.564218, 32.648284]]}}, {"type": "Feature", "properties": {"name": "", "network": "7999958657", "osm_way": 858124531}, "geometry": {"type": "LineString", "coordinates": [[36.372836, 31.391982], [36.380249, 31.392183], [36.384004, 31.389601], [36.390259, 31.388758], [36.391557, 31.383171], [36.399239, 31.382484], [36.409045, 31.376869], [36.41338, 31.37632], [36.416545, 31.369596], [36.427681, 31.363733], [36.425611, 31.357586], [36.428089, 31.354526], [36.44017, 31.356935], [36.462443, 31.355213], [36.464653, 31.354461], [36.466649, 31.344255], [36.483986, 31.341982], [36.493685, 31.33652], [36.496196, 31.33225], [36.499414, 31.331425], [36.510851, 31.337034], [36.522932, 31.337675], [36.533639, 31.334743], [36.544261, 31.328584], [36.545098, 31.324112], [36.550848, 31.320719]]}}, {"type": "Feature", "properties": {"name": "", "network": "7999959368", "osm_way": 858124690}, "geometry": {"type": "LineString", "coordinates": [[36.629062, 31.416688], [36.632645, 31.418812]]}}, {"type": "Feature", "properties": {"name": "", "network": "7999959368", "osm_way": 858124691}, "geometry": {"type": "LineString", "coordinates": [[36.628096, 31.421669], [36.633718, 31.419032], [36.646872, 31.439758], [36.660347, 31.445433], [36.659145, 31.449827], [36.661034, 31.454073], [36.667127, 31.459345], [36.664209, 31.471718], [36.66687, 31.484527], [36.659365, 31.495012], [36.660175, 31.505532], [36.670732, 31.522435], [36.670732, 31.53136], [36.672706, 31.536701], [36.680646, 31.541803]]}}, {"type": "Feature", "properties": {"name": "\u0648\u0627\u062f\u064a \u0627\u0644\u062c\u0648\u0639\u0644\u064a\u0627\u062a", "network": "7999996889", "osm_way": 858128790}, "geometry": {"type": "LineString", "coordinates": [[36.428776, 31.414674], [36.440964, 31.412989], [36.446371, 31.411158], [36.44886, 31.408008], [36.460361, 31.412769], [36.466627, 31.412549], [36.472635, 31.407055], [36.47727, 31.40603], [36.488943, 31.409692], [36.503534, 31.408374], [36.509199, 31.403905], [36.51289, 31.394894], [36.517868, 31.393722], [36.524906, 31.395627], [36.536922, 31.393722], [36.54396, 31.385516], [36.560783, 31.389033], [36.570139, 31.38808], [36.586704, 31.381559], [36.599498, 31.371399]]}}, {"type": "Feature", "properties": {"name": "", "network": "7999959368", "osm_way": 858129757}, "geometry": {"type": "LineString", "coordinates": [[36.500873, 31.439209], [36.506195, 31.443603], [36.50774, 31.449241], [36.506367, 31.458686], [36.517181, 31.468789], [36.521162, 31.478632]]}}, {"type": "Feature", "properties": {"name": "\u0648\u0627\u062f\u064a \u0627\u0644\u0628\u0633\u0629", "network": "7999959368", "osm_way": 858129758}, "geometry": {"type": "LineString", "coordinates": [[36.494779, 31.427198], [36.492119, 31.433863], [36.489286, 31.435694], [36.494951, 31.446166], [36.494865, 31.453048], [36.500187, 31.457661], [36.499071, 31.464177], [36.505251, 31.468277], [36.509886, 31.476768], [36.523447, 31.479111], [36.527653, 31.485625], [36.527223, 31.492652], [36.529713, 31.49697], [36.560183, 31.504947], [36.587047, 31.503849], [36.592884, 31.51585], [36.597605, 31.519654], [36.605415, 31.519947], [36.615972, 31.51563], [36.628589, 31.51424], [36.632709, 31.517972], [36.64052, 31.520606], [36.651506, 31.533116], [36.656484, 31.532897], [36.663351, 31.536847], [36.680646, 31.541803], [36.684379, 31.554402], [36.693478, 31.560107], [36.724891, 31.568591], [36.740341, 31.578974], [36.765628, 31.605258]]}}, {"type": "Feature", "properties": {"name": "Jashat al Adla", "network": "8000170916", "osm_way": 858152366}, "geometry": {"type": "LineString", "coordinates": [[36.548681, 31.094029], [36.558895, 31.097556], [36.577949, 31.096013], [36.588249, 31.098145], [36.592627, 31.103804], [36.596575, 31.118648], [36.601639, 31.124158], [36.608934, 31.127538], [36.60799, 31.135546], [36.620436, 31.14539], [36.620607, 31.153397], [36.633482, 31.160007], [36.636915, 31.165883], [36.642237, 31.167132], [36.647215, 31.173668], [36.64464, 31.180056], [36.64567, 31.185343], [36.657772, 31.190337], [36.657343, 31.198193], [36.662407, 31.200909], [36.664553, 31.205314], [36.66172, 31.213462], [36.663866, 31.21838], [36.675539, 31.224546], [36.677942, 31.232766], [36.682405, 31.238564], [36.694765, 31.2335], [36.707554, 31.236656], [36.730642, 31.237389], [36.735105, 31.241279], [36.739826, 31.252286], [36.751327, 31.264833], [36.755876, 31.274296], [36.776133, 31.300995], [36.776133, 31.312582], [36.770639, 31.320574], [36.768837, 31.34726], [36.775961, 31.357375], [36.781025, 31.371593], [36.782742, 31.380313], [36.778965, 31.401268], [36.77948, 31.413648], [36.787548, 31.425587], [36.819992, 31.451145], [36.860762, 31.458393], [36.878185, 31.457734], [36.898184, 31.469155], [36.96599, 31.484381], [36.983499, 31.49514], [37.000236, 31.509118], [37.005129, 31.547015], [37.029075, 31.573124], [37.031307, 31.590088], [37.026157, 31.604124], [37.029397, 31.615938], [37.021952, 31.64381], [37.014959, 31.656566], [37.009254, 31.660812], [37.007983, 31.664212], [36.982253, 31.67472], [36.961452, 31.690794]]}}, {"type": "Feature", "properties": {"name": "", "network": "1334311136", "osm_way": 884948695}, "geometry": {"type": "LineString", "coordinates": [[36.76899, 32.733598], [36.776638, 32.734243]]}}, {"type": "Feature", "properties": {"name": "", "network": "1334311136", "osm_way": 884948696}, "geometry": {"type": "LineString", "coordinates": [[36.776638, 32.734243], [36.776791, 32.734377]]}}, {"type": "Feature", "properties": {"name": "Ghzayyel River", "network": "331815211", "osm_way": 886723292}, "geometry": {"type": "LineString", "coordinates": [[35.903708, 33.758245], [35.902862, 33.7585]]}}, {"type": "Feature", "properties": {"name": "Nahr ez Zahrani", "network": "1099007961", "osm_way": 894461236}, "geometry": {"type": "LineString", "coordinates": [[35.341998, 33.492849], [35.3346, 33.495323]]}}, {"type": "Feature", "properties": {"name": "Nahal Zin", "network": "344380665", "osm_way": 896969295}, "geometry": {"type": "LineString", "coordinates": [[34.784357, 30.707985], [34.784497, 30.707965]]}}, {"type": "Feature", "properties": {"name": "Barada River", "network": "353651482", "osm_way": 898082449}, "geometry": {"type": "LineString", "coordinates": [[36.289492, 33.513305], [36.290432, 33.513354]]}}, {"type": "Feature", "properties": {"name": "Barada River", "network": "353651482", "osm_way": 898082450}, "geometry": {"type": "LineString", "coordinates": [[36.28823, 33.513277], [36.288538, 33.513273]]}}, {"type": "Feature", "properties": {"name": "", "network": "816417790", "osm_way": 904193393}, "geometry": {"type": "LineString", "coordinates": [[35.054804, 32.789099], [35.050592, 32.789188], [35.047467, 32.793036]]}}, {"type": "Feature", "properties": {"name": "", "network": "816417790", "osm_way": 904193394}, "geometry": {"type": "LineString", "coordinates": [[35.047509, 32.793155], [35.04932, 32.795612]]}}, {"type": "Feature", "properties": {"name": "", "network": "816417790", "osm_way": 904193395}, "geometry": {"type": "LineString", "coordinates": [[35.047467, 32.793036], [35.047509, 32.793155]]}}, {"type": "Feature", "properties": {"name": "Hala-Yahfoufa River", "network": "331815211", "osm_way": 912509933}, "geometry": {"type": "LineString", "coordinates": [[35.965532, 33.841206], [35.964747, 33.841801]]}}, {"type": "Feature", "properties": {"name": "Hala-Yahfoufa River", "network": "331815211", "osm_way": 912772574}, "geometry": {"type": "LineString", "coordinates": [[35.984403, 33.846456], [35.978234, 33.844755]]}}, {"type": "Feature", "properties": {"name": "Hala-Yahfoufa River", "network": "331815211", "osm_way": 912772575}, "geometry": {"type": "LineString", "coordinates": [[35.999116, 33.849196], [35.989636, 33.846567]]}}, {"type": "Feature", "properties": {"name": "Wadi Mujib", "network": "1056575234", "osm_way": 931382318}, "geometry": {"type": "LineString", "coordinates": [[35.818166, 31.44472], [35.817768, 31.445111]]}}, {"type": "Feature", "properties": {"name": "", "network": "334107571", "osm_way": 932431451}, "geometry": {"type": "LineString", "coordinates": [[36.543131, 33.485337], [36.518701, 33.490529], [36.511157, 33.494503]]}}, {"type": "Feature", "properties": {"name": "", "network": "334107571", "osm_way": 932431452}, "geometry": {"type": "LineString", "coordinates": [[36.543246, 33.485287], [36.543131, 33.485337]]}}, {"type": "Feature", "properties": {"name": "Wadi Ghada", "network": "8653603935", "osm_way": 933648945}, "geometry": {"type": "LineString", "coordinates": [[37.627378, 29.716068], [37.628537, 29.711907], [37.626738, 29.705139], [37.62311, 29.701697], [37.621736, 29.695136], [37.627761, 29.68406], [37.627979, 29.672536], [37.631349, 29.666203]]}}, {"type": "Feature", "properties": {"name": "Wadi Ghada", "network": "8653603935", "osm_way": 933648946}, "geometry": {"type": "LineString", "coordinates": [[37.558908, 29.67724], [37.569122, 29.678956], [37.573843, 29.676868], [37.57822, 29.677912], [37.585945, 29.671871], [37.593498, 29.669186], [37.596331, 29.664935], [37.600965, 29.662549], [37.607231, 29.662176], [37.613411, 29.666203], [37.619419, 29.664413], [37.624483, 29.666278], [37.631349, 29.666203], [37.636414, 29.660013], [37.644911, 29.66225], [37.647915, 29.656284], [37.65418, 29.65233], [37.657356, 29.643006], [37.676153, 29.629428], [37.695723, 29.605999], [37.718811, 29.595476], [37.725613, 29.588293]]}}, {"type": "Feature", "properties": {"name": "", "network": "279361488", "osm_way": 935683247}, "geometry": {"type": "LineString", "coordinates": [[36.462786, 34.223911], [36.462627, 34.223986]]}}, {"type": "Feature", "properties": {"name": "", "network": "279361488", "osm_way": 935683248}, "geometry": {"type": "LineString", "coordinates": [[36.472093, 34.219839], [36.470111, 34.222027], [36.462786, 34.223911]]}}, {"type": "Feature", "properties": {"name": "", "network": "279361488", "osm_way": 935683249}, "geometry": {"type": "LineString", "coordinates": [[36.472223, 34.219758], [36.472093, 34.219839]]}}, {"type": "Feature", "properties": {"name": "", "network": "279361488", "osm_way": 935683250}, "geometry": {"type": "LineString", "coordinates": [[36.48771, 34.212558], [36.472223, 34.219758]]}}, {"type": "Feature", "properties": {"name": "\u0648\u0627\u062f\u064a \u062d\u0635\u064a\u062f\u0629 \u0623\u0645 \u063a\u062f\u0631\u0627\u0646", "network": "8674439955", "osm_way": 936138639}, "geometry": {"type": "LineString", "coordinates": [[37.187305, 31.323113], [37.189397, 31.326504], [37.188474, 31.330472], [37.18194, 31.336704], [37.181725, 31.344273], [37.18945, 31.350329], [37.191006, 31.356523], [37.189268, 31.360435], [37.195061, 31.36508], [37.198845, 31.376903]]}}, {"type": "Feature", "properties": {"name": "\u0648\u0627\u062f\u064a \u062d\u0635\u064a\u062f\u0629 \u0623\u0645 \u063a\u062f\u0631\u0627\u0646", "network": "8674416406", "osm_way": 936138646}, "geometry": {"type": "LineString", "coordinates": [[37.204589, 31.230381], [37.205468, 31.23361], [37.208859, 31.233747], [37.208762, 31.239774], [37.200726, 31.247452], [37.202572, 31.253974], [37.205683, 31.257248], [37.202765, 31.261237], [37.2052, 31.265915], [37.203527, 31.272288], [37.199546, 31.276579], [37.199396, 31.279284], [37.205576, 31.294724], [37.205028, 31.304708], [37.189461, 31.310895], [37.187326, 31.321546]]}}, {"type": "Feature", "properties": {"name": "\u0648\u0627\u062f\u064a \u062d\u0635\u064a\u062f\u0629 \u0623\u0645 \u0637\u0644\u062d\u0629", "network": "8674440339", "osm_way": 936138647}, "geometry": {"type": "LineString", "coordinates": [[37.261176, 31.429482], [37.264445, 31.432206], [37.269605, 31.432975], [37.275018, 31.429878]]}}, {"type": "Feature", "properties": {"name": "Berdawni River", "network": "331815211", "osm_way": 937267020}, "geometry": {"type": "LineString", "coordinates": [[35.8914, 33.779667], [35.890797, 33.778682]]}}, {"type": "Feature", "properties": {"name": "Berdawni River", "network": "331815211", "osm_way": 937267021}, "geometry": {"type": "LineString", "coordinates": [[35.890797, 33.778682], [35.884209, 33.775548], [35.883622, 33.772606]]}}, {"type": "Feature", "properties": {"name": "Litani River", "network": "331815211", "osm_way": 938751363}, "geometry": {"type": "LineString", "coordinates": [[35.566534, 33.381562], [35.566421, 33.381517]]}}, {"type": "Feature", "properties": {"name": "Litani River", "network": "331815211", "osm_way": 938751364}, "geometry": {"type": "LineString", "coordinates": [[35.689873, 33.529239], [35.689602, 33.52637], [35.68287, 33.522397], [35.68311, 33.516151], [35.679033, 33.514559], [35.679278, 33.50912], [35.673251, 33.50336], [35.668254, 33.501581]]}}, {"type": "Feature", "properties": {"name": "Litani River", "network": "331815211", "osm_way": 938756736}, "geometry": {"type": "LineString", "coordinates": [[35.569792, 33.381945], [35.566534, 33.381562]]}}, {"type": "Feature", "properties": {"name": "Litani River", "network": "331815211", "osm_way": 938756737}, "geometry": {"type": "LineString", "coordinates": [[35.569918, 33.381971], [35.569792, 33.381945]]}}, {"type": "Feature", "properties": {"name": "\u0646\u0647\u0631 \u0627\u0644\u0639\u0627\u0635\u064a", "network": "279361488", "osm_way": 939324371}, "geometry": {"type": "LineString", "coordinates": [[36.523082, 34.557258], [36.523293, 34.557259]]}}, {"type": "Feature", "properties": {"name": "\u0646\u0647\u0631 \u0627\u0644\u0639\u0627\u0635\u064a", "network": "279361488", "osm_way": 939324372}, "geometry": {"type": "LineString", "coordinates": [[36.522849, 34.557248], [36.523082, 34.557258]]}}, {"type": "Feature", "properties": {"name": "Orontes", "network": "279361488", "osm_way": 939324373}, "geometry": {"type": "LineString", "coordinates": [[36.522996, 34.558179], [36.521918, 34.561833], [36.527073, 34.564298], [36.524458, 34.567031], [36.529356, 34.566558], [36.529182, 34.568488], [36.525974, 34.569727], [36.52923, 34.570615], [36.526762, 34.573469], [36.529828, 34.57308], [36.530413, 34.575611], [36.528259, 34.578206], [36.529919, 34.580024], [36.527181, 34.585681], [36.531869, 34.585485], [36.532722, 34.59108], [36.529399, 34.588934], [36.531472, 34.592568], [36.528803, 34.593325], [36.533586, 34.599108], [36.528739, 34.598048], [36.529844, 34.59962], [36.52811, 34.605435], [36.52397, 34.605406], [36.524043, 34.610239], [36.532243, 34.624603], [36.605072, 34.657287], [36.612907, 34.668028]]}}, {"type": "Feature", "properties": {"name": "Orontes", "network": "279361488", "osm_way": 939324374}, "geometry": {"type": "LineString", "coordinates": [[36.522924, 34.557937], [36.522996, 34.558179]]}}, {"type": "Feature", "properties": {"name": "Litani River", "network": "331815211", "osm_way": 939779587}, "geometry": {"type": "LineString", "coordinates": [[36.079627, 33.96612], [36.079613, 33.966047]]}}, {"type": "Feature", "properties": {"name": "Litani River", "network": "331815211", "osm_way": 939779588}, "geometry": {"type": "LineString", "coordinates": [[36.098791, 34.014559], [36.099581, 34.01223], [36.096311, 34.002499], [36.089112, 33.996234], [36.080063, 33.979355], [36.078394, 33.972116], [36.079627, 33.96612]]}}, {"type": "Feature", "properties": {"name": "Litani River", "network": "331815211", "osm_way": 939781984}, "geometry": {"type": "LineString", "coordinates": [[36.074445, 33.952742], [36.074374, 33.952672]]}}, {"type": "Feature", "properties": {"name": "Litani River", "network": "331815211", "osm_way": 939781985}, "geometry": {"type": "LineString", "coordinates": [[36.079613, 33.966047], [36.079374, 33.960223], [36.074445, 33.952742]]}}, {"type": "Feature", "properties": {"name": "Litani River", "network": "331815211", "osm_way": 940320583}, "geometry": {"type": "LineString", "coordinates": [[35.969628, 33.846353], [35.96369, 33.840635], [35.955527, 33.838724], [35.945985, 33.826237], [35.942003, 33.816038], [35.932255, 33.806122], [35.917425, 33.79673], [35.899177, 33.777556], [35.892953, 33.777733]]}}, {"type": "Feature", "properties": {"name": "Litani River", "network": "331815211", "osm_way": 940320584}, "geometry": {"type": "LineString", "coordinates": [[35.969612, 33.846498], [35.969628, 33.846353]]}}, {"type": "Feature", "properties": {"name": "Yarmuk River", "network": "31490214", "osm_way": 940677809}, "geometry": {"type": "LineString", "coordinates": [[35.984284, 32.673761], [35.984087, 32.673833]]}}, {"type": "Feature", "properties": {"name": "Yarmuk River", "network": "31490214", "osm_way": 940677810}, "geometry": {"type": "LineString", "coordinates": [[36.111194, 32.601889], [36.103896, 32.606614], [36.108158, 32.609597], [36.112007, 32.609703], [36.109877, 32.615972], [36.099419, 32.619594], [36.095388, 32.617524], [36.093811, 32.621918], [36.09483, 32.626446], [36.090286, 32.629996], [36.083522, 32.62943], [36.077562, 32.63156], [36.073756, 32.637057], [36.066822, 32.635384], [36.058183, 32.640861], [36.052373, 32.641349], [36.052824, 32.64426], [36.047677, 32.651272], [36.042919, 32.651035], [36.039569, 32.654355], [36.037782, 32.651266], [36.033963, 32.651438], [36.033568, 32.655299], [36.028284, 32.655814], [36.02708, 32.658332], [36.029132, 32.660084], [36.020715, 32.670873], [36.010469, 32.671223], [36.006328, 32.669459], [36.000403, 32.670778], [35.999107, 32.667366], [35.992214, 32.671895], [35.987711, 32.671225], [35.984284, 32.673761]]}}, {"type": "Feature", "properties": {"name": "Yarmuk River", "network": "31490214", "osm_way": 941426308}, "geometry": {"type": "LineString", "coordinates": [[35.871546, 32.733835], [35.870825, 32.733865]]}}, {"type": "Feature", "properties": {"name": "Nahal Yarmukh", "network": "31490214", "osm_way": 941426309}, "geometry": {"type": "LineString", "coordinates": [[35.870825, 32.733865], [35.857935, 32.73129], [35.853656, 32.732342], [35.852914, 32.728811], [35.856591, 32.726365], [35.854571, 32.72479], [35.844985, 32.731832], [35.841007, 32.728292], [35.835218, 32.726797], [35.825771, 32.734067], [35.810492, 32.735713], [35.809038, 32.73902], [35.810733, 32.740762], [35.809027, 32.741784], [35.803816, 32.735925], [35.800699, 32.736245], [35.798961, 32.742589], [35.794102, 32.744462], [35.80182, 32.74928], [35.795823, 32.756314], [35.788742, 32.752051], [35.785212, 32.747327], [35.778136, 32.7485], [35.770949, 32.745804], [35.763861, 32.747787]]}}, {"type": "Feature", "properties": {"name": "", "network": "292876794", "osm_way": 943515318}, "geometry": {"type": "LineString", "coordinates": [[35.716809, 33.882476], [35.702148, 33.88235], [35.701429, 33.880471], [35.695142, 33.8826], [35.688764, 33.881034]]}}, {"type": "Feature", "properties": {"name": "Wadi al Hasa", "network": "1165775561", "osm_way": 948088122}, "geometry": {"type": "LineString", "coordinates": [[35.83634, 30.934559], [35.824284, 30.93319], [35.820954, 30.928305], [35.815105, 30.927768], [35.80944, 30.934049], [35.800423, 30.933434], [35.800459, 30.937652], [35.794336, 30.939281], [35.784367, 30.946177], [35.78196, 30.944085], [35.779662, 30.944609], [35.774083, 30.949213], [35.770953, 30.946573], [35.772284, 30.955907], [35.768794, 30.955063], [35.763588, 30.957027], [35.760643, 30.955244], [35.756641, 30.961492], [35.74448, 30.960774], [35.741328, 30.963734], [35.733172, 30.964241], [35.72936, 30.966293]]}}, {"type": "Feature", "properties": {"name": "", "network": "1177773118", "osm_way": 948233808}, "geometry": {"type": "LineString", "coordinates": [[36.616659, 31.590746], [36.620908, 31.596229], [36.62683, 31.596814]]}}, {"type": "Feature", "properties": {"name": "", "network": "1177773118", "osm_way": 948233809}, "geometry": {"type": "LineString", "coordinates": [[36.550494, 31.528215], [36.557908, 31.541127], [36.565289, 31.547454], [36.566019, 31.553744], [36.579065, 31.567128], [36.611423, 31.583288], [36.613827, 31.588991], [36.627133, 31.597863]]}}, {"type": "Feature", "properties": {"name": "", "network": "1177773118", "osm_way": 948233810}, "geometry": {"type": "LineString", "coordinates": [[36.533704, 31.52752], [36.542941, 31.525562], [36.547887, 31.527693]]}}, {"type": "Feature", "properties": {"name": "", "network": "1177773118", "osm_way": 948233811}, "geometry": {"type": "LineString", "coordinates": [[36.443903, 31.504873], [36.450405, 31.503007], [36.457786, 31.504983], [36.460919, 31.510691], [36.46122, 31.518923], [36.467228, 31.524812], [36.474137, 31.528105], [36.483622, 31.520313], [36.495681, 31.521593], [36.50598, 31.520459], [36.510916, 31.52752], [36.52349, 31.531104], [36.533704, 31.52752], [36.550494, 31.528215]]}}, {"type": "Feature", "properties": {"name": "", "network": "1177773118", "osm_way": 948233812}, "geometry": {"type": "LineString", "coordinates": [[36.440813, 31.506227], [36.443903, 31.504873]]}}, {"type": "Feature", "properties": {"name": "", "network": "1177773118", "osm_way": 948233813}, "geometry": {"type": "LineString", "coordinates": [[36.414828, 31.448728], [36.417103, 31.454055], [36.412425, 31.45616], [36.409507, 31.460608], [36.411846, 31.462987], [36.409357, 31.46716], [36.413305, 31.471663], [36.411138, 31.475981], [36.417768, 31.479184], [36.417725, 31.485973], [36.426008, 31.487455], [36.428304, 31.494097], [36.433217, 31.494664], [36.432788, 31.499056], [36.438754, 31.501269], [36.442337, 31.505386]]}}, {"type": "Feature", "properties": {"name": "", "network": "1177773118", "osm_way": 948233814}, "geometry": {"type": "LineString", "coordinates": [[36.474566, 31.435804], [36.471562, 31.439502], [36.469073, 31.450339], [36.470747, 31.453048], [36.469932, 31.455977], [36.474309, 31.458979], [36.471519, 31.469155], [36.478386, 31.47567], [36.475124, 31.483356], [36.48109, 31.491188], [36.486883, 31.495726], [36.499801, 31.496494], [36.505637, 31.503337], [36.51834, 31.504288], [36.524949, 31.506703], [36.527223, 31.509667], [36.540098, 31.51252], [36.540141, 31.515411], [36.544819, 31.519618], [36.545505, 31.526239]]}}, {"type": "Feature", "properties": {"name": "Wadi Al 'Aliya", "network": "1165775561", "osm_way": 957352979}, "geometry": {"type": "LineString", "coordinates": [[35.811202, 30.894245], [35.814255, 30.89687], [35.812148, 30.903407], [35.805272, 30.903859], [35.806216, 30.907247], [35.808705, 30.907173], [35.8104, 30.909824], [35.809863, 30.91288], [35.807095, 30.914684], [35.807524, 30.920943], [35.800422, 30.925379], [35.800828, 30.933209]]}}, {"type": "Feature", "properties": {"name": "", "network": "1165775561", "osm_way": 957667834}, "geometry": {"type": "LineString", "coordinates": [[35.793191, 30.89011], [35.798014, 30.8886], [35.799385, 30.892741], [35.802212, 30.890262], [35.811202, 30.894245]]}}, {"type": "Feature", "properties": {"name": "", "network": "1165775561", "osm_way": 957667837}, "geometry": {"type": "LineString", "coordinates": [[35.796549, 30.880492], [35.800104, 30.884426], [35.804215, 30.883718], [35.808667, 30.885554], [35.808205, 30.888468], [35.810012, 30.888344], [35.811202, 30.894245]]}}, {"type": "Feature", "properties": {"name": "Wadi al Sarah", "network": "1165775561", "osm_way": 957690834}, "geometry": {"type": "LineString", "coordinates": [[35.746454, 30.777076], [35.747895, 30.778661], [35.751584, 30.777134], [35.761626, 30.783164], [35.76813, 30.783645], [35.782204, 30.77439], [35.785642, 30.778893], [35.789575, 30.776467], [35.802062, 30.777025], [35.800898, 30.784024], [35.805751, 30.797579], [35.804335, 30.79971], [35.797659, 30.801958], [35.800402, 30.804267], [35.795079, 30.809358], [35.804456, 30.81614], [35.802806, 30.819802], [35.806731, 30.826826], [35.813831, 30.829442], [35.812985, 30.83334], [35.817789, 30.831405], [35.823524, 30.833794], [35.821174, 30.83821], [35.827322, 30.842035], [35.828433, 30.845823], [35.834223, 30.840742], [35.835631, 30.84245], [35.834012, 30.845748], [35.840974, 30.845157], [35.840815, 30.8489], [35.842805, 30.848537], [35.843514, 30.850426], [35.838202, 30.854142], [35.840255, 30.85901], [35.845228, 30.857221], [35.846826, 30.861753], [35.850984, 30.861236], [35.859734, 30.866849], [35.855204, 30.872898], [35.845734, 30.87515], [35.845596, 30.877711], [35.849607, 30.879182], [35.846009, 30.882578], [35.848824, 30.885021], [35.843089, 30.887373], [35.8493, 30.891995], [35.85131, 30.889915], [35.853151, 30.891377], [35.857454, 30.889955], [35.855696, 30.894807], [35.8581, 30.897862], [35.85635, 30.899527], [35.856846, 30.903726]]}}, {"type": "Feature", "properties": {"name": "", "network": "1165775561", "osm_way": 958280424}, "geometry": {"type": "LineString", "coordinates": [[35.785523, 30.904407], [35.78548, 30.906798], [35.788566, 30.906023], [35.789604, 30.908951], [35.782882, 30.911596], [35.784494, 30.913481], [35.783513, 30.915023], [35.77643, 30.919047], [35.77636, 30.923568], [35.779719, 30.92994], [35.777421, 30.93325], [35.779594, 30.936397], [35.778982, 30.94501]]}}, {"type": "Feature", "properties": {"name": "Wadi Mudaysis", "network": "2083748467", "osm_way": 960060305}, "geometry": {"type": "LineString", "coordinates": [[37.032058, 31.476352], [37.06594, 31.478855], [37.082462, 31.477134], [37.100315, 31.471095], [37.110486, 31.470436], [37.135248, 31.486723], [37.156985, 31.487474], [37.163401, 31.495177], [37.163515, 31.501468]]}}, {"type": "Feature", "properties": {"name": "Wadi Mudaysis", "network": "2083748467", "osm_way": 960060306}, "geometry": {"type": "LineString", "coordinates": [[37.0313, 31.476472], [37.032058, 31.476352]]}}, {"type": "Feature", "properties": {"name": "\u0648\u0627\u062f\u064a \u0633\u0631\u0645\u062f\u0627\u0621", "network": "5403822157", "osm_way": 960060307}, "geometry": {"type": "LineString", "coordinates": [[37.488505, 31.022129], [37.489359, 31.022832]]}}, {"type": "Feature", "properties": {"name": "\u0648\u0627\u062f\u064a \u0633\u0631\u0645\u062f\u0627\u0621", "network": "5403822157", "osm_way": 960060308}, "geometry": {"type": "LineString", "coordinates": [[37.35161, 30.987527], [37.359142, 30.989642], [37.361824, 30.993523], [37.36766, 30.996614], [37.385222, 31.001071], [37.403734, 30.999339], [37.409399, 31.006126], [37.418497, 31.006475], [37.430664, 31.010852], [37.44017, 31.009124], [37.454101, 31.010612], [37.47582, 31.018853], [37.47867, 31.022944], [37.485531, 31.019847], [37.488505, 31.022129]]}}, {"type": "Feature", "properties": {"name": "Wadi Jais", "network": "1165775561", "osm_way": 965411611}, "geometry": {"type": "LineString", "coordinates": [[35.692019, 30.8566], [35.699631, 30.864604], [35.718512, 30.868991], [35.718194, 30.871643], [35.724003, 30.874095], [35.726172, 30.88205], [35.729167, 30.884484], [35.733495, 30.881877], [35.735357, 30.887126], [35.738616, 30.884956], [35.738605, 30.887625], [35.740542, 30.888797], [35.738214, 30.892102], [35.741526, 30.895879], [35.743272, 30.901863], [35.740214, 30.904259], [35.7407, 30.905739], [35.746626, 30.903025], [35.752086, 30.904613], [35.751959, 30.907954], [35.74906, 30.910978], [35.749684, 30.917332], [35.744393, 30.918866], [35.744615, 30.923877], [35.740605, 30.92522], [35.739632, 30.928633], [35.741378, 30.929042], [35.741272, 30.935241], [35.751017, 30.949117], [35.75088, 30.951567], [35.757313, 30.955932], [35.758229, 30.958704]]}}, {"type": "Feature", "properties": {"name": "", "network": "5402474141", "osm_way": 966549435}, "geometry": {"type": "LineString", "coordinates": [[37.601568, 34.151837], [37.585128, 34.161087], [37.583483, 34.166638], [37.584427, 34.173491], [37.587703, 34.175254], [37.589105, 34.179207], [37.588018, 34.188189], [37.595056, 34.194082], [37.594355, 34.199465], [37.599866, 34.203466], [37.600506, 34.209391], [37.603915, 34.214189], [37.604444, 34.220705], [37.607189, 34.225155]]}}, {"type": "Feature", "properties": {"name": "River Jordan", "network": "31490214", "osm_way": 969126993}, "geometry": {"type": "LineString", "coordinates": [[35.56416, 32.648082], [35.564061, 32.647711]]}}, {"type": "Feature", "properties": {"name": "River Jordan", "network": "31490214", "osm_way": 969126994}, "geometry": {"type": "LineString", "coordinates": [[35.564218, 32.648284], [35.56416, 32.648082]]}}, {"type": "Feature", "properties": {"name": "Nahal Yarmukh", "network": "31490214", "osm_way": 969126995}, "geometry": {"type": "LineString", "coordinates": [[35.572946, 32.643675], [35.569804, 32.647022], [35.564061, 32.647711]]}}, {"type": "Feature", "properties": {"name": "Nahal Yarmukh", "network": "31490214", "osm_way": 969126996}, "geometry": {"type": "LineString", "coordinates": [[35.572977, 32.6434], [35.572946, 32.643675]]}}, {"type": "Feature", "properties": {"name": "", "network": "1165775561", "osm_way": 970446705}, "geometry": {"type": "LineString", "coordinates": [[35.937227, 30.909756], [35.939182, 30.908606], [35.937817, 30.906534], [35.940475, 30.905218], [35.938279, 30.90469], [35.938323, 30.902923], [35.943334, 30.900326], [35.943409, 30.89793], [35.940938, 30.896295], [35.942044, 30.893429], [35.93946, 30.895166], [35.939001, 30.89248], [35.936108, 30.891748], [35.936608, 30.889585], [35.927387, 30.885662], [35.924254, 30.888489], [35.921321, 30.888334], [35.917922, 30.892612], [35.909679, 30.893759], [35.903457, 30.890808], [35.906561, 30.887591], [35.901631, 30.884409]]}}, {"type": "Feature", "properties": {"name": "Litani River", "network": "331815211", "osm_way": 971343396}, "geometry": {"type": "LineString", "coordinates": [[35.660017, 33.454436], [35.655744, 33.44962], [35.652483, 33.440636], [35.646485, 33.43535]]}}, {"type": "Feature", "properties": {"name": "Litani River", "network": "331815211", "osm_way": 971343398}, "geometry": {"type": "LineString", "coordinates": [[35.646485, 33.43535], [35.637301, 33.428778], [35.631304, 33.427741], [35.63047, 33.424363], [35.624167, 33.420593], [35.622616, 33.412075], [35.617334, 33.416339], [35.610643, 33.413443], [35.607389, 33.403164], [35.601994, 33.396728], [35.597015, 33.395729]]}}, {"type": "Feature", "properties": {"name": "", "network": "353651482", "osm_way": 973050330}, "geometry": {"type": "LineString", "coordinates": [[36.262742, 33.517426], [36.263385, 33.517237]]}}, {"type": "Feature", "properties": {"name": "", "network": "353651482", "osm_way": 973050331}, "geometry": {"type": "LineString", "coordinates": [[36.263385, 33.517237], [36.263959, 33.517119]]}}, {"type": "Feature", "properties": {"name": "", "network": "353651482", "osm_way": 973050332}, "geometry": {"type": "LineString", "coordinates": [[36.263959, 33.517119], [36.264401, 33.517092]]}}, {"type": "Feature", "properties": {"name": "Barada River", "network": "353651482", "osm_way": 973050343}, "geometry": {"type": "LineString", "coordinates": [[36.239828, 33.540154], [36.238471, 33.538942], [36.240016, 33.537323], [36.239706, 33.531797]]}}, {"type": "Feature", "properties": {"name": "Barada River", "network": "353651482", "osm_way": 973050344}, "geometry": {"type": "LineString", "coordinates": [[36.239706, 33.531797], [36.239117, 33.531278]]}}, {"type": "Feature", "properties": {"name": "Barada River", "network": "353651482", "osm_way": 973050353}, "geometry": {"type": "LineString", "coordinates": [[36.272193, 33.514277], [36.272765, 33.514204]]}}, {"type": "Feature", "properties": {"name": "Barada River", "network": "353651482", "osm_way": 973050354}, "geometry": {"type": "LineString", "coordinates": [[36.272765, 33.514204], [36.272902, 33.514181]]}}, {"type": "Feature", "properties": {"name": "", "network": "29942421", "osm_way": 976826996}, "geometry": {"type": "LineString", "coordinates": [[34.899584, 32.124116], [34.89885, 32.124544]]}}, {"type": "Feature", "properties": {"name": "", "network": "1165775561", "osm_way": 977647385}, "geometry": {"type": "LineString", "coordinates": [[35.824855, 30.771906], [35.831083, 30.780976], [35.829924, 30.785673], [35.832789, 30.788571], [35.829635, 30.79353], [35.825263, 30.795009], [35.827682, 30.799912], [35.844161, 30.804192], [35.845202, 30.810072], [35.846994, 30.810823], [35.845905, 30.812974], [35.848201, 30.814849], [35.854622, 30.811905], [35.855931, 30.814154], [35.853592, 30.815886], [35.860308, 30.820133], [35.859675, 30.822888], [35.865507, 30.82339], [35.868489, 30.825827], [35.87549, 30.824169], [35.876782, 30.826279], [35.880586, 30.825933], [35.881315, 30.828711], [35.884352, 30.83048], [35.889207, 30.831328], [35.88962, 30.834298], [35.895027, 30.833474], [35.903127, 30.855042], [35.914725, 30.852675], [35.919602, 30.856586]]}}, {"type": "Feature", "properties": {"name": "Berdawni River", "network": "331815211", "osm_way": 980549461}, "geometry": {"type": "LineString", "coordinates": [[35.909233, 33.843088], [35.910582, 33.842235]]}}, {"type": "Feature", "properties": {"name": "Berdawni River", "network": "331815211", "osm_way": 980549462}, "geometry": {"type": "LineString", "coordinates": [[35.909038, 33.84321], [35.909233, 33.843088]]}}, {"type": "Feature", "properties": {"name": "Berdawni River", "network": "331815211", "osm_way": 980549464}, "geometry": {"type": "LineString", "coordinates": [[35.905175, 33.844879], [35.905396, 33.844835]]}}, {"type": "Feature", "properties": {"name": "", "network": "1165775561", "osm_way": 980609091}, "geometry": {"type": "LineString", "coordinates": [[35.778451, 30.67551], [35.795559, 30.674573], [35.810454, 30.669761], [35.820358, 30.674755], [35.829887, 30.675188], [35.837854, 30.681496], [35.850282, 30.68608], [35.861708, 30.69511], [35.873697, 30.695885], [35.879906, 30.699565], [35.888686, 30.711396], [35.895364, 30.727461], [35.90045, 30.729883], [35.905163, 30.739566], [35.912356, 30.741205], [35.915959, 30.747946], [35.924665, 30.755389], [35.929597, 30.753656], [35.929833, 30.758746], [35.922975, 30.763321], [35.922137, 30.766876], [35.928612, 30.767347], [35.928258, 30.773617], [35.930633, 30.778984], [35.943743, 30.785086], [35.947374, 30.792277], [35.955037, 30.793944], [35.960154, 30.798759], [35.969999, 30.819226], [35.969002, 30.827182]]}}, {"type": "Feature", "properties": {"name": "", "network": "1165775561", "osm_way": 980609327}, "geometry": {"type": "LineString", "coordinates": [[35.856187, 30.700744], [35.865089, 30.695993]]}}, {"type": "Feature", "properties": {"name": "", "network": "5520503071", "osm_way": 980623109}, "geometry": {"type": "LineString", "coordinates": [[36.098141, 31.364289], [36.098397, 31.361612], [36.093967, 31.361462], [36.088851, 31.372011], [36.084167, 31.370922], [36.079736, 31.374209], [36.075532, 31.37292]]}}, {"type": "Feature", "properties": {"name": "Barada River", "network": "353651482", "osm_way": 981861102}, "geometry": {"type": "LineString", "coordinates": [[36.315458, 33.514214], [36.315703, 33.514096]]}}, {"type": "Feature", "properties": {"name": "Barada River", "network": "353651482", "osm_way": 981861103}, "geometry": {"type": "LineString", "coordinates": [[36.319633, 33.515143], [36.321204, 33.51381]]}}, {"type": "Feature", "properties": {"name": "Barada River", "network": "353651482", "osm_way": 981861104}, "geometry": {"type": "LineString", "coordinates": [[36.319386, 33.515326], [36.319633, 33.515143]]}}, {"type": "Feature", "properties": {"name": "Barada River", "network": "353651482", "osm_way": 981861105}, "geometry": {"type": "LineString", "coordinates": [[36.319287, 33.515404], [36.319408, 33.515356]]}}, {"type": "Feature", "properties": {"name": "Barada River", "network": "353651482", "osm_way": 981861106}, "geometry": {"type": "LineString", "coordinates": [[36.319408, 33.515356], [36.319695, 33.515222]]}}, {"type": "Feature", "properties": {"name": "Chtoura River", "network": "331815211", "osm_way": 982882011}, "geometry": {"type": "LineString", "coordinates": [[35.865607, 33.802911], [35.862088, 33.793715], [35.866504, 33.786817], [35.874161, 33.780848]]}}, {"type": "Feature", "properties": {"name": "Barada River", "network": "353651482", "osm_way": 986470193}, "geometry": {"type": "LineString", "coordinates": [[36.29071, 33.51336], [36.292558, 33.51345]]}}, {"type": "Feature", "properties": {"name": "Barada River", "network": "353651482", "osm_way": 986470194}, "geometry": {"type": "LineString", "coordinates": [[36.290432, 33.513354], [36.29071, 33.51336]]}}, {"type": "Feature", "properties": {"name": "Barada River", "network": "353651482", "osm_way": 986470195}, "geometry": {"type": "LineString", "coordinates": [[36.288538, 33.513273], [36.28908, 33.513306]]}}, {"type": "Feature", "properties": {"name": "Barada River", "network": "353651482", "osm_way": 986470196}, "geometry": {"type": "LineString", "coordinates": [[36.28908, 33.513306], [36.289492, 33.513305]]}}, {"type": "Feature", "properties": {"name": "Barada River", "network": "353651482", "osm_way": 986482914}, "geometry": {"type": "LineString", "coordinates": [[36.287498, 33.513234], [36.28823, 33.513277]]}}, {"type": "Feature", "properties": {"name": "Barada River", "network": "353651482", "osm_way": 986482915}, "geometry": {"type": "LineString", "coordinates": [[36.287291, 33.51322], [36.287498, 33.513234]]}}, {"type": "Feature", "properties": {"name": "Barada River", "network": "353651482", "osm_way": 986482916}, "geometry": {"type": "LineString", "coordinates": [[36.275402, 33.512817], [36.276949, 33.512495]]}}, {"type": "Feature", "properties": {"name": "Barada River", "network": "353651482", "osm_way": 986482917}, "geometry": {"type": "LineString", "coordinates": [[36.274965, 33.513304], [36.275402, 33.512817]]}}, {"type": "Feature", "properties": {"name": "Barada River", "network": "353651482", "osm_way": 986482918}, "geometry": {"type": "LineString", "coordinates": [[36.267593, 33.513409], [36.273366, 33.512236]]}}, {"type": "Feature", "properties": {"name": "Barada River", "network": "353651482", "osm_way": 986482919}, "geometry": {"type": "LineString", "coordinates": [[36.273366, 33.512236], [36.274162, 33.511908]]}}, {"type": "Feature", "properties": {"name": "Barada River", "network": "353651482", "osm_way": 986482920}, "geometry": {"type": "LineString", "coordinates": [[36.274162, 33.511908], [36.277397, 33.511582]]}}, {"type": "Feature", "properties": {"name": "Barada River", "network": "353651482", "osm_way": 986482921}, "geometry": {"type": "LineString", "coordinates": [[36.277397, 33.511582], [36.277873, 33.511665]]}}, {"type": "Feature", "properties": {"name": "Beirut River", "network": "292876794", "osm_way": 988275458}, "geometry": {"type": "LineString", "coordinates": [[35.578698, 33.840783], [35.576039, 33.84299], [35.571435, 33.841723], [35.570426, 33.845068], [35.55947, 33.844789], [35.557567, 33.847242], [35.557618, 33.853137]]}}, {"type": "Feature", "properties": {"name": "", "network": "1560850554", "osm_way": 989914553}, "geometry": {"type": "LineString", "coordinates": [[36.065507, 33.31956], [36.06821, 33.317576], [36.070739, 33.319297]]}}, {"type": "Feature", "properties": {"name": "", "network": "1560850554", "osm_way": 989914554}, "geometry": {"type": "LineString", "coordinates": [[36.070739, 33.319297], [36.070747, 33.31942]]}}, {"type": "Feature", "properties": {"name": "River Jordan", "network": "31490214", "osm_way": 990290955}, "geometry": {"type": "LineString", "coordinates": [[35.568587, 32.690003], [35.56766, 32.689316]]}}, {"type": "Feature", "properties": {"name": "River Jordan", "network": "31490214", "osm_way": 990290959}, "geometry": {"type": "LineString", "coordinates": [[35.572902, 32.711496], [35.570744, 32.709062], [35.568143, 32.70927], [35.567341, 32.702993], [35.562424, 32.701427], [35.566105, 32.699608], [35.566223, 32.696475], [35.571008, 32.694063], [35.56816, 32.691427], [35.568684, 32.689878]]}}, {"type": "Feature", "properties": {"name": "River Jordan", "network": "31490214", "osm_way": 990290960}, "geometry": {"type": "LineString", "coordinates": [[35.567827, 32.689129], [35.567754, 32.689222]]}}, {"type": "Feature", "properties": {"name": "River Jordan", "network": "31490214", "osm_way": 990290961}, "geometry": {"type": "LineString", "coordinates": [[35.57016, 32.687978], [35.566468, 32.68666], [35.567827, 32.689129]]}}, {"type": "Feature", "properties": {"name": "River Jordan", "network": "31490214", "osm_way": 990290962}, "geometry": {"type": "LineString", "coordinates": [[35.568684, 32.689878], [35.568768, 32.689815]]}}, {"type": "Feature", "properties": {"name": "River Jordan", "network": "31490214", "osm_way": 990290963}, "geometry": {"type": "LineString", "coordinates": [[35.570395, 32.68812], [35.569367, 32.686998]]}}, {"type": "Feature", "properties": {"name": "River Jordan", "network": "31490214", "osm_way": 990290967}, "geometry": {"type": "LineString", "coordinates": [[35.568768, 32.689815], [35.57025, 32.688035]]}}, {"type": "Feature", "properties": {"name": "River Jordan", "network": "31490214", "osm_way": 990290968}, "geometry": {"type": "LineString", "coordinates": [[35.57025, 32.688035], [35.57016, 32.687978]]}}, {"type": "Feature", "properties": {"name": "", "network": "1631330172", "osm_way": 990692049}, "geometry": {"type": "LineString", "coordinates": [[36.753062, 34.453275], [36.758337, 34.450471], [36.759947, 34.440775], [36.763459, 34.436537], [36.766549, 34.436778], [36.766468, 34.434203], [36.772419, 34.430059], [36.771265, 34.424787], [36.779672, 34.412781], [36.784713, 34.400463]]}}, {"type": "Feature", "properties": {"name": "", "network": "1631330172", "osm_way": 990692050}, "geometry": {"type": "LineString", "coordinates": [[36.75191, 34.453307], [36.752417, 34.453323]]}}, {"type": "Feature", "properties": {"name": "", "network": "1631330172", "osm_way": 990692051}, "geometry": {"type": "LineString", "coordinates": [[36.752417, 34.453323], [36.752893, 34.453316]]}}, {"type": "Feature", "properties": {"name": "", "network": "1631330172", "osm_way": 990692052}, "geometry": {"type": "LineString", "coordinates": [[36.752893, 34.453316], [36.753062, 34.453275]]}}, {"type": "Feature", "properties": {"name": "River Jordan", "network": "31490214", "osm_way": 996965004}, "geometry": {"type": "LineString", "coordinates": [[35.541124, 31.973499], [35.548159, 31.968436]]}}, {"type": "Feature", "properties": {"name": "\u0634\u0639\u0628\u0627\u0646 \u0627\u0644\u0646\u0627\u0639\u0645", "network": "9226944176", "osm_way": 999493573}, "geometry": {"type": "LineString", "coordinates": [[37.696452, 31.682885], [37.690895, 31.679908], [37.68818, 31.675699], [37.69127, 31.666057], [37.690433, 31.660879], [37.681292, 31.658231], [37.677376, 31.654541], [37.679393, 31.651208], [37.675059, 31.650349], [37.673256, 31.647207], [37.662249, 31.645253], [37.66129, 31.639583]]}}, {"type": "Feature", "properties": {"name": "\u0634\u0639\u0628\u0627\u0646 \u0627\u0644\u0646\u0627\u0639\u0645", "network": "9226944176", "osm_way": 999493577}, "geometry": {"type": "LineString", "coordinates": [[37.725802, 31.670026], [37.72584, 31.668244], [37.719471, 31.664579], [37.715857, 31.666549], [37.71407, 31.662703], [37.70789, 31.663493], [37.699993, 31.659124], [37.69934, 31.65391], [37.694584, 31.650043], [37.698245, 31.645767], [37.694647, 31.64507], [37.690821, 31.647496], [37.687152, 31.641672]]}}, {"type": "Feature", "properties": {"name": "\u0634\u0639\u0628\u0627\u0646 \u0627\u0644\u0646\u0627\u0639\u0645", "network": "9226944176", "osm_way": 999493578}, "geometry": {"type": "LineString", "coordinates": [[37.799452, 31.663011], [37.78591, 31.658347], [37.784777, 31.660277], [37.773817, 31.662636], [37.768527, 31.659312], [37.766511, 31.66151], [37.755426, 31.656122], [37.75023, 31.65639], [37.748593, 31.654406], [37.74897, 31.648428], [37.746451, 31.647463], [37.744467, 31.64194], [37.737633, 31.63757], [37.734232, 31.637382], [37.731713, 31.634219], [37.715873, 31.632503], [37.715274, 31.63017], [37.700032, 31.624083]]}}, {"type": "Feature", "properties": {"name": "\u0634\u0639\u064a\u0628 \u0627\u0644\u0646\u0627\u0639\u0645", "network": "9226944176", "osm_way": 999493580}, "geometry": {"type": "LineString", "coordinates": [[37.855696, 31.675179], [37.857471, 31.668926], [37.854992, 31.664769], [37.850046, 31.661738], [37.8373, 31.660952], [37.815669, 31.648703], [37.809907, 31.649192], [37.806042, 31.647374], [37.802947, 31.649527], [37.796838, 31.643938], [37.792964, 31.646498], [37.789595, 31.642932], [37.780698, 31.640627], [37.778399, 31.642986], [37.772857, 31.643375], [37.766165, 31.638991], [37.762669, 31.633897], [37.756655, 31.632811], [37.751773, 31.627234], [37.746577, 31.625531], [37.745853, 31.622823], [37.734496, 31.625745], [37.724797, 31.623946], [37.719786, 31.61817], [37.7134, 31.615669], [37.706535, 31.620423], [37.705779, 31.623379], [37.700032, 31.624083], [37.694631, 31.621147], [37.678264, 31.634808], [37.672965, 31.635452], [37.667934, 31.640519], [37.663258, 31.640251], [37.657951, 31.638797], [37.653692, 31.633474], [37.642686, 31.630827], [37.639127, 31.624861], [37.634183, 31.624136], [37.631097, 31.616145], [37.620579, 31.613892], [37.612076, 31.606195], [37.60584, 31.603164], [37.603226, 31.597478], [37.59696, 31.590987], [37.594755, 31.580659], [37.595511, 31.574166], [37.593357, 31.570456], [37.602378, 31.560827], [37.597039, 31.544183], [37.597844, 31.539428], [37.612304, 31.52333], [37.618448, 31.512375], [37.626335, 31.506428], [37.619258, 31.488965]]}}, {"type": "Feature", "properties": {"name": "Wadi al Mindassah", "network": "5404993115", "osm_way": 1002502235}, "geometry": {"type": "LineString", "coordinates": [[37.711773, 30.702435], [37.728081, 30.704427], [37.738552, 30.7183], [37.748423, 30.718079], [37.754731, 30.727228], [37.768378, 30.7342], [37.776167, 30.73409], [37.783914, 30.740194], [37.794771, 30.742998], [37.799728, 30.7496], [37.810564, 30.754025], [37.812367, 30.757529], [37.810628, 30.765236], [37.813761, 30.786032], [37.818525, 30.789166], [37.823975, 30.803229], [37.820907, 30.817512], [37.822323, 30.819945], [37.827376, 30.817816], [37.844381, 30.797875], [37.855443, 30.794332]]}}, {"type": "Feature", "properties": {"name": "WA\u0304Di\u0304 FAKK", "network": "9252168754", "osm_way": 1002514742}, "geometry": {"type": "LineString", "coordinates": [[37.719133, 30.801423], [37.722566, 30.808943], [37.727952, 30.811099], [37.739196, 30.810472], [37.748702, 30.80675], [37.753465, 30.807044], [37.757821, 30.810841], [37.763786, 30.812057], [37.774901, 30.806344], [37.788634, 30.808574], [37.795715, 30.812924], [37.799664, 30.823169], [37.805457, 30.825786], [37.813235, 30.836155]]}}, {"type": "Feature", "properties": {"name": "Wadi Fakk Abu Thiran", "network": "9252168754", "osm_way": 1002514743}, "geometry": {"type": "LineString", "coordinates": [[37.496509, 30.562557], [37.515907, 30.569356], [37.52037, 30.575711], [37.5214, 30.582953], [37.524147, 30.585613], [37.539596, 30.590489], [37.552299, 30.600094], [37.553158, 30.603788], [37.550239, 30.611323], [37.552814, 30.616937], [37.574959, 30.633629], [37.57719, 30.640571], [37.576504, 30.652127], [37.589121, 30.656668], [37.595858, 30.665232], [37.612295, 30.671581], [37.620621, 30.676934], [37.623625, 30.683725], [37.640576, 30.695682], [37.643023, 30.71011], [37.648129, 30.713652], [37.653751, 30.727708], [37.657957, 30.729921], [37.672334, 30.747663], [37.677484, 30.751057], [37.678256, 30.755814], [37.683792, 30.76437], [37.698512, 30.766545], [37.704434, 30.773551], [37.711129, 30.777202], [37.719669, 30.793461], [37.719712, 30.817936], [37.723961, 30.822027], [37.727995, 30.834925], [37.752285, 30.850732], [37.747806, 30.857773], [37.751845, 30.868747]]}}, {"type": "Feature", "properties": {"name": "Wadi Fakk Abu Dureisa", "network": "5403822157", "osm_way": 1002516639}, "geometry": {"type": "LineString", "coordinates": [[37.400379, 30.540382], [37.401924, 30.547626], [37.391796, 30.568617], [37.391453, 30.575711], [37.414284, 30.60231], [37.422008, 30.605265], [37.438659, 30.602606], [37.447243, 30.605709], [37.452221, 30.612061], [37.478142, 30.632447], [37.48415, 30.642491], [37.479172, 30.660803], [37.501488, 30.686197], [37.512131, 30.706567], [37.534962, 30.732245]]}}, {"type": "Feature", "properties": {"name": "Wadi Fakk Abu Dureisa", "network": "5403822157", "osm_way": 1002516640}, "geometry": {"type": "LineString", "coordinates": [[37.332229, 30.554131], [37.332916, 30.557679], [37.342014, 30.565513], [37.346134, 30.571869], [37.350941, 30.597139], [37.362614, 30.621369], [37.370338, 30.624028], [37.391624, 30.615459], [37.413254, 30.626687], [37.42939, 30.644706], [37.438831, 30.652829], [37.453079, 30.661246], [37.474365, 30.693283], [37.485866, 30.705239], [37.515049, 30.72531], [37.534962, 30.732245], [37.542171, 30.739844], [37.569723, 30.760498], [37.586803, 30.781663], [37.608862, 30.794493], [37.620106, 30.810638], [37.619676, 30.829361], [37.621307, 30.832456], [37.633753, 30.835257], [37.651005, 30.847048], [37.659416, 30.848595], [37.668686, 30.854564], [37.68259, 30.858616], [37.693148, 30.857621], [37.705271, 30.865173]]}}, {"type": "Feature", "properties": {"name": "Wadi al Hasah", "network": "5403822157", "osm_way": 1002516641}, "geometry": {"type": "LineString", "coordinates": [[37.705271, 30.865173], [37.712889, 30.865081], [37.725828, 30.872338], [37.732673, 30.878213], [37.735634, 30.888305], [37.734432, 30.898984], [37.726021, 30.929139], [37.715099, 30.943219], [37.71122, 30.950959], [37.712434, 30.954703]]}}, {"type": "Feature", "properties": {"name": "Wadi al Hasah", "network": "5403822157", "osm_way": 1002516642}, "geometry": {"type": "LineString", "coordinates": [[37.300901, 30.745598], [37.308798, 30.744344], [37.315321, 30.746262], [37.327251, 30.754302], [37.336006, 30.756146], [37.368622, 30.750171], [37.390938, 30.754154], [37.415228, 30.753196], [37.425957, 30.757326], [37.432823, 30.76271], [37.478313, 30.775321], [37.508612, 30.777902], [37.525177, 30.781737], [37.552299, 30.794198], [37.556677, 30.806879], [37.563887, 30.813955], [37.594442, 30.824865], [37.612381, 30.836141], [37.657657, 30.858174], [37.67272, 30.873903], [37.680058, 30.875635], [37.696023, 30.87324], [37.701301, 30.871104], [37.705271, 30.865173]]}}, {"type": "Feature", "properties": {"name": "WA\u0304Di\u0304 AD\u0331 D\u0331A\u0304H\u0331IKi\u0304YAH", "network": "2083748467", "osm_way": 1002538675}, "geometry": {"type": "LineString", "coordinates": [[37.170318, 31.497395], [37.165332, 31.517972], [37.163916, 31.536847], [37.167392, 31.548569], [37.164946, 31.556816], [37.162585, 31.560217], [37.150526, 31.566177], [37.138907, 31.568164]]}}, {"type": "Feature", "properties": {"name": "", "network": "2083748467", "osm_way": 1002538676}, "geometry": {"type": "LineString", "coordinates": [[37.170192, 31.497198], [37.170318, 31.497395]]}}, {"type": "Feature", "properties": {"name": "\u0627\u0644\u0636\u0627\u062d\u0643\u064a\u0629", "network": "2083748467", "osm_way": 1002538677}, "geometry": {"type": "LineString", "coordinates": [[37.184756, 31.488], [37.18484, 31.488132]]}}, {"type": "Feature", "properties": {"name": "\u0627\u0644\u0636\u0627\u062d\u0643\u064a\u0629", "network": "2083748467", "osm_way": 1002538678}, "geometry": {"type": "LineString", "coordinates": [[37.178046, 31.47643], [37.184756, 31.488]]}}, {"type": "Feature", "properties": {"name": "\u0627\u0644\u0636\u0627\u062d\u0643\u064a\u0629", "network": "2083748467", "osm_way": 1002538679}, "geometry": {"type": "LineString", "coordinates": [[37.18484, 31.488132], [37.190469, 31.492478], [37.192444, 31.496851]]}}, {"type": "Feature", "properties": {"name": "\u0627\u0644\u0636\u0627\u062d\u0643\u064a\u0629", "network": "2083748467", "osm_way": 1002538680}, "geometry": {"type": "LineString", "coordinates": [[37.179172, 31.433584], [37.186232, 31.443713], [37.188334, 31.454879], [37.183185, 31.46857], [37.176876, 31.478425], [37.170192, 31.497198]]}}, {"type": "Feature", "properties": {"name": "Wadi Mudaysis", "network": "2083748467", "osm_way": 1002538681}, "geometry": {"type": "LineString", "coordinates": [[36.816749, 31.069314], [36.818622, 31.077793], [36.821927, 31.080827], [36.819289, 31.088572], [36.815548, 31.090255], [36.816903, 31.094732], [36.813512, 31.097434], [36.81316, 31.101812], [36.808102, 31.104705], [36.808579, 31.114357], [36.813247, 31.123767], [36.819509, 31.130486], [36.822149, 31.144343], [36.827545, 31.148797], [36.829476, 31.162394]]}}, {"type": "Feature", "properties": {"name": "\u0648\u0627\u062f\u064a \u062d\u0635\u064a\u062f\u0629 \u0623\u0645 \u0637\u0644\u062d\u0629", "network": "8674440339", "osm_way": 1002542603}, "geometry": {"type": "LineString", "coordinates": [[37.28911, 31.449314], [37.290628, 31.454701], [37.295075, 31.456873], [37.337223, 31.440024]]}}, {"type": "Feature", "properties": {"name": "\u0648\u0627\u062f\u064a \u062d\u0635\u064a\u062f\u0629 \u0623\u0645 \u0637\u0644\u062d\u0629", "network": "8674440339", "osm_way": 1002542604}, "geometry": {"type": "LineString", "coordinates": [[37.282351, 31.430265], [37.284323, 31.427819], [37.301492, 31.431555], [37.318162, 31.4311], [37.337223, 31.440024], [37.357798, 31.440846]]}}, {"type": "Feature", "properties": {"name": "\u0648\u0627\u062f\u064a \u062d\u0635\u064a\u062f\u0629 \u0623\u0645 \u0637\u0644\u062d\u0629", "network": "8674439955", "osm_way": 1002542605}, "geometry": {"type": "LineString", "coordinates": [[37.198845, 31.376903], [37.208365, 31.385278], [37.211262, 31.397504], [37.222323, 31.410214]]}}, {"type": "Feature", "properties": {"name": "Wadi Husaydat Umm Ghurubat", "network": "8674439955", "osm_way": 1002542606}, "geometry": {"type": "LineString", "coordinates": [[37.075036, 31.281179], [37.074829, 31.287201], [37.07773, 31.294286], [37.086228, 31.338377], [37.120013, 31.362037], [37.12858, 31.363217], [37.138253, 31.360621], [37.147831, 31.361794], [37.154316, 31.359264], [37.167124, 31.357937], [37.175838, 31.361418], [37.184232, 31.368113], [37.184958, 31.370886], [37.189967, 31.371535], [37.198845, 31.376903]]}}, {"type": "Feature", "properties": {"name": "\u0648\u0627\u062f\u064a \u062d\u0635\u064a\u062f\u0629 \u0623\u0645 \u0642\u0644\u0627\u062a", "network": "8674439955", "osm_way": 1002543084}, "geometry": {"type": "LineString", "coordinates": [[37.196827, 31.419679], [37.204414, 31.412647], [37.221154, 31.408923]]}}, {"type": "Feature", "properties": {"name": "Wadi Ba'ir", "network": "5814198516", "osm_way": 1002544509}, "geometry": {"type": "LineString", "coordinates": [[37.610979, 31.283607], [37.60021, 31.285842], [37.565734, 31.298411], [37.542415, 31.302269]]}}, {"type": "Feature", "properties": {"name": "Wadi Ba'ir", "network": "5814198516", "osm_way": 1002544510}, "geometry": {"type": "LineString", "coordinates": [[37.542415, 31.302269], [37.541899, 31.302328]]}}, {"type": "Feature", "properties": {"name": "Wadi Ba'ir", "network": "5814198516", "osm_way": 1002544511}, "geometry": {"type": "LineString", "coordinates": [[37.541899, 31.302328], [37.537194, 31.309508], [37.521986, 31.31865], [37.508705, 31.334991], [37.491984, 31.348156], [37.473748, 31.351624], [37.445122, 31.36179], [37.400118, 31.369134], [37.392411, 31.372718], [37.387113, 31.37783]]}}, {"type": "Feature", "properties": {"name": "", "network": "9252510096", "osm_way": 1002546592}, "geometry": {"type": "LineString", "coordinates": [[37.073772, 31.376361], [37.080447, 31.381766], [37.081548, 31.385995], [37.096067, 31.392633], [37.097065, 31.39839], [37.101813, 31.402618], [37.107982, 31.400935], [37.116298, 31.403852], [37.129923, 31.404204], [37.138284, 31.408962], [37.143961, 31.415333], [37.144236, 31.420707], [37.151015, 31.428047], [37.14434, 31.438527], [37.145509, 31.444075], [37.137768, 31.447598], [37.136805, 31.452911], [37.153397, 31.467721], [37.167472, 31.469829], [37.171278, 31.467721]]}}, {"type": "Feature", "properties": {"name": "\u0648\u0627\u062f\u064a \u062d\u0635\u064a\u062f\u0629 \u0627\u0644\u0641\u0635\u064a\u0627", "network": "9252554129", "osm_way": 1002548088}, "geometry": {"type": "LineString", "coordinates": [[37.231354, 31.166241], [37.236033, 31.167124], [37.239233, 31.173071], [37.247525, 31.178075], [37.251138, 31.198708], [37.258742, 31.201975], [37.261081, 31.206625], [37.266655, 31.208302], [37.288813, 31.208214], [37.300322, 31.21176], [37.30753, 31.215394], [37.309371, 31.219219], [37.32377, 31.232459], [37.336759, 31.238049], [37.341421, 31.238328], [37.353816, 31.245094], [37.360052, 31.251095]]}}, {"type": "Feature", "properties": {"name": "", "network": "9252554129", "osm_way": 1002552089}, "geometry": {"type": "LineString", "coordinates": [[37.331953, 31.109769], [37.351915, 31.116934], [37.3574, 31.12376], [37.368596, 31.125841], [37.38226, 31.132285], [37.382648, 31.139273], [37.376626, 31.145662], [37.376909, 31.149533], [37.369869, 31.164704], [37.371777, 31.172022], [37.374944, 31.177259], [37.38016, 31.179497], [37.390763, 31.189837], [37.400743, 31.193876], [37.401761, 31.198061], [37.401083, 31.200939], [37.394099, 31.204856], [37.39277, 31.20962], [37.386918, 31.216149], [37.384627, 31.225494]]}}, {"type": "Feature", "properties": {"name": "", "network": "9252554129", "osm_way": 1002552090}, "geometry": {"type": "LineString", "coordinates": [[37.281937, 31.161728], [37.283916, 31.163131], [37.288977, 31.162067], [37.294689, 31.167341], [37.303962, 31.162103], [37.312501, 31.164256], [37.318184, 31.166905], [37.319386, 31.175856]]}}, {"type": "Feature", "properties": {"name": "", "network": "9252554129", "osm_way": 1002552091}, "geometry": {"type": "LineString", "coordinates": [[37.31764, 31.184002], [37.320715, 31.183125]]}}, {"type": "Feature", "properties": {"name": "", "network": "9252554129", "osm_way": 1002552092}, "geometry": {"type": "LineString", "coordinates": [[37.318184, 31.185411], [37.323867, 31.181904]]}}, {"type": "Feature", "properties": {"name": "", "network": "9252554129", "osm_way": 1002552093}, "geometry": {"type": "LineString", "coordinates": [[37.327334, 31.182218], [37.327536, 31.182288]]}}, {"type": "Feature", "properties": {"name": "", "network": "9252554129", "osm_way": 1002552094}, "geometry": {"type": "LineString", "coordinates": [[37.309928, 31.169881], [37.320389, 31.176534], [37.323867, 31.181904], [37.327334, 31.182218]]}}, {"type": "Feature", "properties": {"name": "", "network": "9252554129", "osm_way": 1002552095}, "geometry": {"type": "LineString", "coordinates": [[37.327536, 31.182288], [37.334823, 31.186874], [37.342104, 31.187273], [37.347193, 31.185447]]}}, {"type": "Feature", "properties": {"name": "", "network": "9252554129", "osm_way": 1002552096}, "geometry": {"type": "LineString", "coordinates": [[37.306705, 31.183089], [37.310607, 31.186403], [37.321563, 31.187978], [37.338584, 31.198218], [37.351236, 31.215919], [37.367607, 31.2246], [37.375947, 31.241994], [37.381305, 31.248158]]}}, {"type": "Feature", "properties": {"name": "", "network": "9252554129", "osm_way": 1002552097}, "geometry": {"type": "LineString", "coordinates": [[37.317251, 31.196223], [37.322934, 31.198762], [37.324998, 31.203889], [37.330794, 31.206694], [37.340577, 31.216899], [37.339785, 31.218881], [37.346288, 31.229641], [37.348126, 31.242164]]}}, {"type": "Feature", "properties": {"name": "WA\u0304Di\u0304 H\u0331US\u0331AYYIDAH UMM NAKHLAH", "network": "9252554129", "osm_way": 1002552099}, "geometry": {"type": "LineString", "coordinates": [[37.316233, 31.150235], [37.325055, 31.162623], [37.328787, 31.17201], [37.344267, 31.181299], [37.347193, 31.185447], [37.353399, 31.184504], [37.361528, 31.186886], [37.366928, 31.191651], [37.367903, 31.207928], [37.371409, 31.215916], [37.379128, 31.219824], [37.380584, 31.223608], [37.384627, 31.225494], [37.385603, 31.230499], [37.391145, 31.238803], [37.389872, 31.255615]]}}, {"type": "Feature", "properties": {"name": "\u0648\u0627\u062f\u064a \u062d\u0635\u064a\u062f\u0629 \u0627\u0644\u0641\u0635\u064a\u0627", "network": "9252554129", "osm_way": 1002552100}, "geometry": {"type": "LineString", "coordinates": [[37.424182, 31.29427], [37.424299, 31.294273]]}}, {"type": "Feature", "properties": {"name": "\u0648\u0627\u062f\u064a \u062d\u0635\u064a\u062f\u0629 \u0627\u0644\u0641\u0635\u064a\u0627", "network": "9252554129", "osm_way": 1002552101}, "geometry": {"type": "LineString", "coordinates": [[37.422373, 31.294464], [37.424182, 31.29427]]}}, {"type": "Feature", "properties": {"name": "\u0648\u0627\u062f\u064a \u062d\u0635\u064a\u062f\u0629 \u0627\u0644\u0641\u0635\u064a\u0627", "network": "9252554129", "osm_way": 1002552102}, "geometry": {"type": "LineString", "coordinates": [[37.424299, 31.294273], [37.429027, 31.290172], [37.432799, 31.29058]]}}, {"type": "Feature", "properties": {"name": "\u0648\u0627\u062f\u064a \u062d\u0635\u064a\u062f\u0629 \u0627\u0644\u0641\u0635\u064a\u0627", "network": "9252554129", "osm_way": 1002552103}, "geometry": {"type": "LineString", "coordinates": [[37.422267, 31.294452], [37.422373, 31.294464]]}}, {"type": "Feature", "properties": {"name": "\u0648\u0627\u062f\u064a \u062d\u0635\u064a\u062f\u0629 \u0627\u0644\u0641\u0635\u064a\u0627", "network": "9252554129", "osm_way": 1002552104}, "geometry": {"type": "LineString", "coordinates": [[37.401268, 31.278911], [37.401707, 31.279104]]}}, {"type": "Feature", "properties": {"name": "\u0648\u0627\u062f\u064a \u062d\u0635\u064a\u062f\u0629 \u0627\u0644\u0641\u0635\u064a\u0627", "network": "9252554129", "osm_way": 1002552105}, "geometry": {"type": "LineString", "coordinates": [[37.386501, 31.255234], [37.388996, 31.257204], [37.391554, 31.267433], [37.401268, 31.278911]]}}, {"type": "Feature", "properties": {"name": "\u0648\u0627\u062f\u064a \u062d\u0635\u064a\u062f\u0629 \u0627\u0644\u0641\u0635\u064a\u0627", "network": "9252554129", "osm_way": 1002552106}, "geometry": {"type": "LineString", "coordinates": [[37.386564, 31.254548], [37.386501, 31.255234]]}}, {"type": "Feature", "properties": {"name": "\u0648\u0627\u062f\u064a \u062d\u0635\u064a\u062f\u0629 \u0627\u0644\u0641\u0635\u064a\u0627", "network": "9252554129", "osm_way": 1002552107}, "geometry": {"type": "LineString", "coordinates": [[37.350842, 31.243412], [37.356, 31.242079], [37.36174, 31.245681], [37.373106, 31.244968], [37.381305, 31.248158], [37.386564, 31.254548]]}}, {"type": "Feature", "properties": {"name": "\u0648\u0627\u062f\u064a \u062d\u0635\u064a\u062f\u0629 \u0627\u0644\u0641\u0635\u064a\u0627", "network": "9252554129", "osm_way": 1002552108}, "geometry": {"type": "LineString", "coordinates": [[37.401707, 31.279104], [37.422267, 31.294452]]}}, {"type": "Feature", "properties": {"name": "\u0634\u0639\u064a\u0628 \u0627\u0644\u062c\u0636\u064a\u0639\u0629", "network": "5814198516", "osm_way": 1002553824}, "geometry": {"type": "LineString", "coordinates": [[37.54569, 31.196889], [37.545664, 31.197074]]}}, {"type": "Feature", "properties": {"name": "\u0634\u0639\u064a\u0628 \u0627\u0644\u062c\u0636\u064a\u0639\u0629", "network": "5814198516", "osm_way": 1002553825}, "geometry": {"type": "LineString", "coordinates": [[37.528486, 31.176538], [37.54569, 31.196889]]}}, {"type": "Feature", "properties": {"name": "\u0634\u0639\u064a\u0628 \u0627\u0644\u062c\u0636\u064a\u0639\u0629", "network": "5814198516", "osm_way": 1002553826}, "geometry": {"type": "LineString", "coordinates": [[37.545664, 31.197074], [37.548088, 31.207721], [37.545132, 31.213661]]}}, {"type": "Feature", "properties": {"name": "\u0634\u0639\u064a\u0628 \u0627\u0644\u062c\u0636\u064a\u0639\u0629", "network": "5814198516", "osm_way": 1002553827}, "geometry": {"type": "LineString", "coordinates": [[37.528029, 31.176166], [37.528486, 31.176538]]}}, {"type": "Feature", "properties": {"name": "\u0634\u0639\u064a\u0628 \u0627\u0644\u062c\u0636\u064a\u0639\u0629", "network": "5814198516", "osm_way": 1002553828}, "geometry": {"type": "LineString", "coordinates": [[37.462118, 31.066903], [37.483306, 31.093677], [37.492187, 31.099249], [37.497023, 31.105723], [37.504849, 31.109638], [37.509685, 31.116113], [37.524193, 31.127479], [37.529997, 31.140556], [37.530063, 31.148759], [37.527799, 31.152052], [37.529052, 31.160498], [37.525095, 31.168286], [37.5256, 31.173797], [37.528029, 31.176166]]}}, {"type": "Feature", "properties": {"name": "Wadi Ba'ir", "network": "5814198516", "osm_way": 1002553829}, "geometry": {"type": "LineString", "coordinates": [[37.540794, 31.295878], [37.541048, 31.303217]]}}, {"type": "Feature", "properties": {"name": "Wadi Ba'ir", "network": "5814198516", "osm_way": 1002553830}, "geometry": {"type": "LineString", "coordinates": [[37.541283, 31.295794], [37.540794, 31.295878]]}}, {"type": "Feature", "properties": {"name": "Wadi Ba'ir", "network": "5814198516", "osm_way": 1002553831}, "geometry": {"type": "LineString", "coordinates": [[37.575803, 31.248211], [37.576919, 31.256358], [37.581933, 31.264053], [37.579758, 31.267136], [37.557651, 31.276829], [37.554595, 31.28192], [37.542879, 31.289022], [37.541283, 31.295794]]}}, {"type": "Feature", "properties": {"name": "Wadi Ba'ir", "network": "5814198516", "osm_way": 1002553832}, "geometry": {"type": "LineString", "coordinates": [[37.575685, 31.248084], [37.575803, 31.248211]]}}, {"type": "Feature", "properties": {"name": "\u0648\u0627\u062f\u064a \u0627\u0644\u0642\u0648\u064a\u0635\u0631\u0629", "network": "9253405401", "osm_way": 1002646324}, "geometry": {"type": "LineString", "coordinates": [[37.734765, 30.365002], [37.735065, 30.364669]]}}, {"type": "Feature", "properties": {"name": "\u0648\u0627\u062f\u064a \u0627\u0644\u0642\u0648\u064a\u0635\u0631\u0629", "network": "9253405401", "osm_way": 1002646325}, "geometry": {"type": "LineString", "coordinates": [[37.729518, 30.36946], [37.734765, 30.365002]]}}, {"type": "Feature", "properties": {"name": "Far Wadi al Abyad", "network": "9253405402", "osm_way": 1002646326}, "geometry": {"type": "LineString", "coordinates": [[37.532601, 30.312431], [37.540326, 30.330027], [37.562942, 30.354916], [37.579765, 30.355472], [37.607231, 30.360101], [37.611394, 30.369024], [37.615256, 30.372209], [37.627916, 30.3631], [37.638302, 30.373801], [37.650833, 30.373616], [37.665768, 30.382353], [37.690315, 30.388869], [37.692718, 30.391682], [37.697868, 30.40945], [37.703361, 30.415371], [37.716408, 30.415371], [37.73014, 30.423957], [37.742328, 30.427065], [37.763786, 30.44009], [37.790909, 30.442754], [37.80241, 30.44823], [37.80756, 30.454445], [37.825584, 30.467022], [37.829876, 30.484443], [37.837858, 30.498976], [37.838974, 30.521456], [37.849016, 30.531215]]}}, {"type": "Feature", "properties": {"name": "\u0648\u0627\u062f\u064a \u062d\u062f\u0631\u062c", "network": "9253405401", "osm_way": 1002646328}, "geometry": {"type": "LineString", "coordinates": [[37.77503, 30.345834], [37.811658, 30.349972]]}}, {"type": "Feature", "properties": {"name": "\u0648\u0627\u062f\u064a \u062d\u062f\u0631\u062c", "network": "9253405401", "osm_way": 1002646330}, "geometry": {"type": "LineString", "coordinates": [[37.790608, 30.341658], [37.798183, 30.342973], [37.812474, 30.350435]]}}, {"type": "Feature", "properties": {"name": "\u0648\u0627\u062f\u064a \u0627\u0644\u0642\u0648\u064a\u0635\u0631\u0629", "network": "9253405401", "osm_way": 1002646332}, "geometry": {"type": "LineString", "coordinates": [[37.735065, 30.364669], [37.740462, 30.362184], [37.747468, 30.355213], [37.765095, 30.351713], [37.769397, 30.34601], [37.77503, 30.345834]]}}, {"type": "Feature", "properties": {"name": "\u0648\u0627\u062f\u064a \u062d\u062f\u0631\u062c", "network": "9253405401", "osm_way": 1002646333}, "geometry": {"type": "LineString", "coordinates": [[37.71015, 30.352877], [37.710504, 30.352504]]}}, {"type": "Feature", "properties": {"name": "\u0648\u0627\u062f\u064a \u062d\u062f\u0631\u062c", "network": "9253405401", "osm_way": 1002646334}, "geometry": {"type": "LineString", "coordinates": [[37.649417, 30.347547], [37.661347, 30.34525], [37.670445, 30.347324], [37.676325, 30.344732], [37.683062, 30.349584], [37.693362, 30.350694], [37.700958, 30.354324], [37.71015, 30.352877]]}}, {"type": "Feature", "properties": {"name": "\u0648\u0627\u062f\u064a \u062d\u062f\u0631\u062c", "network": "9253405401", "osm_way": 1002646335}, "geometry": {"type": "LineString", "coordinates": [[37.710504, 30.352504], [37.723317, 30.343547], [37.74456, 30.335621], [37.758594, 30.340695], [37.790608, 30.341658], [37.802024, 30.340139], [37.840347, 30.348288], [37.867469, 30.350065], [37.888241, 30.347695], [37.908497, 30.348139], [37.95124, 30.35362], [37.965403, 30.366062], [37.985144, 30.374282], [38.006687, 30.388277], [38.015356, 30.398493], [38.045482, 30.415667], [38.052092, 30.428545], [38.055525, 30.430914], [38.085265, 30.442643], [38.098912, 30.442236], [38.148053, 30.47111]]}}, {"type": "Feature", "properties": {"name": "\u0648\u0627\u062f\u064a \u0627\u0644\u0623\u0628\u064a\u0636", "network": "9253405402", "osm_way": 1002646341}, "geometry": {"type": "LineString", "coordinates": [[37.511015, 30.418776], [37.526035, 30.42181], [37.537451, 30.426843], [37.559938, 30.427287], [37.571525, 30.424475], [37.581396, 30.427361], [37.592382, 30.427731], [37.611523, 30.435132], [37.639761, 30.430914], [37.643023, 30.432986], [37.648945, 30.443198], [37.664394, 30.447786], [37.678642, 30.464137], [37.685337, 30.464285], [37.694092, 30.459402], [37.703276, 30.466282], [37.726149, 30.467059], [37.73116, 30.470721], [37.738026, 30.467207], [37.751427, 30.477212], [37.752886, 30.488215], [37.755225, 30.491654], [37.77061, 30.501546], [37.80035, 30.516761], [37.849016, 30.531215], [37.859359, 30.537462], [37.87837, 30.560192], [37.884593, 30.582362], [37.90369, 30.600131], [37.90565, 30.60444]]}}, {"type": "Feature", "properties": {"name": "\u0648\u0627\u062f\u064a \u0633\u0631\u0645\u062f\u0627\u0621", "network": "5403822157", "osm_way": 1002871543}, "geometry": {"type": "LineString", "coordinates": [[37.645103, 31.065936], [37.662163, 31.065801]]}}, {"type": "Feature", "properties": {"name": "\u0648\u0627\u062f\u064a \u0633\u0631\u0645\u062f\u0627\u0621", "network": "5403822157", "osm_way": 1002871544}, "geometry": {"type": "LineString", "coordinates": [[37.644714, 31.065816], [37.645103, 31.065936]]}}, {"type": "Feature", "properties": {"name": "\u0648\u0627\u062f\u064a \u0633\u0631\u0645\u062f\u0627\u0621", "network": "5403822157", "osm_way": 1002871545}, "geometry": {"type": "LineString", "coordinates": [[37.641566, 31.062821], [37.644714, 31.065816]]}}, {"type": "Feature", "properties": {"name": "\u0648\u0627\u062f\u064a \u0633\u0631\u0645\u062f\u0627\u0621", "network": "5403822157", "osm_way": 1002871546}, "geometry": {"type": "LineString", "coordinates": [[37.641271, 31.062603], [37.641566, 31.062821]]}}, {"type": "Feature", "properties": {"name": "\u0648\u0627\u062f\u064a \u0633\u0631\u0645\u062f\u0627\u0621", "network": "5403822157", "osm_way": 1002871547}, "geometry": {"type": "LineString", "coordinates": [[37.594689, 31.037992], [37.612682, 31.03888]]}}, {"type": "Feature", "properties": {"name": "Wadi Umm Qubur", "network": "5403822157", "osm_way": 1002880454}, "geometry": {"type": "LineString", "coordinates": [[37.51749, 30.895708], [37.534509, 30.89771], [37.555714, 30.907073], [37.566763, 30.914315], [37.573179, 30.920791], [37.575513, 30.933625], [37.580093, 30.939378], [37.58663, 30.941453]]}}, {"type": "Feature", "properties": {"name": "Wadi Umm Qubur", "network": "5403822157", "osm_way": 1002880455}, "geometry": {"type": "LineString", "coordinates": [[37.540376, 30.885314], [37.548268, 30.897063]]}}, {"type": "Feature", "properties": {"name": "Wadi Umm Qubur", "network": "5403822157", "osm_way": 1002880456}, "geometry": {"type": "LineString", "coordinates": [[37.540136, 30.88075], [37.540754, 30.892116], [37.552077, 30.8993], [37.555371, 30.904482], [37.56292, 30.908486], [37.573008, 30.909016], [37.581243, 30.918319], [37.5914, 30.921439], [37.58663, 30.941453], [37.592944, 30.960286], [37.603546, 30.958344], [37.624889, 30.976557]]}}, {"type": "Feature", "properties": {"name": "\u0634\u0639\u064a\u0628 \u0645\u062f\u064a\u0633\u064a\u0633", "network": "5403822157", "osm_way": 1002880457}, "geometry": {"type": "LineString", "coordinates": [[37.488873, 30.949929], [37.507676, 30.952342], [37.531352, 30.964038], [37.541663, 30.97449], [37.550078, 30.977961], [37.551091, 30.989853], [37.557293, 30.993677], [37.562465, 30.993897], [37.570126, 30.984735], [37.580694, 30.981675], [37.597541, 30.97285], [37.612639, 30.972555], [37.6171, 30.975821], [37.63206, 30.979381], [37.648307, 30.979028]]}}, {"type": "Feature", "properties": {"name": "\u0648\u0627\u062f\u064a \u0627\u0644\u063a\u0631\u0627\u0621", "network": "5403822157", "osm_way": 1002880458}, "geometry": {"type": "LineString", "coordinates": [[37.47556, 30.950017], [37.483486, 30.957285], [37.490142, 30.959345], [37.492647, 30.964847], [37.498275, 30.969584], [37.509426, 30.973468], [37.524627, 30.984735], [37.530391, 30.993295]]}}, {"type": "Feature", "properties": {"name": "\u0648\u0627\u062f\u064a \u0627\u0644\u063a\u0631\u0627\u0621", "network": "5403822157", "osm_way": 1002880459}, "geometry": {"type": "LineString", "coordinates": [[37.712434, 30.954703], [37.712891, 30.95481]]}}, {"type": "Feature", "properties": {"name": "\u0648\u0627\u062f\u064a \u0627\u0644\u063a\u0631\u0627\u0621", "network": "5403822157", "osm_way": 1002880460}, "geometry": {"type": "LineString", "coordinates": [[37.712891, 30.95481], [37.726215, 30.952607], [37.737023, 30.955902], [37.753699, 30.971805], [37.771216, 30.972099], [37.795578, 30.961199], [37.828775, 30.955814], [37.855059, 30.947869], [37.867892, 30.938981]]}}, {"type": "Feature", "properties": {"name": "\u0648\u0627\u062f\u064a \u0633\u0645\u0631\u0645\u062f\u0629", "network": "5403822157", "osm_way": 1002880461}, "geometry": {"type": "LineString", "coordinates": [[37.606154, 31.019955], [37.609311, 31.028364], [37.609465, 31.036244]]}}, {"type": "Feature", "properties": {"name": "\u0648\u0627\u062f\u064a \u0633\u0631\u0645\u062f\u0627\u0621", "network": "5403822157", "osm_way": 1002880462}, "geometry": {"type": "LineString", "coordinates": [[37.627428, 31.055436], [37.623379, 31.061937], [37.610872, 31.066169], [37.60262, 31.073788]]}}, {"type": "Feature", "properties": {"name": "", "network": "5520503071", "osm_way": 1003177641}, "geometry": {"type": "LineString", "coordinates": [[36.255965, 31.384153], [36.245931, 31.384559], [36.238997, 31.388704], [36.231128, 31.387079], [36.226357, 31.390532], [36.215703, 31.386951], [36.212173, 31.390688], [36.200887, 31.394644], [36.198312, 31.398014], [36.197335, 31.406833], [36.189975, 31.413664], [36.169719, 31.412253], [36.159516, 31.416337], [36.153165, 31.409616], [36.148583, 31.412647], [36.145665, 31.412272], [36.145236, 31.410019], [36.148455, 31.405505], [36.141599, 31.404232], [36.140193, 31.402053], [36.144292, 31.400011], [36.13602, 31.394745], [36.131053, 31.387849], [36.119047, 31.384625], [36.108332, 31.384954], [36.092052, 31.374669], [36.09041, 31.375527], [36.089009, 31.371853]]}}, {"type": "Feature", "properties": {"name": "\u0634\u0639\u064a\u0628 \u0645\u062f\u064a\u0633\u064a\u0633", "network": "5403822157", "osm_way": 1003558955}, "geometry": {"type": "LineString", "coordinates": [[37.475354, 30.939334], [37.505686, 30.93698], [37.520578, 30.941865], [37.528538, 30.948281], [37.549401, 30.952813], [37.550379, 30.954313], [37.545746, 30.96395], [37.549315, 30.971305], [37.547831, 30.975953]]}}, {"type": "Feature", "properties": {"name": "", "network": "9226944176", "osm_way": 1004214021}, "geometry": {"type": "LineString", "coordinates": [[37.807538, 31.483942], [37.796595, 31.480245], [37.796681, 31.473776], [37.780824, 31.467664], [37.776221, 31.459885], [37.771307, 31.461862], [37.764945, 31.457469], [37.758175, 31.45951], [37.754559, 31.454183]]}}, {"type": "Feature", "properties": {"name": "Wadi Abu Gharisah", "network": "9226944176", "osm_way": 1004214022}, "geometry": {"type": "LineString", "coordinates": [[37.609366, 31.473346], [37.594421, 31.463957]]}}, {"type": "Feature", "properties": {"name": "Wadi Abu Gharisah", "network": "9226944176", "osm_way": 1004214023}, "geometry": {"type": "LineString", "coordinates": [[37.824898, 31.551404], [37.82243, 31.539151], [37.814276, 31.532476], [37.815381, 31.527263], [37.812066, 31.521502], [37.801836, 31.517821], [37.788184, 31.507233], [37.762853, 31.508468], [37.756051, 31.502147], [37.750515, 31.502102], [37.74941, 31.495762], [37.753347, 31.49181], [37.75574, 31.483265], [37.74735, 31.463573], [37.753036, 31.458558], [37.755332, 31.45001], [37.74853, 31.443383], [37.727244, 31.444024], [37.712052, 31.460315], [37.704949, 31.45843], [37.699692, 31.461944], [37.686882, 31.46242], [37.681453, 31.465751], [37.673256, 31.466941], [37.672806, 31.470839], [37.66639, 31.473657], [37.66403, 31.476677], [37.656348, 31.475945], [37.650297, 31.480117], [37.646756, 31.489925], [37.639643, 31.488892], [37.630169, 31.484436], [37.623078, 31.489239], [37.618067, 31.488068], [37.616458, 31.480941], [37.611555, 31.477244], [37.605901, 31.468167], [37.607489, 31.462329], [37.61296, 31.459693]]}}, {"type": "Feature", "properties": {"name": "Rijlat ash Sharari", "network": "9269215341", "osm_way": 1004632742}, "geometry": {"type": "LineString", "coordinates": [[37.933977, 31.371515], [37.932084, 31.364781], [37.933924, 31.360655], [37.931306, 31.358621], [37.932014, 31.357063], [37.924976, 31.35666], [37.920663, 31.353765], [37.915299, 31.357636], [37.903771, 31.356408], [37.89294, 31.351131], [37.890569, 31.339503], [37.887286, 31.337639], [37.876841, 31.338422], [37.867293, 31.330715], [37.866756, 31.323333], [37.871203, 31.313828], [37.859911, 31.299913], [37.857846, 31.29466], [37.859547, 31.289003], [37.856752, 31.280935], [37.82235, 31.276731], [37.822419, 31.274062], [37.815853, 31.270303], [37.816068, 31.267501], [37.811755, 31.261898], [37.802904, 31.259339], [37.797013, 31.259646], [37.793052, 31.262015], [37.791708, 31.260449], [37.794599, 31.256844]]}}, {"type": "Feature", "properties": {"name": "\u0648\u0627\u062f\u064a \u0623\u0628\u0648 \u0637\u0631\u0641\u0627\u0621", "network": "9269229012", "osm_way": 1004633558}, "geometry": {"type": "LineString", "coordinates": [[37.975311, 31.298524], [37.952861, 31.287518], [37.944575, 31.285373], [37.940573, 31.287222], [37.935029, 31.285854], [37.934418, 31.283287], [37.922726, 31.280784], [37.918121, 31.282246], [37.909033, 31.27977], [37.9028, 31.273416], [37.897242, 31.271545], [37.891631, 31.266694], [37.880854, 31.26342], [37.876675, 31.259036], [37.869444, 31.255634], [37.856746, 31.253387], [37.845084, 31.242444], [37.837574, 31.238568], [37.832767, 31.232009], [37.814888, 31.228248], [37.810081, 31.225495], [37.798145, 31.224926], [37.776682, 31.215967], [37.769977, 31.223954], [37.770481, 31.229408], [37.775695, 31.234326], [37.773485, 31.243315]]}}, {"type": "Feature", "properties": {"name": "River Jordan", "network": "31490214", "osm_way": 1013928475}, "geometry": {"type": "LineString", "coordinates": [[35.626707, 32.997301], [35.625413, 32.97994]]}}, {"type": "Feature", "properties": {"name": "River Jordan", "network": "31490214", "osm_way": 1013928476}, "geometry": {"type": "LineString", "coordinates": [[35.621649, 32.922719], [35.623111, 32.91942], [35.622577, 32.908145], [35.624071, 32.906789], [35.615962, 32.905661], [35.615913, 32.90313], [35.612319, 32.9003], [35.61373, 32.899444], [35.61242, 32.895]]}}, {"type": "Feature", "properties": {"name": "Wadi Ghudayy", "network": "8653603935", "osm_way": 1013959804}, "geometry": {"type": "LineString", "coordinates": [[37.639353, 29.62719], [37.649331, 29.623553], [37.655811, 29.625064], [37.657592, 29.622434], [37.662764, 29.620475], [37.664051, 29.613778], [37.670918, 29.605421], [37.674436, 29.604432], [37.681196, 29.593984], [37.70201, 29.594039], [37.71203, 29.590662], [37.718897, 29.590588], [37.73248, 29.584822], [37.738638, 29.575379], [37.741127, 29.565339], [37.743981, 29.562129], [37.759538, 29.560355], [37.765868, 29.555596], [37.772284, 29.554438], [37.789814, 29.562464], [37.820606, 29.557014], [37.830992, 29.559795], [37.836828, 29.558004], [37.850561, 29.558694], [37.866011, 29.553375], [37.869315, 29.546113], [37.86777, 29.541969], [37.868993, 29.53971], [37.873564, 29.539038]]}}, {"type": "Feature", "properties": {"name": "An Najili", "network": "8653619030", "osm_way": 1014236503}, "geometry": {"type": "LineString", "coordinates": [[37.456938, 29.307678], [37.465468, 29.312257], [37.483606, 29.312262], [37.485673, 29.314345], [37.482933, 29.31844], [37.492828, 29.324075], [37.496259, 29.329394], [37.50572, 29.330874], [37.513589, 29.326158], [37.516937, 29.326903], [37.518928, 29.335978], [37.516973, 29.341204], [37.520884, 29.349554], [37.528694, 29.358535], [37.538846, 29.359607], [37.550579, 29.363536], [37.552476, 29.368648], [37.551492, 29.371842], [37.557522, 29.382249], [37.563918, 29.388857], [37.571075, 29.411881], [37.57983, 29.414105], [37.58234, 29.413171], [37.590555, 29.416803], [37.601234, 29.426574], [37.605005, 29.43251], [37.609841, 29.431021], [37.617089, 29.409643], [37.620994, 29.405822], [37.625567, 29.412993], [37.629121, 29.414717], [37.642066, 29.417211], [37.64929, 29.416451], [37.655918, 29.423045], [37.661556, 29.421015], [37.667001, 29.425044], [37.673658, 29.421209], [37.680526, 29.424723], [37.690578, 29.422933], [37.692639, 29.425269], [37.69936, 29.426819], [37.706421, 29.422372], [37.711995, 29.42123], [37.714267, 29.423973], [37.714969, 29.43255], [37.713002, 29.438598], [37.716222, 29.441769], [37.722615, 29.442539], [37.738833, 29.439179], [37.75114, 29.439072], [37.76518, 29.446654], [37.774828, 29.449182], [37.780092, 29.456595], [37.784407, 29.456508], [37.789055, 29.453521], [37.792545, 29.454321], [37.80902, 29.464894], [37.817006, 29.47887], [37.825407, 29.482652], [37.831719, 29.488197], [37.842732, 29.490628], [37.848844, 29.498236], [37.863797, 29.505177], [37.875337, 29.516411], [37.888897, 29.522928], [37.893586, 29.528582], [37.898996, 29.529342], [37.904769, 29.532892], [37.907896, 29.53859]]}}, {"type": "Feature", "properties": {"name": "", "network": "8653603935", "osm_way": 1014236504}, "geometry": {"type": "LineString", "coordinates": [[37.639688, 29.709156], [37.626738, 29.705139]]}}, {"type": "Feature", "properties": {"name": "", "network": "8653603935", "osm_way": 1014236505}, "geometry": {"type": "LineString", "coordinates": [[37.610766, 29.707813], [37.622423, 29.699162]]}}, {"type": "Feature", "properties": {"name": "\u0648\u0627\u062f\u064a \u0639\u0633\u0631\u0627\u062a", "network": "8653619030", "osm_way": 1014236506}, "geometry": {"type": "LineString", "coordinates": [[37.277618, 29.363515], [37.28496, 29.361597], [37.291787, 29.362291], [37.296459, 29.364893], [37.304562, 29.359392], [37.309011, 29.362689], [37.320785, 29.361158]]}}, {"type": "Feature", "properties": {"name": "", "network": "8653619030", "osm_way": 1014236507}, "geometry": {"type": "LineString", "coordinates": [[37.322916, 29.399906], [37.321845, 29.398044]]}}, {"type": "Feature", "properties": {"name": "\u0648\u0627\u062f\u064a \u0639\u0633\u0631\u0627\u062a", "network": "8653619030", "osm_way": 1014236508}, "geometry": {"type": "LineString", "coordinates": [[37.303824, 29.379924], [37.309117, 29.377883], [37.317021, 29.378302], [37.320381, 29.375639]]}}, {"type": "Feature", "properties": {"name": "", "network": "8653603935", "osm_way": 1014236511}, "geometry": {"type": "LineString", "coordinates": [[37.550345, 29.546177], [37.560111, 29.544893], [37.56278, 29.548214], [37.572851, 29.55184], [37.573459, 29.554754], [37.57922, 29.55508], [37.582218, 29.558848], [37.583647, 29.566181]]}}, {"type": "Feature", "properties": {"name": "", "network": "8653603935", "osm_way": 1014236512}, "geometry": {"type": "LineString", "coordinates": [[37.631234, 29.616808], [37.635473, 29.609458], [37.638916, 29.594634]]}}, {"type": "Feature", "properties": {"name": "", "network": "8653603935", "osm_way": 1014236513}, "geometry": {"type": "LineString", "coordinates": [[37.594864, 29.538526], [37.614279, 29.533147], [37.621433, 29.533636], [37.628119, 29.525984], [37.633916, 29.524293], [37.641656, 29.526626], [37.659817, 29.52357], [37.68881, 29.532974]]}}, {"type": "Feature", "properties": {"name": "", "network": "8653603935", "osm_way": 1014236514}, "geometry": {"type": "LineString", "coordinates": [[37.583647, 29.529815], [37.586082, 29.524945], [37.590345, 29.523152], [37.600508, 29.524884], [37.61285, 29.52521], [37.621211, 29.523274], [37.630672, 29.524741]]}}, {"type": "Feature", "properties": {"name": "SHA\u02bbI\u0304B AL MIQYA\u0304L", "network": "9357237646", "osm_way": 1014236517}, "geometry": {"type": "LineString", "coordinates": [[37.528846, 29.522667], [37.530276, 29.525737], [37.534963, 29.526788], [37.539666, 29.532077], [37.548331, 29.535358], [37.555661, 29.530345], [37.571024, 29.534257], [37.57641, 29.524048], [37.587722, 29.516773], [37.607675, 29.484446], [37.620696, 29.476495], [37.637019, 29.476108], [37.646527, 29.482708]]}}, {"type": "Feature", "properties": {"name": "", "network": "8653603935", "osm_way": 1014236518}, "geometry": {"type": "LineString", "coordinates": [[37.583038, 29.597444], [37.589033, 29.598503], [37.600181, 29.594919], [37.602288, 29.592597], [37.60093, 29.587588], [37.602335, 29.583718], [37.611515, 29.580215], [37.612124, 29.575286], [37.616176, 29.568117], [37.625707, 29.565998], [37.646152, 29.553165]]}}, {"type": "Feature", "properties": {"name": "", "network": "8653603935", "osm_way": 1014236519}, "geometry": {"type": "LineString", "coordinates": [[37.570064, 29.588647], [37.576082, 29.573799], [37.581633, 29.568728], [37.591141, 29.572007], [37.616176, 29.568117]]}}, {"type": "Feature", "properties": {"name": "Wadi Umm Jufayn", "network": "8653603935", "osm_way": 1014236520}, "geometry": {"type": "LineString", "coordinates": [[37.533226, 29.567974], [37.540837, 29.568239], [37.546762, 29.564857], [37.557347, 29.567281], [37.573834, 29.563432], [37.584982, 29.566752], [37.597183, 29.566059], [37.610063, 29.56333], [37.636691, 29.553653], [37.648424, 29.552635], [37.655051, 29.549355]]}}, {"type": "Feature", "properties": {"name": "", "network": "8653603935", "osm_way": 1014236521}, "geometry": {"type": "LineString", "coordinates": [[37.603342, 29.626824], [37.607159, 29.627455], [37.615145, 29.624381], [37.619431, 29.616217], [37.621867, 29.604897], [37.629735, 29.600824]]}}, {"type": "Feature", "properties": {"name": "WA\u0304Di\u0304 GHUD\u0331AYY", "network": "8653603935", "osm_way": 1014236525}, "geometry": {"type": "LineString", "coordinates": [[37.513858, 29.603879], [37.5162, 29.605894], [37.524186, 29.605732], [37.527675, 29.609376], [37.540087, 29.612389], [37.543741, 29.607544], [37.547347, 29.607625], [37.555169, 29.610109], [37.558354, 29.616624], [37.562804, 29.617927], [37.578775, 29.616258], [37.585239, 29.611046], [37.603038, 29.616869], [37.606738, 29.614385], [37.613857, 29.602698], [37.62018, 29.602453], [37.625239, 29.60001], [37.632124, 29.600539], [37.637745, 29.596507], [37.648658, 29.564654], [37.654396, 29.556831], [37.655051, 29.549355], [37.661726, 29.544852], [37.675215, 29.546238], [37.68881, 29.532974], [37.701819, 29.535765], [37.712826, 29.529734], [37.722569, 29.535439], [37.729454, 29.533116], [37.745426, 29.539025], [37.755496, 29.532342], [37.77676, 29.534217], [37.791936, 29.530834], [37.815402, 29.530304], [37.873564, 29.539038]]}}, {"type": "Feature", "properties": {"name": "Wadi Ghada", "network": "8653603935", "osm_way": 1014236526}, "geometry": {"type": "LineString", "coordinates": [[37.487184, 29.643363], [37.493425, 29.648227], [37.493624, 29.650232], [37.497078, 29.650486], [37.50853, 29.648461], [37.526949, 29.638579], [37.5362, 29.644024], [37.537441, 29.648889], [37.571422, 29.655625], [37.578454, 29.661552], [37.587277, 29.657986], [37.590743, 29.663664], [37.596331, 29.664935]]}}, {"type": "Feature", "properties": {"name": "", "network": "8653619030", "osm_way": 1014258785}, "geometry": {"type": "LineString", "coordinates": [[37.417956, 29.258171], [37.428175, 29.264797], [37.43152, 29.269094], [37.438026, 29.271342], [37.439092, 29.278777], [37.448828, 29.280229], [37.451912, 29.283066], [37.452564, 29.286432], [37.454467, 29.287048], [37.453216, 29.302283]]}}, {"type": "Feature", "properties": {"name": "WA\u0304Di\u0304 DA\u0304BIS", "network": "8653619030", "osm_way": 1014258786}, "geometry": {"type": "LineString", "coordinates": [[37.17356, 29.202536], [37.179353, 29.199783], [37.18651, 29.200674], [37.188659, 29.197941], [37.192556, 29.198913], [37.197819, 29.195089], [37.213001, 29.191365], [37.214666, 29.187641], [37.220182, 29.188713], [37.222983, 29.184955], [37.229396, 29.184808], [37.235495, 29.182015], [37.250548, 29.18038], [37.257798, 29.177701], [37.282409, 29.17969], [37.288677, 29.186723], [37.301082, 29.188907], [37.307312, 29.191954], [37.316748, 29.206487], [37.334033, 29.211134], [37.336258, 29.216611], [37.35141, 29.228221], [37.355783, 29.237527], [37.367536, 29.244837], [37.375331, 29.247247], [37.379474, 29.240285], [37.381653, 29.239562], [37.406571, 29.248131], [37.411205, 29.248184], [37.418202, 29.258787], [37.418723, 29.26224], [37.415378, 29.272306], [37.418938, 29.279854], [37.422897, 29.284298], [37.428727, 29.284646], [37.434742, 29.292006], [37.446127, 29.287617], [37.449227, 29.300463], [37.453768, 29.302738], [37.453523, 29.306163], [37.456938, 29.307678]]}}, {"type": "Feature", "properties": {"name": "Valley of Gaza (Wadi Ghazza)", "network": "332110084", "osm_way": 1014359798}, "geometry": {"type": "LineString", "coordinates": [[34.412572, 31.448101], [34.411489, 31.450542], [34.413808, 31.451938], [34.414573, 31.455706]]}}, {"type": "Feature", "properties": {"name": "", "network": "8653619030", "osm_way": 1015383185}, "geometry": {"type": "LineString", "coordinates": [[37.373858, 29.247568], [37.393942, 29.246565], [37.399135, 29.247839], [37.403287, 29.24623]]}}, {"type": "Feature", "properties": {"name": "", "network": "8653619030", "osm_way": 1015383611}, "geometry": {"type": "LineString", "coordinates": [[37.196199, 29.263119], [37.189128, 29.249987], [37.178759, 29.245681], [37.172118, 29.236535], [37.165525, 29.232658], [37.167778, 29.229658], [37.176474, 29.226212], [37.177413, 29.216132], [37.185196, 29.216011], [37.191017, 29.211652], [37.194267, 29.197975]]}}, {"type": "Feature", "properties": {"name": "", "network": "8653619030", "osm_way": 1015384051}, "geometry": {"type": "LineString", "coordinates": [[37.550626, 29.491601], [37.560438, 29.491663], [37.573553, 29.480043], [37.573623, 29.465139], [37.571094, 29.460551], [37.575403, 29.458512], [37.578729, 29.445761], [37.598213, 29.445471], [37.621796, 29.455219], [37.627101, 29.455953], [37.6323, 29.45426], [37.634577, 29.457151], [37.639964, 29.457105], [37.645309, 29.452517], [37.644677, 29.445175], [37.647206, 29.441229], [37.654232, 29.438832], [37.656269, 29.434845], [37.661515, 29.433642], [37.66487, 29.427599], [37.668711, 29.425054]]}}, {"type": "Feature", "properties": {"name": "", "network": "8653603935", "osm_way": 1015391026}, "geometry": {"type": "LineString", "coordinates": [[37.701302, 29.685583], [37.70746, 29.678443], [37.716107, 29.67794], [37.720227, 29.675041]]}}, {"type": "Feature", "properties": {"name": "", "network": "8653603935", "osm_way": 1015391027}, "geometry": {"type": "LineString", "coordinates": [[37.730688, 29.704231], [37.735338, 29.700085], [37.734475, 29.693775], [37.726729, 29.689395], [37.725205, 29.682703], [37.721257, 29.679589], [37.720227, 29.675041], [37.724283, 29.654139], [37.732093, 29.634986], [37.732201, 29.629335], [37.723532, 29.618852], [37.723875, 29.612267], [37.750096, 29.587994], [37.749646, 29.583068], [37.757757, 29.578365], [37.759688, 29.571516], [37.777648, 29.560953], [37.785029, 29.561419]]}}, {"type": "Feature", "properties": {"name": "", "network": "8653603935", "osm_way": 1015391028}, "geometry": {"type": "LineString", "coordinates": [[37.711912, 29.702976], [37.713285, 29.700803], [37.719484, 29.700415], [37.723811, 29.696665], [37.726729, 29.689395]]}}, {"type": "Feature", "properties": {"name": "", "network": "8653619038", "osm_way": 1015391029}, "geometry": {"type": "LineString", "coordinates": [[37.760074, 29.691706], [37.763958, 29.685331]]}}, {"type": "Feature", "properties": {"name": "", "network": "8653619038", "osm_way": 1015391030}, "geometry": {"type": "LineString", "coordinates": [[37.752199, 29.69536], [37.752027, 29.693608], [37.761168, 29.689637]]}}, {"type": "Feature", "properties": {"name": "Wadi al Qasimah", "network": "8653619038", "osm_way": 1015391031}, "geometry": {"type": "LineString", "coordinates": [[37.765846, 29.716569], [37.76885, 29.704269], [37.764087, 29.688426], [37.765245, 29.680708], [37.783484, 29.661169], [37.785716, 29.654158], [37.799706, 29.6464], [37.804856, 29.635061], [37.809834, 29.631517], [37.814941, 29.619505], [37.817817, 29.616781], [37.818418, 29.612118], [37.822752, 29.60682], [37.825112, 29.605029], [37.836099, 29.606708], [37.844725, 29.602977], [37.851033, 29.6032], [37.856569, 29.599059], [37.865968, 29.596932], [37.876911, 29.597118], [37.900214, 29.585064], [37.922316, 29.578794], [37.934632, 29.564499], [37.942142, 29.562632]]}}, {"type": "Feature", "properties": {"name": "", "network": "8653619030", "osm_way": 1015413243}, "geometry": {"type": "LineString", "coordinates": [[37.351686, 29.228596], [37.358428, 29.231526], [37.368968, 29.232591], [37.373577, 29.230639], [37.387472, 29.230905], [37.396216, 29.234691], [37.409738, 29.237293], [37.413839, 29.239984], [37.417093, 29.25131], [37.421803, 29.254385], [37.421393, 29.25975]]}}, {"type": "Feature", "properties": {"name": "SHA\u02bbI\u0304B UMM AL LUQA\u0304\u02bc", "network": "9366837580", "osm_way": 1015413244}, "geometry": {"type": "LineString", "coordinates": [[37.170676, 29.157948], [37.193416, 29.156646], [37.201855, 29.160256], [37.209345, 29.157445], [37.220732, 29.160168], [37.223002, 29.154544], [37.232221, 29.146257], [37.238084, 29.145576], [37.245844, 29.148151]]}}, {"type": "Feature", "properties": {"name": "WA\u0304Di\u0304 AL \u2018ARAY\u2018ARAYYA\u0304T", "network": "9366837580", "osm_way": 1015413246}, "geometry": {"type": "LineString", "coordinates": [[37.138785, 29.078897], [37.15329, 29.082392], [37.163186, 29.092047], [37.16505, 29.096518], [37.172777, 29.100575], [37.175929, 29.107475], [37.187451, 29.112686], [37.191755, 29.119851], [37.220698, 29.132196], [37.226663, 29.137288], [37.235169, 29.140455], [37.249945, 29.1512], [37.258418, 29.161144], [37.274956, 29.164725], [37.2857, 29.173928], [37.290987, 29.174254], [37.305017, 29.167329], [37.313998, 29.169223], [37.320166, 29.165613], [37.327995, 29.165672], [37.339246, 29.15996], [37.344432, 29.150963], [37.353531, 29.147285], [37.371002, 29.145591], [37.378373, 29.137791], [37.383355, 29.14269], [37.388066, 29.142572], [37.393149, 29.145813], [37.399266, 29.144999], [37.404485, 29.155047], [37.434682, 29.175778], [37.43824, 29.18322], [37.436902, 29.19146]]}}, {"type": "Feature", "properties": {"name": "Wadi Umm Laban", "network": "9366905379", "osm_way": 1015423344}, "geometry": {"type": "LineString", "coordinates": [[36.966309, 29.615312], [36.960623, 29.62245], [36.952206, 29.625646], [36.949561, 29.632186], [36.940422, 29.639681], [36.936917, 29.648549], [36.931661, 29.655476], [36.929119, 29.669209], [36.925477, 29.673926], [36.921388, 29.695147], [36.915445, 29.701713], [36.916407, 29.713709], [36.91304, 29.72633], [36.913967, 29.742201], [36.909055, 29.749718], [36.911717, 29.756877], [36.917811, 29.759493]]}}, {"type": "Feature", "properties": {"name": "", "network": "9366905379", "osm_way": 1015423345}, "geometry": {"type": "LineString", "coordinates": [[37.025286, 29.592126], [37.03314, 29.595692], [37.035326, 29.601578]]}}, {"type": "Feature", "properties": {"name": "", "network": "9366905379", "osm_way": 1015423346}, "geometry": {"type": "LineString", "coordinates": [[37.02088, 29.591699], [37.025515, 29.593548]]}}, {"type": "Feature", "properties": {"name": "", "network": "9366905379", "osm_way": 1015423347}, "geometry": {"type": "LineString", "coordinates": [[37.025921, 29.593975], [37.027243, 29.599906], [37.033979, 29.604679]]}}, {"type": "Feature", "properties": {"name": "", "network": "9366905379", "osm_way": 1015423348}, "geometry": {"type": "LineString", "coordinates": [[37.011518, 29.581037], [37.014975, 29.581671], [37.025921, 29.593975]]}}, {"type": "Feature", "properties": {"name": "Wadi Abu Sharib", "network": "9366905379", "osm_way": 1015423349}, "geometry": {"type": "LineString", "coordinates": [[37.06936, 29.389834], [37.066412, 29.3945], [37.06182, 29.411787], [37.06348, 29.428746], [37.061227, 29.438368], [37.070004, 29.444503], [37.06953, 29.454792], [37.076562, 29.458436], [37.080883, 29.466875], [37.084001, 29.469295], [37.083391, 29.47881], [37.081917, 29.483265], [37.0789, 29.485433], [37.078477, 29.491687], [37.072953, 29.501569], [37.064378, 29.510196], [37.057702, 29.521418], [37.058498, 29.526667], [37.055423, 29.538543], [37.048289, 29.550499], [37.051432, 29.558112], [37.048289, 29.560551], [37.047806, 29.568901], [37.042994, 29.578363], [37.034335, 29.59133], [37.0373, 29.599523], [37.033979, 29.604679]]}}, {"type": "Feature", "properties": {"name": "WA\u0304Di\u0304 AL Fi\u0304HAH", "network": "9366905379", "osm_way": 1015423350}, "geometry": {"type": "LineString", "coordinates": [[37.033979, 29.604679], [37.034258, 29.610359], [37.025701, 29.620045], [37.024574, 29.626401], [37.016728, 29.642492], [37.0084, 29.648434], [37.006248, 29.655054], [37.002732, 29.658146], [36.996021, 29.654141], [36.991717, 29.654185], [36.975501, 29.676161], [36.97578, 29.68311], [36.965596, 29.685458], [36.959208, 29.692494], [36.957285, 29.698588], [36.947694, 29.71168], [36.945084, 29.721599], [36.939569, 29.728295], [36.9374, 29.735483], [36.93202, 29.73563], [36.929461, 29.739507], [36.924648, 29.741552], [36.924369, 29.746547], [36.917794, 29.759133], [36.919395, 29.77418], [36.925563, 29.787071], [36.922454, 29.792711], [36.925546, 29.80074], [36.925038, 29.810783], [36.922013, 29.81709], [36.922903, 29.829351], [36.912134, 29.844505], [36.903679, 29.845137], [36.896977, 29.85034], [36.895215, 29.855947], [36.896045, 29.860635], [36.887267, 29.87001], [36.887869, 29.877982], [36.88348, 29.879598], [36.879142, 29.886951], [36.873974, 29.905292]]}}, {"type": "Feature", "properties": {"name": "\u0648\u0627\u062f\u064a \u062b\u0645\u064a\u062f \u0631\u0628\u064a\u0639\u0629", "network": "9367145818", "osm_way": 1015448665}, "geometry": {"type": "LineString", "coordinates": [[37.257239, 29.457051], [37.251382, 29.470198], [37.25212, 29.475342], [37.246924, 29.480972], [37.244588, 29.490714], [37.236505, 29.495708], [37.238678, 29.505427], [37.238008, 29.511616], [37.231438, 29.515742], [37.239022, 29.523903], [37.234976, 29.528223], [37.236316, 29.533776], [37.232477, 29.536586], [37.23136, 29.540195], [37.237699, 29.543005], [37.243772, 29.550836], [37.244098, 29.556887], [37.251004, 29.560474], [37.252773, 29.57162], [37.267323, 29.57785], [37.28104, 29.592579], [37.281306, 29.603364], [37.282972, 29.605947], [37.291441, 29.61113], [37.295358, 29.610764], [37.308877, 29.620576], [37.314322, 29.620688], [37.315491, 29.642652], [37.32134, 29.651707], [37.336998, 29.656671], [37.348438, 29.668687], [37.348163, 29.685186], [37.352029, 29.689626], [37.35494, 29.697878], [37.359613, 29.699005], [37.362104, 29.702191], [37.359071, 29.718468], [37.355756, 29.720333], [37.355773, 29.731298], [37.361159, 29.738353], [37.362043, 29.746198], [37.365161, 29.750426], [37.369851, 29.754662], [37.389108, 29.760672], [37.396391, 29.765526], [37.406797, 29.763632], [37.413445, 29.760333], [37.423378, 29.760314]]}}, {"type": "Feature", "properties": {"name": "Wadi Abu Qarazif", "network": "9369235102", "osm_way": 1015743988}, "geometry": {"type": "LineString", "coordinates": [[37.242758, 29.741254], [37.249672, 29.741687], [37.251648, 29.748085], [37.258553, 29.753193], [37.258536, 29.755437], [37.263793, 29.758987], [37.263415, 29.760828], [37.266052, 29.761268], [37.265158, 29.765056], [37.268208, 29.766197], [37.272777, 29.776284], [37.281323, 29.78227]]}}, {"type": "Feature", "properties": {"name": "", "network": "9369235102", "osm_way": 1015743989}, "geometry": {"type": "LineString", "coordinates": [[37.297943, 29.830133], [37.308164, 29.833024], [37.316221, 29.830907]]}}, {"type": "Feature", "properties": {"name": "Wadi Abu Qarazif", "network": "9369235102", "osm_way": 1015743990}, "geometry": {"type": "LineString", "coordinates": [[37.205997, 29.743827], [37.216475, 29.752239], [37.234272, 29.760724], [37.242638, 29.773727], [37.264385, 29.7741], [37.281323, 29.78227], [37.284604, 29.786519], [37.310947, 29.802709], [37.312673, 29.806234], [37.313077, 29.825401], [37.318445, 29.833717], [37.318986, 29.839759], [37.323745, 29.842896], [37.32578, 29.846896], [37.339506, 29.84972]]}}, {"type": "Feature", "properties": {"name": "WA\u0304Di\u0304 ABU\u0304 \u2018ALDA\u0304", "network": "9367145818", "osm_way": 1015744000}, "geometry": {"type": "LineString", "coordinates": [[37.390718, 29.540875], [37.399943, 29.542459], [37.402756, 29.545669], [37.41064, 29.549117], [37.411705, 29.551478], [37.410022, 29.55611], [37.405023, 29.560825], [37.401794, 29.569259], [37.405822, 29.582646], [37.396846, 29.595544], [37.400007, 29.605962], [37.389236, 29.615969]]}}, {"type": "Feature", "properties": {"name": "Wadi al Juhfah", "network": "9367145818", "osm_way": 1015744001}, "geometry": {"type": "LineString", "coordinates": [[37.336757, 29.566824], [37.340193, 29.584035], [37.336173, 29.595567], [37.343749, 29.610174], [37.338131, 29.613893], [37.339506, 29.620956], [37.334696, 29.633425], [37.326794, 29.641607], [37.324105, 29.653543]]}}, {"type": "Feature", "properties": {"name": "", "network": "9367145818", "osm_way": 1015744002}, "geometry": {"type": "LineString", "coordinates": [[37.258399, 29.530719], [37.259034, 29.534717], [37.256458, 29.542721], [37.250712, 29.548049], [37.252283, 29.551971], [37.251588, 29.561609]]}}, {"type": "Feature", "properties": {"name": "\u0648\u0627\u062f\u064a \u062e\u0631\u0645 \u0639\u0644\u064a\u0627\u0646", "network": "9369244896", "osm_way": 1015745022}, "geometry": {"type": "LineString", "coordinates": [[37.12775, 29.796269], [37.131048, 29.798938], [37.13603, 29.809297], [37.14589, 29.812561], [37.149858, 29.81584], [37.156352, 29.8159], [37.166787, 29.808567], [37.169545, 29.804147], [37.173882, 29.805109], [37.187668, 29.801621], [37.197451, 29.808381], [37.199065, 29.812263], [37.197897, 29.819716], [37.206546, 29.831057], [37.21407, 29.833053], [37.221938, 29.83213], [37.227882, 29.83651], [37.235921, 29.834544], [37.245506, 29.84265], [37.252481, 29.844646], [37.260074, 29.843603], [37.263612, 29.848818], [37.268697, 29.850919], [37.272631, 29.855374], [37.279348, 29.853958], [37.2895, 29.85664], [37.297883, 29.855314], [37.306094, 29.857042], [37.312192, 29.86248], [37.325471, 29.867023], [37.329542, 29.870465], [37.334112, 29.870256], [37.336242, 29.875216], [37.344797, 29.879662], [37.350551, 29.879707], [37.354777, 29.875715]]}}, {"type": "Feature", "properties": {"name": "", "network": "9369244896", "osm_way": 1015750708}, "geometry": {"type": "LineString", "coordinates": [[37.134393, 29.72725], [37.132654, 29.733006], [37.138598, 29.732095], [37.141415, 29.735825], [37.134991, 29.742678], [37.136236, 29.750233], [37.140548, 29.753588], [37.135111, 29.757443], [37.136322, 29.762514], [37.130756, 29.772594]]}}, {"type": "Feature", "properties": {"name": "", "network": "9369244896", "osm_way": 1015750709}, "geometry": {"type": "LineString", "coordinates": [[37.157803, 29.755639], [37.160535, 29.760575], [37.157945, 29.764325]]}}, {"type": "Feature", "properties": {"name": "", "network": "9369244896", "osm_way": 1015750710}, "geometry": {"type": "LineString", "coordinates": [[37.155772, 29.762353], [37.157945, 29.764229], [37.156803, 29.770894], [37.158207, 29.774398], [37.170034, 29.77628], [37.175308, 29.781152]]}}, {"type": "Feature", "properties": {"name": "", "network": "9369244896", "osm_way": 1015750711}, "geometry": {"type": "LineString", "coordinates": [[37.168823, 29.750807], [37.175471, 29.769604], [37.174389, 29.777007], [37.175754, 29.785148], [37.17913, 29.789069], [37.180702, 29.801056]]}}, {"type": "Feature", "properties": {"name": "", "network": "9369244896", "osm_way": 1015750712}, "geometry": {"type": "LineString", "coordinates": [[37.114815, 29.756012], [37.121892, 29.760456], [37.124727, 29.767405], [37.130395, 29.771908], [37.133488, 29.779244], [37.146663, 29.78567], [37.156352, 29.786549], [37.183768, 29.801941]]}}, {"type": "Feature", "properties": {"name": "Wadi Abu Qarazif", "network": "9369235102", "osm_way": 1015750714}, "geometry": {"type": "LineString", "coordinates": [[37.289594, 29.714884], [37.28317, 29.733184], [37.27927, 29.737622], [37.273473, 29.740478], [37.278386, 29.748122], [37.2762, 29.752227], [37.27507, 29.765436], [37.271488, 29.773794]]}}, {"type": "Feature", "properties": {"name": "", "network": "9369235102", "osm_way": 1015750715}, "geometry": {"type": "LineString", "coordinates": [[37.289646, 29.675739], [37.292283, 29.679709], [37.291467, 29.686418], [37.298999, 29.691025], [37.296856, 29.69652], [37.298497, 29.701892], [37.291604, 29.714806], [37.288984, 29.716126]]}}, {"type": "Feature", "properties": {"name": "", "network": "9369235102", "osm_way": 1015750716}, "geometry": {"type": "LineString", "coordinates": [[37.246511, 29.667209], [37.252485, 29.672336], [37.253404, 29.680149], [37.258691, 29.686902], [37.249724, 29.700989], [37.250119, 29.704354], [37.247499, 29.707323], [37.247491, 29.715287], [37.241603, 29.719233], [37.240439, 29.723048]]}}, {"type": "Feature", "properties": {"name": "", "network": "9369235102", "osm_way": 1015750717}, "geometry": {"type": "LineString", "coordinates": [[37.208636, 29.639314], [37.209381, 29.645982], [37.229325, 29.660164]]}}, {"type": "Feature", "properties": {"name": "", "network": "9369235102", "osm_way": 1015750718}, "geometry": {"type": "LineString", "coordinates": [[37.231283, 29.643145], [37.229325, 29.660164], [37.221784, 29.673769], [37.220787, 29.67909]]}}, {"type": "Feature", "properties": {"name": "Wadi Abu Qarazif", "network": "9369235102", "osm_way": 1015750719}, "geometry": {"type": "LineString", "coordinates": [[37.189634, 29.661985], [37.204811, 29.672635], [37.212773, 29.670097], [37.222084, 29.679903], [37.224867, 29.685373], [37.223012, 29.694028], [37.228964, 29.700534], [37.230948, 29.710538], [37.24798, 29.732711], [37.247461, 29.737059], [37.250797, 29.744121]]}}, {"type": "Feature", "properties": {"name": "", "network": "9369235102", "osm_way": 1015750720}, "geometry": {"type": "LineString", "coordinates": [[37.251334, 29.654675], [37.254686, 29.662343], [37.253924, 29.667694], [37.25973, 29.673784], [37.261585, 29.678687], [37.271995, 29.686738], [37.271987, 29.689939], [37.281443, 29.693827], [37.286794, 29.698602], [37.28828, 29.708994], [37.286571, 29.711016], [37.289594, 29.714884]]}}, {"type": "Feature", "properties": {"name": "", "network": "9369463242", "osm_way": 1015768218}, "geometry": {"type": "LineString", "coordinates": [[37.546672, 29.890516], [37.547193, 29.880629], [37.538886, 29.876927], [37.526097, 29.866541], [37.512204, 29.861341]]}}, {"type": "Feature", "properties": {"name": "Wadi Abu Handal", "network": "9369463242", "osm_way": 1015768219}, "geometry": {"type": "LineString", "coordinates": [[37.541992, 29.863908], [37.494615, 29.838472], [37.475349, 29.836543], [37.464501, 29.840342], [37.457743, 29.840209]]}}, {"type": "Feature", "properties": {"name": "", "network": "9369463242", "osm_way": 1015768220}, "geometry": {"type": "LineString", "coordinates": [[37.563645, 29.894632], [37.563097, 29.880755]]}}, {"type": "Feature", "properties": {"name": "Wadi Abu Handal", "network": "9369463242", "osm_way": 1015768221}, "geometry": {"type": "LineString", "coordinates": [[37.568401, 29.8841], [37.558238, 29.876], [37.547946, 29.871167], [37.548575, 29.866426], [37.544832, 29.864175], [37.533043, 29.866504], [37.512204, 29.861341], [37.49713, 29.853832], [37.482928, 29.850419], [37.470421, 29.851354], [37.456015, 29.849558]]}}, {"type": "Feature", "properties": {"name": "Wadi Kulwah", "network": "9369479094", "osm_way": 1015768222}, "geometry": {"type": "LineString", "coordinates": [[37.598438, 29.748343], [37.601517, 29.756795], [37.597, 29.772524], [37.585622, 29.781375], [37.588625, 29.791584]]}}, {"type": "Feature", "properties": {"name": "", "network": "9369479094", "osm_way": 1015768223}, "geometry": {"type": "LineString", "coordinates": [[37.578445, 29.894936], [37.581721, 29.89105], [37.585639, 29.8926], [37.59401, 29.891231], [37.596821, 29.886867]]}}, {"type": "Feature", "properties": {"name": "Wadi al Kuwaykabah", "network": "9369479094", "osm_way": 1015768224}, "geometry": {"type": "LineString", "coordinates": [[37.584869, 29.884441], [37.595554, 29.887134], [37.608892, 29.88631], [37.615137, 29.891428], [37.628209, 29.891458], [37.64164, 29.896531], [37.646003, 29.905667], [37.655003, 29.915886], [37.654986, 29.92078], [37.659143, 29.926385], [37.636302, 29.944756], [37.625026, 29.945809], [37.620646, 29.951724], [37.610962, 29.957698], [37.609302, 29.972477], [37.587761, 30.003479], [37.585246, 30.010457], [37.587556, 30.017421]]}}, {"type": "Feature", "properties": {"name": "Wadi Kulwah", "network": "9369479094", "osm_way": 1015768225}, "geometry": {"type": "LineString", "coordinates": [[37.506754, 29.704533], [37.52152, 29.700357], [37.522358, 29.702475], [37.526619, 29.701546], [37.541205, 29.708527], [37.5473, 29.7035], [37.553755, 29.704265], [37.556197, 29.707089], [37.55583, 29.716414], [37.553759, 29.720255], [37.557891, 29.726046], [37.557186, 29.732264], [37.560766, 29.735592], [37.559637, 29.74145], [37.561617, 29.746033], [37.557374, 29.755473], [37.554619, 29.75733], [37.561506, 29.762885], [37.558306, 29.767088], [37.558272, 29.770571], [37.563174, 29.779125], [37.587701, 29.790685], [37.595871, 29.800893], [37.5957, 29.808035], [37.600773, 29.81833], [37.599986, 29.829292], [37.602493, 29.834591], [37.602475, 29.842227], [37.61654, 29.857156], [37.613563, 29.872765], [37.605401, 29.882364], [37.608447, 29.886221]]}}, {"type": "Feature", "properties": {"name": "", "network": "9369512335", "osm_way": 1015773819}, "geometry": {"type": "LineString", "coordinates": [[37.450386, 29.915738], [37.451729, 29.908797], [37.455305, 29.903776], [37.463911, 29.901255], [37.465177, 29.884849]]}}, {"type": "Feature", "properties": {"name": "", "network": "9369512335", "osm_way": 1015773820}, "geometry": {"type": "LineString", "coordinates": [[37.451395, 29.905957], [37.453833, 29.902768], [37.455895, 29.890501], [37.464227, 29.884597]]}}, {"type": "Feature", "properties": {"name": "\u0648\u0627\u062f\u064a \u0633\u0647\u0628 \u0627\u0644\u0623\u0628\u064a\u0636", "network": "9369512335", "osm_way": 1015773821}, "geometry": {"type": "LineString", "coordinates": [[37.414044, 29.936928], [37.418937, 29.934555], [37.423882, 29.934837], [37.428202, 29.931064], [37.447699, 29.924628], [37.451395, 29.905957], [37.445432, 29.895344], [37.449299, 29.893342], [37.454672, 29.885569], [37.463646, 29.88275]]}}, {"type": "Feature", "properties": {"name": "\u0648\u0627\u062f\u064a \u0633\u0647\u0628 \u0627\u0644\u0623\u0633\u0645\u0631", "network": "9369512335", "osm_way": 1015774882}, "geometry": {"type": "LineString", "coordinates": [[37.135527, 30.141509], [37.148852, 30.144125], [37.160139, 30.140488], [37.172413, 30.139486], [37.192583, 30.131766], [37.200308, 30.13184], [37.20859, 30.128203], [37.225757, 30.107638], [37.227516, 30.097242], [37.231893, 30.091747], [37.242579, 30.084951], [37.248115, 30.083837], [37.253394, 30.072474], [37.264166, 30.067794], [37.272406, 30.053234], [37.280688, 30.04521], [37.285838, 30.036034], [37.296224, 30.030573], [37.299614, 30.026708], [37.306824, 30.010024], [37.308669, 30.001179], [37.321544, 29.974119], [37.351627, 29.943147], [37.381883, 29.922208], [37.382097, 29.915625], [37.385745, 29.906771], [37.396926, 29.907981], [37.40264, 29.896034], [37.406858, 29.893423], [37.405438, 29.888061], [37.409245, 29.881949], [37.417577, 29.876652], [37.417107, 29.872877], [37.421376, 29.865198], [37.432189, 29.861622], [37.445809, 29.8637], [37.4516, 29.86209], [37.454714, 29.857201]]}}, {"type": "Feature", "properties": {"name": "Wadi Abu Sulaylat", "network": "9373017977", "osm_way": 1016184321}, "geometry": {"type": "LineString", "coordinates": [[37.677177, 29.861904], [37.667715, 29.868804], [37.666775, 29.874842], [37.667527, 29.87735], [37.677845, 29.881993], [37.678922, 29.891235], [37.685578, 29.899052], [37.68539, 29.903843], [37.677896, 29.913706], [37.676869, 29.9182], [37.678272, 29.920587], [37.685305, 29.92075], [37.711483, 29.931041], [37.712851, 29.938544], [37.715332, 29.93973], [37.722416, 29.936498], [37.731878, 29.937298], [37.73571, 29.933725], [37.74228, 29.931916], [37.744094, 29.927883], [37.765481, 29.920691], [37.78088, 29.921521], [37.78716, 29.919282], [37.796296, 29.91949], [37.813629, 29.911659], [37.820267, 29.91768], [37.827334, 29.918407], [37.83659, 29.928669], [37.84583, 29.92898], [37.851408, 29.938766], [37.857345, 29.940353], [37.864924, 29.945675], [37.865215, 29.954452], [37.862426, 29.95801], [37.866841, 29.972328], [37.870656, 29.979028], [37.880477, 29.988438], [37.877072, 29.994262], [37.875567, 30.007924], [37.878287, 30.014724], [37.878492, 30.025924], [37.891804, 30.03816], [37.902925, 30.056036], [37.91634, 30.06769], [37.924689, 30.079861], [37.950183, 30.098426], [37.972392, 30.109261], [37.981323, 30.117312], [37.989604, 30.121131], [38.003395, 30.118585], [38.016296, 30.122522], [38.030086, 30.123055], [38.043791, 30.126488], [38.05096, 30.12546], [38.055512, 30.128145], [38.059652, 30.128153]]}}, {"type": "Feature", "properties": {"name": "WA\u0304Di\u0304 AL QA\u0304SIMAH", "network": "9373017977", "osm_way": 1016187287}, "geometry": {"type": "LineString", "coordinates": [[37.849777, 29.757036], [37.855872, 29.757986], [37.857742, 29.76178], [37.853332, 29.772632], [37.842411, 29.785071], [37.843138, 29.788267], [37.839192, 29.790541], [37.843106, 29.796891], [37.83948, 29.799609], [37.839935, 29.804406], [37.83519, 29.809106], [37.834263, 29.812287], [37.836268, 29.81585], [37.829981, 29.820029], [37.827361, 29.83459], [37.823479, 29.839337], [37.817279, 29.854546], [37.817998, 29.860358], [37.802437, 29.867515], [37.802165, 29.876375], [37.796725, 29.886058], [37.795151, 29.89387], [37.787746, 29.910179], [37.78769, 29.914791], [37.792344, 29.919742]]}}, {"type": "Feature", "properties": {"name": "\u0648\u0627\u062f\u064a \u0627\u0628\u0648 \u0633\u064a\u0644\u0627", "network": "9373017977", "osm_way": 1017055161}, "geometry": {"type": "LineString", "coordinates": [[37.743641, 29.729083], [37.74154, 29.731407], [37.743034, 29.738511], [37.741644, 29.742922], [37.744799, 29.743796], [37.746485, 29.747479], [37.752308, 29.743685], [37.756087, 29.745662], [37.756503, 29.75189], [37.750879, 29.753589], [37.754873, 29.760399], [37.754078, 29.765115]]}}, {"type": "Feature", "properties": {"name": "\u0648\u0627\u062f\u064a \u0627\u0628\u0648 \u0633\u064a\u0644\u0627", "network": "9373017977", "osm_way": 1017055162}, "geometry": {"type": "LineString", "coordinates": [[37.724524, 29.753825], [37.725771, 29.757743], [37.731091, 29.757112], [37.73348, 29.761391], [37.743433, 29.760913], [37.74972, 29.75662], [37.748674, 29.76153], [37.754078, 29.765115]]}}, {"type": "Feature", "properties": {"name": "\u0648\u0627\u062f\u064a \u0627\u0628\u0648 \u063a\u0636\u0649", "network": "9373017977", "osm_way": 1017055163}, "geometry": {"type": "LineString", "coordinates": [[37.754078, 29.765115], [37.755232, 29.769775], [37.759646, 29.771048], [37.760233, 29.774456], [37.753938, 29.785737], [37.754633, 29.78886], [37.749577, 29.79147], [37.750343, 29.797044], [37.743521, 29.805023], [37.74269, 29.81375], [37.745031, 29.820653], [37.743921, 29.826454], [37.736867, 29.834278], [37.730652, 29.852633], [37.730835, 29.858786], [37.725155, 29.866309], [37.726378, 29.874373], [37.732081, 29.886674], [37.722751, 29.899854], [37.725898, 29.914562], [37.736635, 29.921957], [37.744703, 29.922151], [37.752277, 29.925696]]}}, {"type": "Feature", "properties": {"name": "\u0648\u0627\u062f\u064a \u0635\u0641\u0627\u0629", "network": "9373017977", "osm_way": 1017063698}, "geometry": {"type": "LineString", "coordinates": [[37.77816, 29.725504], [37.782186, 29.717262], [37.78896, 29.718219], [37.794025, 29.723908], [37.795015, 29.729347], [37.792491, 29.733301], [37.793929, 29.740973], [37.788768, 29.749906], [37.790382, 29.753097], [37.789439, 29.7573], [37.783656, 29.763499], [37.783416, 29.771113], [37.778399, 29.775926], [37.779038, 29.781681], [37.775316, 29.786991], [37.775667, 29.790694], [37.77089, 29.805446], [37.764084, 29.810991], [37.763445, 29.819738], [37.75822, 29.823508], [37.758843, 29.831728], [37.755088, 29.834943], [37.756207, 29.844949], [37.745039, 29.843272], [37.744336, 29.851767], [37.738233, 29.859028], [37.739159, 29.867993], [37.733376, 29.874393], [37.73193, 29.88468]]}}, {"type": "Feature", "properties": {"name": "\u0648\u0627\u062f\u064a \u0623\u0645 \u0637\u0644\u064a\u062d\u0629", "network": "9369479094", "osm_way": 1017144059}, "geometry": {"type": "LineString", "coordinates": [[37.584754, 30.018269], [37.578646, 30.025837], [37.566859, 30.034861], [37.564991, 30.039227], [37.563348, 30.049171], [37.566542, 30.056366], [37.562769, 30.067473], [37.561853, 30.088663], [37.55257, 30.094013], [37.549488, 30.102028], [37.533648, 30.110011], [37.525877, 30.117379], [37.518817, 30.119625], [37.514278, 30.123422], [37.500231, 30.126944], [37.498961, 30.133309]]}}, {"type": "Feature", "properties": {"name": "Wadi Umm Urtah", "network": "9373017977", "osm_way": 1017144060}, "geometry": {"type": "LineString", "coordinates": [[37.615061, 30.131928], [37.639017, 30.136104], [37.643061, 30.130837], [37.649692, 30.132477], [37.66089, 30.130466], [37.664635, 30.125845], [37.680017, 30.128624], [37.69412, 30.124117], [37.697851, 30.125397], [37.709409, 30.118244], [37.711268, 30.111829], [37.71534, 30.106997], [37.732758, 30.096486]]}}, {"type": "Feature", "properties": {"name": "\u0634\u0639\u064a\u0628 \u0623\u0645 \u0623\u0631\u0637\u0649 \u0627\u0644\u063a\u064a\u0646\u0629", "network": "9373017977", "osm_way": 1017144061}, "geometry": {"type": "LineString", "coordinates": [[37.74838, 30.018329], [37.752349, 30.022491], [37.749903, 30.034213], [37.737736, 30.052357], [37.728266, 30.082812], [37.728434, 30.09272], [37.732758, 30.096486]]}}, {"type": "Feature", "properties": {"name": "Wadi Umm Urtah", "network": "9373017977", "osm_way": 1017144062}, "geometry": {"type": "LineString", "coordinates": [[37.677066, 30.119447], [37.674358, 30.123551], [37.675572, 30.12776]]}}, {"type": "Feature", "properties": {"name": "Wadi Umm Urtah", "network": "9373017977", "osm_way": 1017144063}, "geometry": {"type": "LineString", "coordinates": [[37.660404, 30.143042], [37.660386, 30.136896], [37.667493, 30.128285], [37.672116, 30.127194]]}}, {"type": "Feature", "properties": {"name": "Wadi al Ghinah", "network": "9373017977", "osm_way": 1017144064}, "geometry": {"type": "LineString", "coordinates": [[37.732758, 30.096486], [37.756247, 30.113308], [37.763737, 30.114956], [37.773151, 30.113954], [37.79142, 30.117508], [37.812564, 30.112629], [37.840546, 30.109316], [37.871702, 30.115844], [37.886422, 30.121661], [37.902448, 30.124068], [37.908444, 30.127768], [37.944084, 30.131435], [37.950902, 30.129125], [37.978977, 30.127493], [37.988578, 30.124658], [37.998449, 30.125991], [38.021416, 30.13633], [38.035369, 30.138139], [38.044167, 30.138107], [38.053833, 30.134812], [38.061825, 30.12722], [38.066698, 30.114395], [38.069534, 30.111521], [38.09167, 30.103884], [38.095145, 30.113303], [38.110156, 30.117961], [38.114797, 30.126771], [38.121611, 30.128768], [38.12547, 30.132865], [38.127195, 30.141293], [38.131805, 30.145411], [38.133546, 30.150868], [38.137253, 30.154184], [38.148056, 30.157591]]}}, {"type": "Feature", "properties": {"name": "", "network": "9373017977", "osm_way": 1017156898}, "geometry": {"type": "LineString", "coordinates": [[37.735611, 30.140082], [37.73633, 30.133212], [37.742873, 30.126419], [37.744941, 30.119443], [37.7497, 30.114301], [37.752987, 30.113639], [37.758451, 30.115901], [37.765269, 30.114988]]}}, {"type": "Feature", "properties": {"name": "", "network": "9373017977", "osm_way": 1017156899}, "geometry": {"type": "LineString", "coordinates": [[37.719118, 30.143171], [37.723694, 30.140667], [37.726183, 30.136015], [37.732263, 30.134109], [37.734757, 30.129327], [37.742051, 30.12742]]}}, {"type": "Feature", "properties": {"name": "", "network": "9373017977", "osm_way": 1017156900}, "geometry": {"type": "LineString", "coordinates": [[37.634842, 30.080574], [37.645648, 30.083184], [37.653615, 30.089382], [37.663318, 30.087063], [37.669044, 30.087936], [37.676291, 30.100429], [37.679177, 30.112968], [37.694821, 30.11767], [37.710194, 30.116208]]}}, {"type": "Feature", "properties": {"name": "", "network": "9369479094", "osm_way": 1017156901}, "geometry": {"type": "LineString", "coordinates": [[37.658097, 30.048711], [37.66153, 30.03039], [37.665084, 30.023695], [37.665523, 30.01547]]}}, {"type": "Feature", "properties": {"name": "WA\u0304Di\u0304 ABU\u0304 H\u0331AWA\u0304YAH", "network": "9382152223", "osm_way": 1017173689}, "geometry": {"type": "LineString", "coordinates": [[37.585893, 30.232837], [37.603172, 30.239082], [37.608775, 30.23855], [37.611876, 30.235661], [37.617013, 30.223008], [37.621757, 30.221055], [37.630294, 30.222266], [37.640922, 30.230239], [37.649515, 30.231562], [37.65269, 30.227431], [37.648674, 30.21313], [37.650953, 30.210967], [37.659601, 30.209321], [37.666064, 30.201378], [37.662646, 30.189657], [37.668324, 30.186396], [37.682577, 30.190594], [37.687004, 30.19019], [37.689805, 30.183732], [37.684855, 30.177305], [37.686901, 30.172033], [37.690646, 30.170264], [37.69455, 30.17091], [37.701181, 30.176837], [37.706486, 30.178678], [37.718553, 30.168779], [37.732636, 30.170458], [37.74659, 30.166808], [37.756191, 30.160817], [37.761234, 30.149479], [37.76921, 30.142517], [37.803897, 30.138091], [37.815236, 30.142501], [37.837482, 30.145651], [37.855601, 30.153598], [37.874056, 30.156909], [37.880089, 30.161302], [37.889634, 30.182585], [37.889578, 30.195017], [37.892436, 30.2115], [37.91246, 30.227092], [37.917242, 30.236936], [37.918363, 30.244972], [37.928618, 30.253218], [37.935342, 30.261866], [37.943785, 30.263782], [37.945574, 30.270275], [37.953283, 30.270852], [37.954554, 30.278515], [37.959364, 30.286685], [37.965182, 30.291911], [37.972924, 30.292677], [37.974718, 30.297144], [37.983277, 30.298346], [37.987089, 30.303629]]}}, {"type": "Feature", "properties": {"name": "", "network": "9382152223", "osm_way": 1017190329}, "geometry": {"type": "LineString", "coordinates": [[37.788487, 30.170684], [37.797247, 30.16613]]}}, {"type": "Feature", "properties": {"name": "Jadhi Abu Hawaya", "network": "9382152223", "osm_way": 1017190330}, "geometry": {"type": "LineString", "coordinates": [[37.795735, 30.169602], [37.797247, 30.16613], [37.796669, 30.156909], [37.802179, 30.153711], [37.802627, 30.147379], [37.805915, 30.143002], [37.813031, 30.141677]]}}, {"type": "Feature", "properties": {"name": "Nahal Zin", "network": "344380665", "osm_way": 1017291790}, "geometry": {"type": "LineString", "coordinates": [[34.770175, 30.650108], [34.76645, 30.65502], [34.762717, 30.65608], [34.761163, 30.660598], [34.763263, 30.673031], [34.767204, 30.676291], [34.76368, 30.682711], [34.767712, 30.686526], [34.768628, 30.690159]]}}, {"type": "Feature", "properties": {"name": "Nahal Zin", "network": "344380665", "osm_way": 1017291791}, "geometry": {"type": "LineString", "coordinates": [[34.744701, 30.609657], [34.758434, 30.618986], [34.758925, 30.623643], [34.764881, 30.624378], [34.767891, 30.628932], [34.773787, 30.627861], [34.774959, 30.6295], [34.772053, 30.634778], [34.777838, 30.636322], [34.770175, 30.650108]]}}, {"type": "Feature", "properties": {"name": "Nahal Zin", "network": "344380665", "osm_way": 1017291792}, "geometry": {"type": "LineString", "coordinates": [[34.768628, 30.690159], [34.772674, 30.693616], [34.774421, 30.698226], [34.778722, 30.701089], [34.779821, 30.704836], [34.784357, 30.707985]]}}, {"type": "Feature", "properties": {"name": "\u0648\u0627\u062f\u064a \u0627\u0644\u0633\u0631\u062d\u0627\u0646", "network": "5814198516", "osm_way": 1017296815}, "geometry": {"type": "LineString", "coordinates": [[37.724648, 31.066647], [37.713532, 31.085466], [37.703447, 31.095499], [37.685552, 31.104171], [37.678385, 31.110381], [37.677355, 31.117582], [37.67375, 31.124158], [37.672462, 31.135069], [37.662935, 31.147484], [37.659974, 31.155013], [37.659545, 31.159567], [37.665124, 31.162872], [37.66502, 31.190158]]}}, {"type": "Feature", "properties": {"name": "WA\u0304Di\u0304 FAKK", "network": "9252168754", "osm_way": 1017299888}, "geometry": {"type": "LineString", "coordinates": [[37.691688, 30.729958], [37.705164, 30.740508], [37.709713, 30.753048], [37.719927, 30.760276], [37.736063, 30.779156], [37.742844, 30.780299], [37.75207, 30.794309], [37.774301, 30.796557], [37.779429, 30.807054]]}}, {"type": "Feature", "properties": {"name": "", "network": "5404993115", "osm_way": 1017299889}, "geometry": {"type": "LineString", "coordinates": [[37.759795, 30.729774], [37.761812, 30.736377], [37.758272, 30.740231], [37.759237, 30.745985], [37.787111, 30.766472], [37.78902, 30.775045], [37.813697, 30.785553]]}}, {"type": "Feature", "properties": {"name": "", "network": "5403822157", "osm_way": 1017300372}, "geometry": {"type": "LineString", "coordinates": [[37.450762, 30.986145], [37.460933, 30.989566], [37.476511, 31.00075], [37.489729, 31.006194], [37.501702, 31.008401], [37.513719, 31.014948], [37.528846, 31.016566], [37.548845, 31.025761], [37.582566, 31.033364]]}}, {"type": "Feature", "properties": {"name": "", "network": "5814198516", "osm_way": 1017300499}, "geometry": {"type": "LineString", "coordinates": [[37.523181, 31.08021], [37.538438, 31.086825]]}}, {"type": "Feature", "properties": {"name": "", "network": "5814198516", "osm_way": 1017300500}, "geometry": {"type": "LineString", "coordinates": [[37.472026, 31.03409], [37.484965, 31.038576], [37.487927, 31.047217], [37.49799, 31.057621], [37.513407, 31.067281], [37.517839, 31.076222], [37.525778, 31.083913], [37.526271, 31.088029], [37.517763, 31.099302], [37.513386, 31.109067], [37.515736, 31.11546], [37.514257, 31.120027]]}}, {"type": "Feature", "properties": {"name": "", "network": "8674439955", "osm_way": 1017300718}, "geometry": {"type": "LineString", "coordinates": [[37.130806, 31.32589], [37.150526, 31.329684], [37.154624, 31.328511], [37.159946, 31.323709], [37.168615, 31.322902], [37.174816, 31.327265], [37.176983, 31.336575], [37.181039, 31.34025]]}}, {"type": "Feature", "properties": {"name": "", "network": "2083748467", "osm_way": 1017301084}, "geometry": {"type": "LineString", "coordinates": [[37.149094, 31.510906], [37.165418, 31.522105]]}}, {"type": "Feature", "properties": {"name": "", "network": "2083748467", "osm_way": 1017301085}, "geometry": {"type": "LineString", "coordinates": [[37.148885, 31.510737], [37.149094, 31.510906]]}}, {"type": "Feature", "properties": {"name": "", "network": "2083748467", "osm_way": 1017301086}, "geometry": {"type": "LineString", "coordinates": [[37.061777, 31.50158], [37.076626, 31.502056], [37.102332, 31.510179], [37.121129, 31.503337], [37.148885, 31.510737]]}}, {"type": "Feature", "properties": {"name": "", "network": "2083748467", "osm_way": 1017301087}, "geometry": {"type": "LineString", "coordinates": [[37.152237, 31.50898], [37.166276, 31.512593]]}}, {"type": "Feature", "properties": {"name": "", "network": "2083748467", "osm_way": 1017301088}, "geometry": {"type": "LineString", "coordinates": [[37.152001, 31.508775], [37.152237, 31.50898]]}}, {"type": "Feature", "properties": {"name": "", "network": "2083748467", "osm_way": 1017301089}, "geometry": {"type": "LineString", "coordinates": [[37.021437, 31.478708], [37.050018, 31.489029], [37.065768, 31.492103], [37.087011, 31.495543], [37.094092, 31.494811], [37.134996, 31.499042], [37.147973, 31.502715], [37.152001, 31.508775]]}}, {"type": "Feature", "properties": {"name": "", "network": "2083748467", "osm_way": 1017301224}, "geometry": {"type": "LineString", "coordinates": [[37.044439, 31.478342], [37.067099, 31.483466], [37.083675, 31.49493]]}}, {"type": "Feature", "properties": {"name": "", "network": "1165775561", "osm_way": 1017491102}, "geometry": {"type": "LineString", "coordinates": [[35.912385, 30.77936], [35.9129, 30.785465], [35.915852, 30.788956], [35.913439, 30.791956], [35.915154, 30.792946], [35.924264, 30.789756], [35.926698, 30.793137], [35.925852, 30.796597], [35.920893, 30.796], [35.919878, 30.806052], [35.92239, 30.807088], [35.922733, 30.811393], [35.929655, 30.814025], [35.931194, 30.818903], [35.934694, 30.820928], [35.933657, 30.832458], [35.936894, 30.836216], [35.934852, 30.840102]]}}, {"type": "Feature", "properties": {"name": "", "network": "1165775561", "osm_way": 1017491103}, "geometry": {"type": "LineString", "coordinates": [[35.853605, 30.747543], [35.853739, 30.751121], [35.856071, 30.751344], [35.858487, 30.756581], [35.865299, 30.762299], [35.871945, 30.761187], [35.883201, 30.766943], [35.891007, 30.766565], [35.895917, 30.77032], [35.905355, 30.768683], [35.908456, 30.776657], [35.912298, 30.779256]]}}, {"type": "Feature", "properties": {"name": "", "network": "1165775561", "osm_way": 1017491104}, "geometry": {"type": "LineString", "coordinates": [[35.912298, 30.779256], [35.912385, 30.77936]]}}, {"type": "Feature", "properties": {"name": "Wadi al Rutami", "network": "9388975216", "osm_way": 1017913592}, "geometry": {"type": "LineString", "coordinates": [[37.418017, 31.559924], [37.412031, 31.561552], [37.406843, 31.558891], [37.402841, 31.559275], [37.397016, 31.550613], [37.397745, 31.545561], [37.392601, 31.538932], [37.391893, 31.532321], [37.390122, 31.530647], [37.365285, 31.539215], [37.360908, 31.54269], [37.359341, 31.547116], [37.349761, 31.550526], [37.34593, 31.555189], [37.338839, 31.556414], [37.33607, 31.559403], [37.338581, 31.562786], [37.338324, 31.56615], [37.322874, 31.574788], [37.300998, 31.571013], [37.281101, 31.573979], [37.271451, 31.573033], [37.258539, 31.576904], [37.257004, 31.572329], [37.250626, 31.567695], [37.236207, 31.562575], [37.237247, 31.558407], [37.22786, 31.549154]]}}, {"type": "Feature", "properties": {"name": "", "network": "1165775561", "osm_way": 1017992507}, "geometry": {"type": "LineString", "coordinates": [[35.762773, 30.663193], [35.763137, 30.659661], [35.767997, 30.65536], [35.772152, 30.657704], [35.782604, 30.657133], [35.791495, 30.662669], [35.796434, 30.661967], [35.80688, 30.664849], [35.818998, 30.662587], [35.829702, 30.669044], [35.847632, 30.674066], [35.854063, 30.686653], [35.866164, 30.687118], [35.874138, 30.692512], [35.877343, 30.697527]]}}, {"type": "Feature", "properties": {"name": "", "network": "1165775561", "osm_way": 1018664640}, "geometry": {"type": "LineString", "coordinates": [[35.839951, 30.737548], [35.848353, 30.737161], [35.855199, 30.732172], [35.867418, 30.736627], [35.871539, 30.734206], [35.895765, 30.736635], [35.899117, 30.735391], [35.904517, 30.737634]]}}, {"type": "Feature", "properties": {"name": "", "network": "9253405401", "osm_way": 1018836945}, "geometry": {"type": "LineString", "coordinates": [[37.69053, 30.269881], [37.696592, 30.275886], [37.728703, 30.271568], [37.736868, 30.279712], [37.741342, 30.286513], [37.742093, 30.291812]]}}, {"type": "Feature", "properties": {"name": "", "network": "9253405401", "osm_way": 1018836946}, "geometry": {"type": "LineString", "coordinates": [[37.715818, 30.290728], [37.720624, 30.295045], [37.725924, 30.2946], [37.737383, 30.298444], [37.740623, 30.304215], [37.748466, 30.310319]]}}, {"type": "Feature", "properties": {"name": "", "network": "9253405401", "osm_way": 1018836947}, "geometry": {"type": "LineString", "coordinates": [[37.661929, 30.253866], [37.67081, 30.250838], [37.678964, 30.251959], [37.687751, 30.245314], [37.6895, 30.241699], [37.716478, 30.25112], [37.726563, 30.258043], [37.730661, 30.264409], [37.743305, 30.270813], [37.746341, 30.286809], [37.741621, 30.294165], [37.747221, 30.301538], [37.749581, 30.313061], [37.755632, 30.316784], [37.771296, 30.320359], [37.795683, 30.336899]]}}, {"type": "Feature", "properties": {"name": "\u0648\u0627\u062f\u064a \u062d\u062f\u0631\u062c", "network": "9253405401", "osm_way": 1018836948}, "geometry": {"type": "LineString", "coordinates": [[37.4949, 30.294091], [37.501016, 30.289496], [37.503097, 30.285401], [37.50874, 30.282529], [37.513118, 30.283826], [37.527344, 30.280787], [37.528739, 30.276747], [37.527795, 30.270558], [37.532387, 30.267926], [37.539468, 30.26687], [37.554359, 30.270298], [37.560926, 30.269298], [37.563071, 30.266555], [37.561934, 30.259809], [37.564616, 30.257714], [37.567835, 30.259531], [37.570238, 30.26624], [37.57498, 30.269501], [37.575731, 30.27532], [37.585924, 30.276729], [37.58234, 30.283641], [37.592189, 30.291219], [37.59721, 30.28907], [37.597768, 30.294646], [37.601244, 30.292571], [37.604163, 30.287402], [37.60927, 30.289755], [37.613389, 30.285141], [37.619848, 30.290996], [37.623582, 30.290959], [37.626607, 30.280694], [37.639031, 30.288365], [37.64799, 30.287022], [37.646134, 30.296091], [37.641681, 30.301714], [37.655811, 30.315312], [37.666701, 30.315983], [37.673224, 30.307457], [37.677097, 30.306295], [37.679855, 30.300862], [37.687542, 30.298908], [37.695551, 30.301145], [37.698222, 30.304956], [37.714788, 30.306476], [37.719809, 30.310347], [37.724889, 30.311227], [37.729712, 30.320174], [37.75398, 30.333847], [37.769789, 30.333921], [37.772375, 30.336033], [37.786446, 30.339047], [37.792937, 30.336686], [37.813429, 30.339139], [37.819415, 30.336519], [37.82994, 30.336074], [37.849166, 30.327842], [37.861676, 30.32925], [37.869079, 30.321119], [37.878971, 30.317562], [37.889078, 30.319285], [37.894099, 30.316914], [37.905343, 30.316099], [37.921522, 30.323693], [37.927852, 30.330953], [37.953815, 30.345158], [37.957613, 30.35886]]}}, {"type": "Feature", "properties": {"name": "", "network": "9253405401", "osm_way": 1018837300}, "geometry": {"type": "LineString", "coordinates": [[37.752843, 30.238381], [37.770095, 30.240698], [37.772412, 30.243405], [37.770588, 30.249929], [37.783313, 30.257696], [37.808676, 30.253488], [37.817559, 30.255119], [37.827065, 30.261829], [37.838545, 30.260179], [37.846205, 30.26257], [37.853565, 30.272133], [37.85717, 30.274153], [37.859166, 30.28075], [37.86438, 30.2849], [37.868543, 30.291941], [37.889635, 30.304225], [37.89397, 30.312765], [37.900987, 30.316099]]}}, {"type": "Feature", "properties": {"name": "", "network": "9253405401", "osm_way": 1018837301}, "geometry": {"type": "LineString", "coordinates": [[37.759709, 30.295795], [37.765718, 30.306262], [37.777391, 30.314321], [37.781317, 30.324138], [37.796681, 30.331454], [37.822151, 30.328601], [37.838845, 30.330435], [37.847493, 30.32449], [37.851527, 30.318081], [37.879486, 30.317525]]}}, {"type": "Feature", "properties": {"name": "", "network": "9253405401", "osm_way": 1018837511}, "geometry": {"type": "LineString", "coordinates": [[37.758057, 30.267963], [37.760256, 30.266638], [37.771951, 30.268362], [37.781714, 30.274524], [37.786843, 30.275042], [37.789525, 30.279434], [37.797292, 30.283937], [37.819608, 30.285234], [37.829565, 30.288958], [37.841023, 30.301066], [37.846688, 30.31634], [37.851527, 30.318081]]}}, {"type": "Feature", "properties": {"name": "SHA\u02bbI\u0304B DA\u0304FINAH", "network": "9253421234", "osm_way": 1018837864}, "geometry": {"type": "LineString", "coordinates": [[37.758121, 30.531585], [37.7631, 30.535355], [37.768593, 30.543857], [37.780781, 30.547479], [37.800951, 30.561892], [37.804985, 30.563074], [37.81949, 30.560709], [37.827215, 30.564552], [37.84009, 30.578298], [37.849874, 30.582288], [37.854767, 30.588421], [37.870045, 30.590859], [37.874508, 30.595292], [37.876482, 30.606373], [37.882404, 30.61413], [37.889228, 30.615275], [37.908068, 30.611507], [37.915299, 30.61485]]}}, {"type": "Feature", "properties": {"name": "", "network": "9373017977", "osm_way": 1018839828}, "geometry": {"type": "LineString", "coordinates": [[37.637615, 29.8549], [37.639589, 29.845893], [37.643495, 29.840421], [37.651262, 29.842282], [37.666068, 29.842245], [37.670574, 29.845074], [37.675037, 29.841798], [37.678084, 29.845371], [37.675552, 29.856463], [37.677177, 29.861904]]}}, {"type": "Feature", "properties": {"name": "", "network": "9369479094", "osm_way": 1018840311}, "geometry": {"type": "LineString", "coordinates": [[37.517345, 29.69234], [37.519019, 29.693608], [37.518257, 29.698724]]}}, {"type": "Feature", "properties": {"name": "", "network": "9369479094", "osm_way": 1018840312}, "geometry": {"type": "LineString", "coordinates": [[37.509813, 29.686748], [37.512356, 29.688957], [37.513011, 29.69412]]}}, {"type": "Feature", "properties": {"name": "", "network": "9369479094", "osm_way": 1018840313}, "geometry": {"type": "LineString", "coordinates": [[37.507861, 29.686599], [37.510575, 29.69276], [37.520664, 29.700431]]}}, {"type": "Feature", "properties": {"name": "", "network": "9369479094", "osm_way": 1018840314}, "geometry": {"type": "LineString", "coordinates": [[37.502925, 29.684604], [37.517602, 29.68987]]}}, {"type": "Feature", "properties": {"name": "", "network": "9369479094", "osm_way": 1018840466}, "geometry": {"type": "LineString", "coordinates": [[37.541996, 29.708601], [37.546828, 29.706925], [37.554153, 29.718011]]}}, {"type": "Feature", "properties": {"name": "", "network": "1165775561", "osm_way": 1018876400}, "geometry": {"type": "LineString", "coordinates": [[35.851649, 30.766071], [35.859099, 30.768878], [35.859099, 30.771286], [35.855611, 30.773342], [35.856547, 30.774709], [35.862379, 30.775992], [35.867434, 30.780108], [35.871466, 30.779903], [35.867109, 30.785387], [35.872195, 30.788509], [35.871266, 30.794837], [35.879727, 30.798831], [35.887737, 30.796136], [35.89175, 30.80496], [35.890929, 30.810063], [35.892966, 30.812165], [35.893524, 30.817234], [35.905553, 30.824671], [35.906793, 30.831196], [35.917154, 30.839454], [35.913231, 30.844143], [35.916076, 30.847982], [35.915573, 30.85367]]}}, {"type": "Feature", "properties": {"name": "", "network": "1165775561", "osm_way": 1018876401}, "geometry": {"type": "LineString", "coordinates": [[35.848485, 30.764141], [35.85155, 30.765986]]}}, {"type": "Feature", "properties": {"name": "", "network": "1165775561", "osm_way": 1018876402}, "geometry": {"type": "LineString", "coordinates": [[35.85155, 30.765986], [35.851649, 30.766071]]}}, {"type": "Feature", "properties": {"name": "", "network": "9367145818", "osm_way": 1018978695}, "geometry": {"type": "LineString", "coordinates": [[37.245562, 29.426376], [37.24995, 29.444671], [37.248137, 29.44824], [37.248137, 29.457862], [37.245444, 29.463365], [37.251399, 29.472157]]}}, {"type": "Feature", "properties": {"name": "", "network": "9369463242", "osm_way": 1018978940}, "geometry": {"type": "LineString", "coordinates": [[37.579765, 29.843566], [37.571847, 29.845092], [37.556956, 29.839285], [37.536442, 29.844506], [37.523235, 29.834427], [37.519147, 29.833794], [37.513075, 29.835032], [37.500404, 29.832724], [37.489311, 29.837404]]}}, {"type": "Feature", "properties": {"name": "", "network": "9369479094", "osm_way": 1018979967}, "geometry": {"type": "LineString", "coordinates": [[37.393212, 30.022918], [37.390509, 30.012848], [37.390637, 29.9933], [37.404714, 29.968543], [37.422159, 29.956069], [37.44529, 29.964713], [37.464087, 29.963244], [37.468314, 29.961293]]}}, {"type": "Feature", "properties": {"name": "\u0648\u0627\u062f\u064a \u0627\u0644\u063a\u064a\u0646\u0629", "network": "9369479094", "osm_way": 1018979968}, "geometry": {"type": "LineString", "coordinates": [[37.342336, 30.047662], [37.338409, 30.04287], [37.343988, 30.033099], [37.342958, 30.023699], [37.349353, 30.017103], [37.346413, 30.004003], [37.351799, 29.986293], [37.36006, 29.973041], [37.364995, 29.970736], [37.365446, 29.965921], [37.376282, 29.961702], [37.384973, 29.954544], [37.398856, 29.950231], [37.408834, 29.951551], [37.415056, 29.948706], [37.427309, 29.947981], [37.429476, 29.950658], [37.457907, 29.957798], [37.462306, 29.961218], [37.473335, 29.959768], [37.477412, 29.962538], [37.484429, 29.963393], [37.491424, 29.966739], [37.499471, 29.97529], [37.526057, 29.988635], [37.535648, 29.992054], [37.558587, 29.993931], [37.577941, 30.014836], [37.584754, 30.018269]]}}, {"type": "Feature", "properties": {"name": "\u0648\u0627\u062f\u064a \u0627\u0644\u0636\u0628\u064a\u0639\u0627\u0646\u064a", "network": "9369512335", "osm_way": 1018979969}, "geometry": {"type": "LineString", "coordinates": [[37.327219, 29.987724], [37.333989, 29.978264], [37.334611, 29.973264], [37.338388, 29.970262]]}}, {"type": "Feature", "properties": {"name": "\u0648\u0627\u062f\u064a \u0627\u0644\u0636\u0628\u064a\u0639\u0627\u0646\u064a", "network": "9369512335", "osm_way": 1018979970}, "geometry": {"type": "LineString", "coordinates": [[37.327117, 29.968603], [37.338388, 29.970262], [37.350662, 29.963003], [37.369931, 29.947312], [37.376658, 29.94509], [37.385488, 29.93597], [37.402225, 29.931656], [37.409821, 29.926486], [37.421451, 29.925667], [37.427073, 29.928606], [37.438734, 29.927616]]}}, {"type": "Feature", "properties": {"name": "", "network": "9366905379", "osm_way": 1018990743}, "geometry": {"type": "LineString", "coordinates": [[37.097579, 29.348112], [37.092354, 29.345811], [37.083562, 29.348247], [37.072345, 29.358492], [37.072216, 29.361737], [37.06904, 29.364654], [37.074083, 29.372181], [37.071186, 29.379399], [37.064374, 29.384222], [37.067742, 29.390944], [37.066412, 29.3945]]}}, {"type": "Feature", "properties": {"name": "", "network": "9366905379", "osm_way": 1018991002}, "geometry": {"type": "LineString", "coordinates": [[37.002308, 29.658205], [37.004174, 29.663089], [37.002972, 29.670277], [36.997189, 29.683141], [36.988113, 29.686906], [36.977202, 29.684818], [36.9732, 29.687083], [36.967825, 29.685877]]}}, {"type": "Feature", "properties": {"name": "WA\u0304Di\u0304 ABU\u0304 \u2018AWA\u0304DHIR", "network": "5535809986", "osm_way": 1018996363}, "geometry": {"type": "LineString", "coordinates": [[36.845065, 29.756144], [36.840345, 29.757513], [36.828607, 29.76705], [36.819778, 29.770571], [36.817181, 29.779632], [36.797343, 29.781811], [36.788385, 29.789269], [36.786068, 29.808215], [36.781808, 29.815877], [36.769749, 29.829662], [36.771594, 29.834874], [36.775446, 29.836484], [36.771176, 29.841984], [36.771294, 29.848303]]}}, {"type": "Feature", "properties": {"name": "", "network": "9398677541", "osm_way": 1019001844}, "geometry": {"type": "LineString", "coordinates": [[36.585095, 29.428927], [36.569168, 29.440415], [36.567494, 29.445082], [36.569383, 29.447871], [36.56647, 29.456966], [36.561036, 29.458535], [36.551964, 29.473392], [36.539851, 29.477637], [36.534208, 29.482821], [36.529241, 29.480911], [36.512589, 29.491814], [36.495938, 29.494634], [36.475725, 29.489872], [36.442659, 29.502889], [36.438925, 29.506755], [36.439397, 29.51176], [36.43399, 29.521339], [36.421073, 29.539038], [36.410129, 29.545385], [36.406825, 29.54406]]}}, {"type": "Feature", "properties": {"name": "", "network": "9398677541", "osm_way": 1019001845}, "geometry": {"type": "LineString", "coordinates": [[36.577864, 29.419825], [36.571062, 29.421488], [36.55941, 29.419395], [36.554775, 29.422647], [36.552458, 29.419376], [36.544948, 29.416358]]}}, {"type": "Feature", "properties": {"name": "WA\u0304Di\u0304 AL BUWAYB", "network": "9398677541", "osm_way": 1019001846}, "geometry": {"type": "LineString", "coordinates": [[36.595641, 29.401404], [36.594601, 29.398908], [36.589429, 29.397506], [36.580975, 29.398945], [36.57663, 29.406666], [36.562167, 29.41533], [36.559303, 29.415105], [36.555891, 29.410918], [36.545838, 29.416367], [36.54072, 29.415909], [36.527739, 29.420152], [36.523468, 29.418741], [36.515797, 29.420115], [36.50789, 29.414881], [36.496357, 29.414881], [36.48419, 29.410526], [36.478515, 29.405152], [36.469459, 29.386073], [36.465372, 29.381165], [36.437284, 29.384596], [36.425933, 29.382708], [36.409357, 29.377089], [36.405977, 29.369984], [36.399733, 29.367917], [36.378168, 29.37708], [36.368576, 29.376734], [36.358148, 29.379875], [36.356302, 29.388247], [36.346727, 29.391093], [36.341443, 29.398431], [36.331573, 29.398123], [36.323955, 29.40003], [36.316102, 29.398684], [36.305523, 29.401918]]}}, {"type": "Feature", "properties": {"name": "WA\u0304Di\u0304 SI\u2018D AL H\u0331AMRA\u0304\u2019", "network": "9398677541", "osm_way": 1019001848}, "geometry": {"type": "LineString", "coordinates": [[36.641915, 29.568586], [36.637301, 29.575379], [36.626272, 29.580586], [36.62271, 29.579895], [36.61505, 29.57174], [36.608376, 29.568026], [36.601102, 29.566776], [36.588764, 29.572524]]}}, {"type": "Feature", "properties": {"name": "WA\u0304Di\u0304 SI\u2018D AL H\u0331AMRA\u0304\u2019", "network": "9398677541", "osm_way": 1019001849}, "geometry": {"type": "LineString", "coordinates": [[36.735256, 29.595364], [36.723411, 29.59027], [36.706513, 29.588451], [36.699346, 29.58136], [36.690339, 29.581351], [36.68784, 29.57871], [36.682845, 29.578822]]}}, {"type": "Feature", "properties": {"name": "", "network": "9398677541", "osm_way": 1019001850}, "geometry": {"type": "LineString", "coordinates": [[36.689851, 29.605775], [36.671119, 29.602118], [36.664134, 29.598881], [36.658073, 29.601204], [36.634748, 29.593274], [36.626487, 29.587639], [36.61799, 29.587901]]}}, {"type": "Feature", "properties": {"name": "Wadi Suada al Barsa", "network": "9398677541", "osm_way": 1019001851}, "geometry": {"type": "LineString", "coordinates": [[36.769588, 29.612519], [36.757765, 29.608238], [36.737927, 29.608359], [36.718347, 29.604506], [36.709281, 29.599889], [36.692576, 29.603629], [36.681848, 29.608648], [36.672256, 29.607948], [36.649296, 29.602734], [36.627367, 29.594954], [36.61902, 29.588348], [36.604407, 29.583572], [36.596038, 29.576088], [36.588764, 29.572524], [36.574581, 29.572711], [36.56604, 29.569818], [36.548102, 29.568306], [36.524713, 29.578514], [36.503642, 29.579373], [36.481948, 29.57676], [36.467657, 29.581276], [36.458516, 29.591315], [36.448281, 29.591334], [36.412168, 29.567746], [36.409399, 29.559198], [36.410923, 29.551527], [36.406825, 29.54406], [36.386483, 29.540905], [36.380346, 29.536686], [36.366141, 29.532504], [36.337624, 29.514579], [36.328719, 29.512394], [36.325028, 29.490544], [36.312218, 29.453051], [36.311703, 29.435785], [36.317883, 29.420236], [36.308098, 29.408199], [36.305523, 29.401918], [36.299858, 29.398628], [36.295738, 29.387261], [36.287541, 29.379071], [36.287713, 29.36587], [36.284366, 29.360128]]}}, {"type": "Feature", "properties": {"name": "", "network": "9398677541", "osm_way": 1019002716}, "geometry": {"type": "LineString", "coordinates": [[36.494522, 29.429541], [36.490281, 29.428413], [36.482107, 29.432541], [36.454856, 29.43687], [36.449847, 29.4444], [36.450831, 29.448594], [36.447723, 29.456041], [36.449482, 29.461851], [36.447508, 29.470576], [36.44959, 29.482382], [36.445234, 29.487518], [36.443324, 29.494298], [36.432338, 29.500555], [36.427639, 29.500854], [36.421716, 29.497398], [36.409035, 29.499528], [36.399572, 29.497921], [36.389058, 29.504271], [36.373801, 29.502684], [36.35627, 29.506718], [36.348674, 29.496726], [36.33831, 29.494821], [36.330671, 29.490171], [36.329963, 29.485781], [36.324341, 29.481747], [36.319513, 29.471416]]}}, {"type": "Feature", "properties": {"name": "", "network": "9398677541", "osm_way": 1019002717}, "geometry": {"type": "LineString", "coordinates": [[36.454461, 29.574987], [36.45107, 29.572888], [36.451006, 29.56337], [36.447401, 29.558675]]}}, {"type": "Feature", "properties": {"name": "WA\u0304Di\u0304 SI\u2018D AL BARS\u0331A\u0304\u2019", "network": "9398677541", "osm_way": 1019002718}, "geometry": {"type": "LineString", "coordinates": [[36.612775, 29.404329], [36.596596, 29.44582], [36.589622, 29.452397], [36.582434, 29.472967], [36.566277, 29.488714], [36.559346, 29.491777], [36.556363, 29.496969], [36.5575, 29.499789], [36.554775, 29.509818], [36.547201, 29.515905], [36.537738, 29.519042], [36.529198, 29.526455], [36.516023, 29.531253], [36.506925, 29.532317], [36.498749, 29.537097], [36.492913, 29.543854], [36.483622, 29.545516], [36.471198, 29.54126], [36.463741, 29.543518], [36.455169, 29.548885], [36.447401, 29.558675], [36.421684, 29.546963], [36.410129, 29.545385]]}}, {"type": "Feature", "properties": {"name": "WA\u0304Di\u0304 SI\u2018D AL H\u0331AMRA\u0304\u2019", "network": "9398677541", "osm_way": 1019080464}, "geometry": {"type": "LineString", "coordinates": [[36.806087, 29.536817], [36.785295, 29.527556], [36.775017, 29.529171], [36.769159, 29.534072], [36.75004, 29.535902], [36.722048, 29.528751]]}}, {"type": "Feature", "properties": {"name": "", "network": "9398677541", "osm_way": 1019096470}, "geometry": {"type": "LineString", "coordinates": [[36.682845, 29.578822], [36.680287, 29.575636], [36.670824, 29.574819], [36.665888, 29.577157], [36.655519, 29.577899], [36.646528, 29.584318], [36.623332, 29.587098]]}}, {"type": "Feature", "properties": {"name": "WA\u0304Di\u0304 SI\u2018D AL H\u0331AMRA\u0304\u2019", "network": "9398677541", "osm_way": 1019096471}, "geometry": {"type": "LineString", "coordinates": [[36.722048, 29.528751], [36.715676, 29.528014], [36.708112, 29.53775], [36.699722, 29.542893], [36.686021, 29.556706], [36.675882, 29.563594], [36.66466, 29.565647], [36.655519, 29.577899]]}}, {"type": "Feature", "properties": {"name": "WA\u0304Di\u0304 SI\u2018D AL H\u0331AMRA\u0304\u2019", "network": "9398677541", "osm_way": 1019096472}, "geometry": {"type": "LineString", "coordinates": [[36.695248, 29.516965], [36.717038, 29.521133], [36.721491, 29.525232], [36.722048, 29.528751]]}}, {"type": "Feature", "properties": {"name": "", "network": "1165775561", "osm_way": 1019818397}, "geometry": {"type": "LineString", "coordinates": [[35.743809, 30.846157], [35.743232, 30.847369], [35.731671, 30.846126], [35.726546, 30.859386], [35.724365, 30.859815], [35.725705, 30.864783], [35.723667, 30.865615], [35.723182, 30.869934], [35.727138, 30.874388], [35.724638, 30.875529]]}}, {"type": "Feature", "properties": {"name": "", "network": "9465340951", "osm_way": 1026624426}, "geometry": {"type": "LineString", "coordinates": [[37.593359, 32.378575], [37.597039, 32.385624], [37.60677, 32.39087], [37.614731, 32.389765], [37.619559, 32.392473], [37.625159, 32.391486], [37.629322, 32.388388], [37.633882, 32.391096], [37.642593, 32.389873], [37.645276, 32.391576], [37.648773, 32.389429], [37.651402, 32.39251], [37.664008, 32.395418], [37.668407, 32.393687], [37.676314, 32.394983], [37.679855, 32.39915], [37.687322, 32.400962], [37.690584, 32.403942], [37.69613, 32.401433], [37.696517, 32.39924], [37.703619, 32.396885], [37.70834, 32.398425], [37.710078, 32.401089], [37.714219, 32.400599], [37.715099, 32.403208], [37.71688, 32.40232], [37.717845, 32.397574], [37.722352, 32.395997], [37.746599, 32.39973], [37.749689, 32.397429], [37.74956, 32.392754], [37.752285, 32.389565], [37.767584, 32.390616], [37.778388, 32.398933], [37.780759, 32.40531], [37.787325, 32.407031], [37.785458, 32.412574], [37.79372, 32.413425], [37.793741, 32.415853], [37.797325, 32.417284], [37.801659, 32.416106], [37.80447, 32.41991], [37.813761, 32.418642], [37.817742, 32.407402], [37.81669, 32.401886], [37.81934, 32.400554], [37.828642, 32.400817], [37.832386, 32.404286], [37.837794, 32.402257], [37.851956, 32.402574], [37.857546, 32.398788], [37.863178, 32.398416], [37.87793, 32.402837], [37.879347, 32.406868], [37.878016, 32.410853], [37.884539, 32.41655], [37.892253, 32.415119], [37.899592, 32.419557], [37.90383, 32.417048], [37.912864, 32.418724]]}}, {"type": "Feature", "properties": {"name": "SHA\u02bbI\u0304B ABU\u0304 NAJM", "network": "5403822157", "osm_way": 1028615797}, "geometry": {"type": "LineString", "coordinates": [[37.59676, 30.749581], [37.633581, 30.760276], [37.638645, 30.763374], [37.643537, 30.771708], [37.654867, 30.779156], [37.660403, 30.791617], [37.675638, 30.805073], [37.67405, 30.814693], [37.675724, 30.819189], [37.680552, 30.823962], [37.689092, 30.826394], [37.69053, 30.830871], [37.693663, 30.832751], [37.698802, 30.845583], [37.695208, 30.859021]]}}, {"type": "Feature", "properties": {"name": "JID\u0331AY\u02bbAT H\u0331IDRIJ", "network": "9253405401", "osm_way": 1028620603}, "geometry": {"type": "LineString", "coordinates": [[37.712653, 30.327527], [37.747071, 30.334658], [37.750547, 30.337306]]}}, {"type": "Feature", "properties": {"name": "JID\u0331AY\u02bbAT H\u0331IDRIJ", "network": "9253405401", "osm_way": 1028620604}, "geometry": {"type": "LineString", "coordinates": [[37.678664, 30.320563], [37.687333, 30.323323], [37.69907, 30.322008], [37.70304, 30.325045], [37.711172, 30.326231], [37.721343, 30.33388], [37.728896, 30.336732], [37.74456, 30.335621]]}}, {"type": "Feature", "properties": {"name": "SHAGHI\u0304YAT UMM QUT\u0331AYFAH", "network": "9369479094", "osm_way": 1028620992}, "geometry": {"type": "LineString", "coordinates": [[37.67832, 29.982911], [37.674844, 29.994006], [37.681561, 30.01413], [37.680187, 30.016657]]}}, {"type": "Feature", "properties": {"name": "WA\u0304Di\u0304 QARA\u0304QIR", "network": "9494275449", "osm_way": 1029917735}, "geometry": {"type": "LineString", "coordinates": [[37.728301, 31.309465], [37.735156, 31.304414], [37.737683, 31.300133], [37.747489, 31.295183], [37.756426, 31.282187], [37.756442, 31.272664], [37.76414, 31.264887]]}}, {"type": "Feature", "properties": {"name": "WA\u0304Di\u0304 QARA\u0304QIR", "network": "9494275449", "osm_way": 1029917736}, "geometry": {"type": "LineString", "coordinates": [[37.768271, 31.333057], [37.76818, 31.331416], [37.76369, 31.330115], [37.758744, 31.325203], [37.754345, 31.324048], [37.754994, 31.31991], [37.746068, 31.32227], [37.743568, 31.32123], [37.735419, 31.325569], [37.732104, 31.324401], [37.72704, 31.318608], [37.728301, 31.309465]]}}, {"type": "Feature", "properties": {"name": "TAL\u02bbAT UMM LABAN", "network": "9366905379", "osm_way": 1030047343}, "geometry": {"type": "LineString", "coordinates": [[36.964724, 29.64707], [36.963461, 29.64969], [36.944968, 29.647944], [36.936408, 29.649327]]}}, {"type": "Feature", "properties": {"name": "TAL\u02bbAT ZA\u0304YID", "network": "9366905379", "osm_way": 1030048120}, "geometry": {"type": "LineString", "coordinates": [[37.056063, 29.45209], [37.059061, 29.454241], [37.051643, 29.473909], [37.051665, 29.478651], [37.054575, 29.494184], [37.06648, 29.508367]]}}, {"type": "Feature", "properties": {"name": "SHA\u02bbI\u0304B ABU\u0304 T\u0331URAYFI\u0304YAH", "network": "9500238755", "osm_way": 1030630009}, "geometry": {"type": "LineString", "coordinates": [[37.47222, 29.637066], [37.467359, 29.633354], [37.460783, 29.63286], [37.451384, 29.63756], [37.446846, 29.64336], [37.441674, 29.644563], [37.438177, 29.657738], [37.445086, 29.673656], [37.443311, 29.675609], [37.437984, 29.675609], [37.435988, 29.678126], [37.436578, 29.684558], [37.442023, 29.692], [37.436428, 29.70336], [37.444483, 29.715933], [37.431868, 29.738278], [37.428864, 29.748636], [37.421821, 29.753867], [37.423392, 29.758072]]}}, {"type": "Feature", "properties": {"name": "WA\u0304Di\u0304 ABU\u0304 \u2018ALDA\u0304", "network": "9367145818", "osm_way": 1030631872}, "geometry": {"type": "LineString", "coordinates": [[37.426026, 29.436921], [37.423897, 29.443755], [37.423564, 29.458087], [37.417223, 29.4681], [37.411387, 29.483904], [37.411419, 29.489255]]}}, {"type": "Feature", "properties": {"name": "WA\u0304Di\u0304 ABU\u0304 \u2018ALDA\u0304", "network": "9367145818", "osm_way": 1030631873}, "geometry": {"type": "LineString", "coordinates": [[37.341811, 29.452257], [37.346231, 29.451501], [37.347507, 29.448436], [37.355447, 29.444316], [37.376497, 29.444867], [37.382076, 29.44341], [37.383674, 29.440438], [37.387483, 29.442419], [37.388653, 29.447231], [37.385895, 29.449127], [37.391109, 29.458488], [37.390294, 29.466765], [37.393845, 29.471762], [37.401366, 29.475386], [37.400218, 29.483054], [37.418232, 29.492841], [37.420871, 29.496651], [37.421536, 29.508006], [37.426386, 29.522795], [37.425313, 29.535472], [37.411671, 29.550701]]}}, {"type": "Feature", "properties": {"name": "Wadi Mardi", "network": "9367145818", "osm_way": 1030631874}, "geometry": {"type": "LineString", "coordinates": [[37.389236, 29.615969], [37.38477, 29.621487], [37.385097, 29.625295], [37.378835, 29.638703], [37.378371, 29.645034], [37.367927, 29.66194], [37.364964, 29.674314], [37.358049, 29.68344], [37.350998, 29.688969]]}}, {"type": "Feature", "properties": {"name": "WIDYA\u0304N ASH SHUT\u0331T\u0331i\u0304YA\u0304T", "network": "9367145818", "osm_way": 1030632133}, "geometry": {"type": "LineString", "coordinates": [[37.368343, 29.605122], [37.368536, 29.611428], [37.365296, 29.615457], [37.364888, 29.621818], [37.360468, 29.625306], [37.357421, 29.641868], [37.348409, 29.655593], [37.348868, 29.669806]]}}, {"type": "Feature", "properties": {"name": "", "network": "9367145818", "osm_way": 1030632134}, "geometry": {"type": "LineString", "coordinates": [[37.282233, 29.437318], [37.289314, 29.442812], [37.291975, 29.44924], [37.297511, 29.453724], [37.300386, 29.463439], [37.312703, 29.473527], [37.308712, 29.494709], [37.311115, 29.497361], [37.309956, 29.503151], [37.312789, 29.510434], [37.315149, 29.512338], [37.32811, 29.510247], [37.331071, 29.512899], [37.331843, 29.52033], [37.329268, 29.529778], [37.325492, 29.53564], [37.327949, 29.543089], [37.331243, 29.546944], [37.334719, 29.547915], [37.332873, 29.551788], [37.33341, 29.558545], [37.331028, 29.561811], [37.336757, 29.566824]]}}, {"type": "Feature", "properties": {"name": "WA\u0304Di\u0304 AL MALA\u0304Wi\u0304H\u0331", "network": "8653619030", "osm_way": 1030633048}, "geometry": {"type": "LineString", "coordinates": [[37.429326, 29.41464], [37.434067, 29.415288], [37.441229, 29.407135], [37.443582, 29.401196], [37.438652, 29.394127], [37.445589, 29.377182], [37.45642, 29.373021], [37.464101, 29.354897], [37.467769, 29.351368], [37.498531, 29.358818], [37.526715, 29.357392]]}}, {"type": "Feature", "properties": {"name": "WA\u0304Di\u0304 ASH SHAHAYBA\u0304'", "network": "8653619030", "osm_way": 1030633049}, "geometry": {"type": "LineString", "coordinates": [[37.177992, 29.302811], [37.185802, 29.306272], [37.190866, 29.303952], [37.200587, 29.304008], [37.217603, 29.29613], [37.231121, 29.297122], [37.241785, 29.292257], [37.255003, 29.279942], [37.26378, 29.278426], [37.266891, 29.274795], [37.271097, 29.276105], [37.275517, 29.274533], [37.282963, 29.278538], [37.294893, 29.276704], [37.307274, 29.273017], [37.308283, 29.268712], [37.312789, 29.2642], [37.332573, 29.255103], [37.372354, 29.247194]]}}, {"type": "Feature", "properties": {"name": "\u0648\u0627\u062f\u064a \u0639\u0633\u0631\u0627\u062a", "network": "8653619030", "osm_way": 1030633050}, "geometry": {"type": "LineString", "coordinates": [[37.29859, 29.413376], [37.302314, 29.412713], [37.310218, 29.415375], [37.31647, 29.402267], [37.321997, 29.39783], [37.32126, 29.392035], [37.318719, 29.38928], [37.322758, 29.368832], [37.320785, 29.361158], [37.322993, 29.357035], [37.330639, 29.351758], [37.349626, 29.342853], [37.358461, 29.341332], [37.367471, 29.343547], [37.376499, 29.341444], [37.383133, 29.328516], [37.39161, 29.326331], [37.398074, 29.319996], [37.409391, 29.315412], [37.425919, 29.318133], [37.430934, 29.313702], [37.448753, 29.313794], [37.456938, 29.307678]]}}, {"type": "Feature", "properties": {"name": "", "network": "9366905379", "osm_way": 1030634875}, "geometry": {"type": "LineString", "coordinates": [[37.017773, 29.596144], [37.025121, 29.608205], [37.023201, 29.614176], [37.025701, 29.620045]]}}, {"type": "Feature", "properties": {"name": "", "network": "9366905379", "osm_way": 1030634876}, "geometry": {"type": "LineString", "coordinates": [[37.013677, 29.601135], [37.014905, 29.606904], [37.02327, 29.605911]]}}, {"type": "Feature", "properties": {"name": "\u062a\u0644\u0639\u0629 \u0632\u0627\u064a\u062f", "network": "9366905379", "osm_way": 1030634877}, "geometry": {"type": "LineString", "coordinates": [[37.020216, 29.594997], [37.027243, 29.599906]]}}, {"type": "Feature", "properties": {"name": "\u062a\u0644\u0639\u0629 \u0632\u0627\u064a\u062f", "network": "9366905379", "osm_way": 1030634878}, "geometry": {"type": "LineString", "coordinates": [[37.003028, 29.587046], [37.008806, 29.593102], [37.01404, 29.594952], [37.026229, 29.594493]]}}, {"type": "Feature", "properties": {"name": "WA\u0304Di\u0304 ABU\u0304 T\u0331URAYFi\u0304YAH", "network": "9366905379", "osm_way": 1030634879}, "geometry": {"type": "LineString", "coordinates": [[37.165987, 29.593613], [37.159827, 29.58922], [37.137492, 29.588663], [37.131506, 29.597449], [37.117284, 29.602233], [37.111782, 29.607408], [37.110675, 29.613484], [37.114135, 29.618117], [37.113651, 29.620493], [37.107976, 29.622268], [37.091817, 29.635984], [37.086488, 29.63445], [37.0859, 29.627141], [37.082094, 29.622749], [37.080952, 29.614989], [37.070571, 29.606625], [37.060294, 29.604941], [37.054447, 29.608521], [37.044585, 29.606776], [37.029624, 29.616119]]}}, {"type": "Feature", "properties": {"name": "WA\u0304Di\u0304 ABU\u0304 T\u0331URAYFi\u0304YAH", "network": "9366905379", "osm_way": 1030653363}, "geometry": {"type": "LineString", "coordinates": [[37.199395, 29.459797], [37.187215, 29.456814], [37.18161, 29.466244], [37.172267, 29.472962], [37.167146, 29.483806], [37.161713, 29.484047], [37.158218, 29.487752], [37.159983, 29.49224], [37.154205, 29.503353], [37.156904, 29.517837], [37.147838, 29.530333], [37.148945, 29.535963], [37.142959, 29.555499], [37.149845, 29.561278], [37.149741, 29.5682], [37.145727, 29.580238], [37.138772, 29.588362]]}}, {"type": "Feature", "properties": {"name": "\u0648\u0627\u062f\u064a \u0627\u0644\u0644\u062c\u0641\u0629", "network": "9369512335", "osm_way": 1030654735}, "geometry": {"type": "LineString", "coordinates": [[37.243011, 29.963109], [37.248167, 29.965207], [37.254983, 29.971817], [37.281748, 29.966526], [37.29251, 29.967215], [37.314966, 29.974514], [37.322874, 29.972669]]}}, {"type": "Feature", "properties": {"name": "\u0634\u0639\u0628\u0627\u0646 \u0628\u0631\u0642\u0629 \u0627\u0644\u062f\u0648\u062f\u0629", "network": "9369512335", "osm_way": 1030654736}, "geometry": {"type": "LineString", "coordinates": [[37.036834, 29.926394], [37.046973, 29.919722], [37.054256, 29.923426], [37.075848, 29.922398], [37.083262, 29.922916], [37.087448, 29.925172], [37.094784, 29.920651], [37.10218, 29.919212], [37.107665, 29.9253], [37.121212, 29.933861], [37.122665, 29.939049], [37.132942, 29.943726], [37.133201, 29.945795], [37.129897, 29.948584], [37.130831, 29.951447], [37.137353, 29.953485], [37.141246, 29.961865], [37.149066, 29.967665], [37.151973, 29.973136], [37.160433, 29.978276], [37.173564, 29.982562], [37.179914, 29.987447], [37.196229, 29.985604], [37.200329, 29.987777], [37.223201, 29.969269], [37.229118, 29.971652], [37.23225, 29.970003], [37.235399, 29.971262], [37.237613, 29.966121], [37.243011, 29.963109]]}}, {"type": "Feature", "properties": {"name": "WA\u0304Di\u0304 AL ASMAR", "network": "9369512335", "osm_way": 1030654737}, "geometry": {"type": "LineString", "coordinates": [[37.072855, 29.846795], [37.082042, 29.849392], [37.088928, 29.854306], [37.094109, 29.852483], [37.098374, 29.853871], [37.104179, 29.860968], [37.111168, 29.864269], [37.127094, 29.867577], [37.137405, 29.867382], [37.154326, 29.871755], [37.166627, 29.877126], [37.173461, 29.884402], [37.178582, 29.899971], [37.183893, 29.90513], [37.182942, 29.914203], [37.190225, 29.919557], [37.187371, 29.927864], [37.188686, 29.934476], [37.194897, 29.934626], [37.201298, 29.938644], [37.211385, 29.941447], [37.230053, 29.95449], [37.239326, 29.957353], [37.243011, 29.963109]]}}, {"type": "Feature", "properties": {"name": "WA\u0304Di\u0304 AL H\u0331IMA\u0304RAH", "network": "9500495262", "osm_way": 1030660493}, "geometry": {"type": "LineString", "coordinates": [[36.703823, 29.691112], [36.702543, 29.69517], [36.69948, 29.696959], [36.689204, 29.694614], [36.685155, 29.695651], [36.684653, 29.698476], [36.676029, 29.707441], [36.675518, 29.714015], [36.669841, 29.718026], [36.66054, 29.719125], [36.65466, 29.717379], [36.631208, 29.724182], [36.621487, 29.716374], [36.616945, 29.716932]]}}, {"type": "Feature", "properties": {"name": "WA\u0304Di\u0304 AL H\u0331IMA\u0304RAH", "network": "9500495262", "osm_way": 1030660494}, "geometry": {"type": "LineString", "coordinates": [[36.852651, 29.634203], [36.845077, 29.634021], [36.829853, 29.643641], [36.810972, 29.669565], [36.799089, 29.679352], [36.769636, 29.687251], [36.744194, 29.686499], [36.722984, 29.692735], [36.713529, 29.697454], [36.69948, 29.696959]]}}, {"type": "Feature", "properties": {"name": "WA\u0304Di\u0304 ABU\u0304 GHAD\u0331A\u0304\u2019", "network": "9398677541", "osm_way": 1030661270}, "geometry": {"type": "LineString", "coordinates": [[36.890432, 29.514947], [36.873581, 29.528376], [36.861194, 29.532741], [36.847145, 29.529851], [36.833235, 29.531778], [36.80711, 29.527081], [36.791764, 29.529461]]}}, {"type": "Feature", "properties": {"name": "Nahr ed Damour", "network": "559220068", "osm_way": 1057065532}, "geometry": {"type": "LineString", "coordinates": [[35.643666, 33.751888], [35.643623, 33.751814]]}}, {"type": "Feature", "properties": {"name": "Nahr el Ghaziri", "network": "559220068", "osm_way": 1057065533}, "geometry": {"type": "LineString", "coordinates": [[35.687141, 33.792964], [35.682578, 33.7837], [35.674654, 33.781248], [35.66721, 33.781959], [35.653244, 33.772389], [35.649122, 33.765142], [35.646442, 33.764137], [35.646708, 33.754013], [35.643666, 33.751888]]}}, {"type": "Feature", "properties": {"name": "Wadi Zerka Ma'in", "network": "778617693", "osm_way": 1059675438}, "geometry": {"type": "LineString", "coordinates": [[35.614943, 31.608123], [35.603366, 31.608489], [35.600314, 31.611073], [35.588178, 31.61074], [35.583525, 31.613361], [35.57917, 31.613383], [35.576194, 31.618123], [35.567457, 31.618122]]}}, {"type": "Feature", "properties": {"name": "Wadi Zerka Ma'in", "network": "778617693", "osm_way": 1059675439}, "geometry": {"type": "LineString", "coordinates": [[35.615644, 31.608143], [35.614943, 31.608123]]}}, {"type": "Feature", "properties": {"name": "", "network": "1165775561", "osm_way": 1079282882}, "geometry": {"type": "LineString", "coordinates": [[35.823776, 30.805844], [35.82717, 30.807039], [35.827084, 30.809431], [35.831803, 30.813092], [35.834642, 30.819373], [35.833843, 30.828348], [35.82932, 30.832376], [35.830562, 30.834618], [35.835887, 30.835901], [35.831969, 30.838228], [35.834926, 30.840845]]}}, {"type": "Feature", "properties": {"name": "", "network": "3084197973", "osm_way": 1080154027}, "geometry": {"type": "LineString", "coordinates": [[35.152929, 29.895329], [35.151873, 29.907794], [35.145972, 29.913951], [35.131552, 29.925593], [35.126832, 29.927825], [35.120752, 29.927463]]}}, {"type": "Feature", "properties": {"name": "River Jordan", "network": "31490214", "osm_way": 1082622557}, "geometry": {"type": "LineString", "coordinates": [[35.625514, 33.195605], [35.620998, 33.191618], [35.619267, 33.186647]]}}, {"type": "Feature", "properties": {"name": "Nahal Shikma", "network": "1294163113", "osm_way": 1084617459}, "geometry": {"type": "LineString", "coordinates": [[34.543, 31.578705], [34.54763, 31.581464], [34.542128, 31.584351], [34.540073, 31.593231], [34.533825, 31.597765], [34.534739, 31.599044], [34.532949, 31.601163], [34.529533, 31.602637], [34.519984, 31.601288], [34.512781, 31.603648]]}}, {"type": "Feature", "properties": {"name": "Nahal Shikma", "network": "1294163113", "osm_way": 1084617460}, "geometry": {"type": "LineString", "coordinates": [[34.54298, 31.578572], [34.543, 31.578705]]}}, {"type": "Feature", "properties": {"name": "\u0648\u0627\u062f\u064a \u0627\u0644\u0633\u0631\u062d\u0627\u0646", "network": "5814198516", "osm_way": 1095623265}, "geometry": {"type": "LineString", "coordinates": [[37.66514, 31.190307], [37.663708, 31.194173], [37.65152, 31.201551], [37.642765, 31.211003], [37.612231, 31.225335], [37.603798, 31.235096], [37.603809, 31.246425], [37.593166, 31.252469], [37.588568, 31.260446], [37.581933, 31.264053]]}}, {"type": "Feature", "properties": {"name": "\u0648\u0627\u062f\u064a \u0627\u0644\u0633\u0631\u062d\u0627\u0646", "network": "5814198516", "osm_way": 1095623266}, "geometry": {"type": "LineString", "coordinates": [[37.66502, 31.190158], [37.66514, 31.190307]]}}, {"type": "Feature", "properties": {"name": "\u0648\u0627\u062f\u064a \u0627\u0644\u063a\u0636\u064a\u0627", "network": "140777794", "osm_way": 1101412289}, "geometry": {"type": "LineString", "coordinates": [[35.266564, 29.247794], [35.261152, 29.245378], [35.245836, 29.244833]]}}, {"type": "Feature", "properties": {"name": "\u0648\u0627\u062f\u064a \u0627\u0644\u063a\u0636\u064a\u0627", "network": "140777794", "osm_way": 1101412290}, "geometry": {"type": "LineString", "coordinates": [[35.266564, 29.247794], [35.261071, 29.244211]]}}, {"type": "Feature", "properties": {"name": "\u0648\u0627\u062f\u064a \u0627\u0644\u063a\u0636\u064a\u0627", "network": "140777794", "osm_way": 1101412291}, "geometry": {"type": "LineString", "coordinates": [[35.278816, 29.253631], [35.26576, 29.245004], [35.261071, 29.244211]]}}, {"type": "Feature", "properties": {"name": "\u0648\u0627\u062f\u064a \u0639\u0645\u064a\u0642", "network": "140777794", "osm_way": 1101412292}, "geometry": {"type": "LineString", "coordinates": [[35.293686, 29.264746], [35.290108, 29.26004], [35.286043, 29.259182]]}}, {"type": "Feature", "properties": {"name": "\u0648\u0627\u062f\u064a \u0627\u0644\u0639\u0645\u0642", "network": "140777794", "osm_way": 1101412293}, "geometry": {"type": "LineString", "coordinates": [[35.309887, 29.264896], [35.291909, 29.263331]]}}, {"type": "Feature", "properties": {"name": "\u0648\u0627\u062f\u064a \u0627\u0644\u063a\u0636\u064a\u0627", "network": "140777794", "osm_way": 1101412294}, "geometry": {"type": "LineString", "coordinates": [[35.245836, 29.244833], [35.231772, 29.238912], [35.223807, 29.243846], [35.222675, 29.242348], [35.21158, 29.241392], [35.204738, 29.237981], [35.19177, 29.236417], [35.185687, 29.238371]]}}, {"type": "Feature", "properties": {"name": "\u0648\u0627\u062f\u064a \u0645\u0628\u0631\u0643", "network": "140777794", "osm_way": 1101412295}, "geometry": {"type": "LineString", "coordinates": [[35.336881, 29.17634], [35.326706, 29.183456], [35.32419, 29.187491], [35.31205, 29.19417], [35.300404, 29.197135], [35.289837, 29.195767], [35.282414, 29.201223], [35.239037, 29.201614], [35.230383, 29.203574], [35.210268, 29.199565], [35.204585, 29.20006], [35.196581, 29.203903], [35.193496, 29.20942], [35.192056, 29.228711], [35.184843, 29.23929], [35.171153, 29.24359], [35.168361, 29.246404], [35.144587, 29.252942], [35.138633, 29.262421], [35.137988, 29.269028], [35.12876, 29.275628], [35.109794, 29.277919], [35.092343, 29.275217], [35.08098, 29.278977], [35.056251, 29.271436], [35.043403, 29.27116], [35.002744, 29.284658], [34.980464, 29.283578], [34.962859, 29.292401]]}}, {"type": "Feature", "properties": {"name": "\u0648\u0627\u062f\u064a \u0627\u0644\u063a\u0636\u064a\u0627", "network": "140777794", "osm_way": 1101412296}, "geometry": {"type": "LineString", "coordinates": [[35.29373, 29.303618], [35.293898, 29.298787], [35.288106, 29.281063], [35.289767, 29.263665], [35.278816, 29.253631]]}}, {"type": "Feature", "properties": {"name": "\u0648\u0627\u062f\u064a \u0627\u0644\u063a\u0636\u064a\u0627", "network": "140777794", "osm_way": 1101412297}, "geometry": {"type": "LineString", "coordinates": [[35.278816, 29.253631], [35.266564, 29.247794]]}}, {"type": "Feature", "properties": {"name": "\u0648\u0627\u062f\u064a \u0627\u0644\u0639\u0645\u0642", "network": "140777794", "osm_way": 1101412298}, "geometry": {"type": "LineString", "coordinates": [[35.309887, 29.264896], [35.293686, 29.264746]]}}, {"type": "Feature", "properties": {"name": "\u0648\u0627\u062f\u064a \u0627\u0644\u063a\u0636\u064a\u0627", "network": "140777794", "osm_way": 1101412299}, "geometry": {"type": "LineString", "coordinates": [[35.261071, 29.244211], [35.253587, 29.242589], [35.245836, 29.244833]]}}, {"type": "Feature", "properties": {"name": "\u0648\u0627\u062f\u064a \u0627\u0644\u0639\u0645\u0642", "network": "140777794", "osm_way": 1101415718}, "geometry": {"type": "LineString", "coordinates": [[35.320782, 29.26676], [35.312269, 29.265003]]}}, {"type": "Feature", "properties": {"name": "\u0648\u0627\u062f\u064a \u0627\u0644\u0639\u0645\u0642", "network": "140777794", "osm_way": 1101415719}, "geometry": {"type": "LineString", "coordinates": [[35.330722, 29.271076], [35.327976, 29.26996]]}}, {"type": "Feature", "properties": {"name": "\u0648\u0627\u062f\u064a \u0627\u0644\u0642\u0631\u0627\u062d\u064a", "network": "140777794", "osm_way": 1101415720}, "geometry": {"type": "LineString", "coordinates": [[35.467858, 29.231443], [35.440895, 29.217461], [35.434485, 29.210532], [35.407833, 29.195501]]}}, {"type": "Feature", "properties": {"name": "\u0648\u0627\u062f\u064a \u0627\u0644\u0639\u0645\u0642", "network": "140777794", "osm_way": 1101415721}, "geometry": {"type": "LineString", "coordinates": [[35.320782, 29.26676], [35.315037, 29.265797]]}}, {"type": "Feature", "properties": {"name": "\u0648\u0627\u062f\u064a \u0627\u0644\u0639\u0645\u0642", "network": "140777794", "osm_way": 1101415722}, "geometry": {"type": "LineString", "coordinates": [[35.385267, 29.25828], [35.370203, 29.270233], [35.356535, 29.277484], [35.35151, 29.283497], [35.345265, 29.285258], [35.330722, 29.271076]]}}, {"type": "Feature", "properties": {"name": "\u0634\u0639\u064a\u0628 \u0633\u064a\u0627\u0644\u0629", "network": "140777794", "osm_way": 1101415723}, "geometry": {"type": "LineString", "coordinates": [[35.355957, 29.222603], [35.352184, 29.215524]]}}, {"type": "Feature", "properties": {"name": "\u0648\u0627\u062f\u064a \u0639\u064a\u064a\u0627\u062f", "network": "140777794", "osm_way": 1101415724}, "geometry": {"type": "LineString", "coordinates": [[35.479145, 29.143102], [35.471742, 29.144719], [35.457462, 29.153707], [35.441161, 29.169358], [35.439001, 29.174081], [35.429607, 29.180768], [35.419104, 29.185237], [35.412431, 29.193891], [35.400129, 29.195356], [35.397858, 29.198255], [35.371201, 29.20958], [35.367028, 29.209601], [35.350151, 29.216713], [35.334686, 29.218436], [35.316098, 29.225587], [35.302633, 29.224769], [35.292476, 29.228976], [35.283457, 29.22793], [35.279283, 29.22996], [35.258349, 29.2266], [35.257251, 29.232539], [35.251249, 29.242603], [35.241742, 29.241928]]}}, {"type": "Feature", "properties": {"name": "\u0648\u0627\u062f\u064a \u0627\u0644\u0639\u0645\u0642", "network": "140777794", "osm_way": 1101415725}, "geometry": {"type": "LineString", "coordinates": [[35.312269, 29.265003], [35.309887, 29.264896]]}}, {"type": "Feature", "properties": {"name": "\u0648\u0627\u062f\u064a \u0627\u0644\u0639\u0645\u0642", "network": "140777794", "osm_way": 1101415726}, "geometry": {"type": "LineString", "coordinates": [[35.315037, 29.265797], [35.312269, 29.265003]]}}, {"type": "Feature", "properties": {"name": "\u0648\u0627\u062f\u064a \u0627\u0644\u0639\u0645\u0642", "network": "140777794", "osm_way": 1101415727}, "geometry": {"type": "LineString", "coordinates": [[35.330722, 29.271076], [35.327976, 29.26996]]}}, {"type": "Feature", "properties": {"name": "\u0648\u0627\u062f\u064a \u0627\u0644\u0639\u0645\u0642", "network": "140777794", "osm_way": 1101415728}, "geometry": {"type": "LineString", "coordinates": [[35.32804, 29.270947], [35.315037, 29.265797]]}}, {"type": "Feature", "properties": {"name": "\u0648\u0627\u062f\u064a \u0627\u0644\u0639\u0645\u0642", "network": "140777794", "osm_way": 1101415729}, "geometry": {"type": "LineString", "coordinates": [[35.327976, 29.26996], [35.320782, 29.26676]]}}, {"type": "Feature", "properties": {"name": "\u0648\u0627\u062f\u064a \u0627\u0644\u0627\u0633\u0645\u0631", "network": "140777794", "osm_way": 1101419107}, "geometry": {"type": "LineString", "coordinates": [[35.343661, 29.14233], [35.338486, 29.142518], [35.336965, 29.140959], [35.327584, 29.143847], [35.320395, 29.140529], [35.314153, 29.147132], [35.297128, 29.154917], [35.289838, 29.155138], [35.281188, 29.160445], [35.268954, 29.164097], [35.25632, 29.163874], [35.250878, 29.165968], [35.238102, 29.162758], [35.217053, 29.165689], [35.205864, 29.174791], [35.194882, 29.193196], [35.19343, 29.200275], [35.196418, 29.204231]]}}, {"type": "Feature", "properties": {"name": "\u0648\u0627\u062f\u064a \u0633\u0644\u0627\u062f\u062d", "network": "2126935401", "osm_way": 1101419108}, "geometry": {"type": "LineString", "coordinates": [[35.476956, 29.230456], [35.478699, 29.236553], [35.482795, 29.237928], [35.496404, 29.249918], [35.50533, 29.249814], [35.518349, 29.253447], [35.532987, 29.263685], [35.547051, 29.265245], [35.55149, 29.271283], [35.552111, 29.27695], [35.556787, 29.286376]]}}, {"type": "Feature", "properties": {"name": "\u0648\u0627\u062f\u064a \u0645\u0628\u0631\u0643", "network": "140777794", "osm_way": 1101419109}, "geometry": {"type": "LineString", "coordinates": [[35.348639, 29.167886], [35.336881, 29.17634]]}}, {"type": "Feature", "properties": {"name": "\u0648\u0627\u062f\u064a \u0627\u0628\u0627 \u0627\u0644\u062d\u0627\u0631", "network": "10079405346", "osm_way": 1101419110}, "geometry": {"type": "LineString", "coordinates": [[35.554955, 29.229298], [35.561426, 29.23255], [35.564375, 29.242534], [35.581708, 29.247865], [35.58365, 29.252437], [35.586791, 29.253896], [35.597267, 29.254575], [35.603863, 29.257605], [35.625556, 29.246075], [35.62965, 29.249745], [35.635965, 29.25161], [35.638653, 29.250757], [35.638152, 29.24857], [35.642112, 29.247649], [35.642764, 29.251018], [35.646738, 29.250536], [35.646338, 29.253253], [35.657578, 29.258855], [35.666403, 29.267083], [35.689026, 29.269502], [35.698612, 29.275722], [35.704496, 29.275804], [35.711571, 29.290239], [35.724053, 29.300526], [35.736335, 29.302799], [35.741291, 29.312064], [35.745478, 29.312918]]}}, {"type": "Feature", "properties": {"name": "\u0648\u0627\u062f\u064a \u0645\u0628\u0631\u0643", "network": "140777794", "osm_way": 1101419111}, "geometry": {"type": "LineString", "coordinates": [[35.374775, 29.115422], [35.377674, 29.116609], [35.388544, 29.114678], [35.391408, 29.118824], [35.385734, 29.122667], [35.377289, 29.135695], [35.366603, 29.143941], [35.367544, 29.148121], [35.362945, 29.157454], [35.354261, 29.159547], [35.348639, 29.167886]]}}, {"type": "Feature", "properties": {"name": "\u0648\u0627\u062f\u064a \u0645\u0628\u0631\u0643", "network": "140777794", "osm_way": 1101419112}, "geometry": {"type": "LineString", "coordinates": [[35.348639, 29.167886], [35.343532, 29.174522], [35.336881, 29.17634]]}}, {"type": "Feature", "properties": {"name": "\u0648\u0627\u062f\u064a \u0627\u0645 \u062c\u0631\u0641\u064a\u0646", "network": "10079468853", "osm_way": 1101423136}, "geometry": {"type": "LineString", "coordinates": [[35.296648, 29.081304], [35.272396, 29.096052], [35.25984, 29.10147], [35.249826, 29.103492], [35.223895, 29.113674], [35.217127, 29.114316], [35.212901, 29.112078], [35.210945, 29.106733], [35.211636, 29.091694], [35.215231, 29.075021], [35.214578, 29.064641], [35.20954, 29.063483], [35.206612, 29.057786], [35.196751, 29.054834], [35.195589, 29.049486], [35.192503, 29.046468], [35.191734, 29.040337], [35.187388, 29.037772], [35.186282, 29.034338], [35.172882, 29.033531], [35.147495, 29.045143], [35.132411, 29.04798]]}}, {"type": "Feature", "properties": {"name": "\u0648\u0627\u062f\u064a \u0627\u0645 \u062c\u0631\u0641\u064a\u0646", "network": "10079468853", "osm_way": 1101423137}, "geometry": {"type": "LineString", "coordinates": [[35.104243, 29.061225], [35.102304, 29.064913], [35.10439, 29.068751], [35.102206, 29.072641], [35.07308, 29.08978]]}}, {"type": "Feature", "properties": {"name": "\u0648\u0627\u062f\u064a \u0627\u0645 \u062c\u0631\u0641\u064a\u0646", "network": "10079468853", "osm_way": 1101423138}, "geometry": {"type": "LineString", "coordinates": [[35.07308, 29.08978], [35.067793, 29.094902], [35.067907, 29.09957], [35.064905, 29.106002]]}}, {"type": "Feature", "properties": {"name": "\u0648\u0627\u062f\u064a \u0639\u0645\u064a\u0642", "network": "10079468853", "osm_way": 1101423139}, "geometry": {"type": "LineString", "coordinates": [[35.07525, 29.239478], [35.049432, 29.233813], [35.03625, 29.227498], [35.016279, 29.22499], [35.007884, 29.22585], [34.985425, 29.232988]]}}, {"type": "Feature", "properties": {"name": "\u0648\u0627\u062f\u064a \u0627\u0645 \u062c\u0631\u0641\u064a\u0646", "network": "10079468853", "osm_way": 1101423140}, "geometry": {"type": "LineString", "coordinates": [[35.07308, 29.08978], [35.068367, 29.092191], [35.063554, 29.098518], [35.064905, 29.106002]]}}, {"type": "Feature", "properties": {"name": "\u0648\u0627\u062f\u064a \u0627\u0645 \u062c\u0631\u0641\u064a\u0646", "network": "10079468853", "osm_way": 1101423141}, "geometry": {"type": "LineString", "coordinates": [[35.064905, 29.106002], [35.064146, 29.114218], [35.0551, 29.121546], [35.043784, 29.136139], [35.039777, 29.155131], [35.029748, 29.168892], [35.008571, 29.188772], [34.978898, 29.200664], [34.969196, 29.20778], [34.960655, 29.218249], [34.956004, 29.231943], [34.950807, 29.235395]]}}, {"type": "Feature", "properties": {"name": "\u0648\u0627\u062f\u064a \u0627\u0645 \u062c\u0631\u0641\u064a\u0646", "network": "10079468853", "osm_way": 1101423142}, "geometry": {"type": "LineString", "coordinates": [[35.132411, 29.04798], [35.11437, 29.052565], [35.106618, 29.059739]]}}, {"type": "Feature", "properties": {"name": "\u0648\u0627\u062f\u064a \u0627\u0645 \u062c\u0631\u0641\u064a\u0646", "network": "10079468853", "osm_way": 1101423143}, "geometry": {"type": "LineString", "coordinates": [[35.132411, 29.04798], [35.11808, 29.056468], [35.106618, 29.059739]]}}, {"type": "Feature", "properties": {"name": "\u0648\u0627\u062f\u064a \u0627\u0644\u0634\u0628\u064a\u0643\u064a", "network": "10079527390", "osm_way": 1101430446}, "geometry": {"type": "LineString", "coordinates": [[35.537596, 29.114735], [35.540182, 29.113164], [35.554521, 29.12394], [35.558664, 29.118651], [35.564839, 29.119609], [35.578842, 29.115724], [35.608469, 29.129128], [35.618965, 29.149977], [35.62407, 29.15547], [35.638815, 29.164631], [35.639207, 29.167702], [35.644909, 29.17399], [35.644959, 29.178131], [35.652339, 29.183964], [35.652971, 29.191138], [35.669665, 29.195609], [35.677169, 29.201602], [35.68253, 29.202499], [35.690421, 29.199201], [35.697714, 29.203795], [35.70617, 29.201755], [35.716478, 29.203856], [35.719513, 29.208321], [35.724784, 29.209914], [35.723602, 29.215831], [35.725606, 29.218742], [35.732845, 29.220263]]}}, {"type": "Feature", "properties": {"name": "\u0648\u0627\u062f\u064a \u062f\u0628\u0631", "network": "10086191404", "osm_way": 1102267295}, "geometry": {"type": "LineString", "coordinates": [[35.043941, 29.014828], [35.027377, 29.016239], [35.019238, 29.020271], [34.995114, 29.015751], [34.988911, 29.019765], [34.984091, 29.026552], [34.968546, 29.032231], [34.952684, 29.030388], [34.930841, 29.046862], [34.921874, 29.044713], [34.911758, 29.047303], [34.899296, 29.041111], [34.886762, 29.039724], [34.875474, 29.033562], [34.862772, 29.037009], [34.849406, 29.032907]]}}, {"type": "Feature", "properties": {"name": "\u0648\u0627\u062f\u064a \u0627\u0644\u0634\u0639\u0631\u0647", "network": "10086379204", "osm_way": 1102278177}, "geometry": {"type": "LineString", "coordinates": [[35.55562, 29.054224], [35.560211, 29.054589], [35.56248, 29.052819], [35.573902, 29.058397], [35.58988, 29.052909], [35.598774, 29.059209], [35.61733, 29.051032], [35.634458, 29.066194], [35.634937, 29.06864], [35.632789, 29.071125]]}}, {"type": "Feature", "properties": {"name": "\u0648\u0627\u062f\u064a \u0635\u0628\u062d", "network": "10086379204", "osm_way": 1102278178}, "geometry": {"type": "LineString", "coordinates": [[35.534742, 29.075532], [35.541365, 29.072776], [35.548809, 29.074472], [35.552693, 29.072252], [35.572784, 29.072834], [35.578564, 29.069224], [35.588114, 29.070111], [35.59192, 29.073489], [35.597391, 29.074008], [35.608193, 29.072087], [35.612051, 29.073557], [35.61746, 29.069709], [35.623143, 29.071103], [35.631569, 29.070153], [35.637591, 29.073081], [35.639438, 29.0767], [35.649134, 29.078835], [35.655666, 29.083564], [35.656703, 29.091213], [35.659995, 29.093443], [35.661257, 29.10042], [35.676013, 29.106457], [35.678879, 29.109537], [35.695182, 29.112077], [35.699213, 29.113964], [35.703449, 29.12034], [35.723398, 29.12233], [35.728248, 29.126746], [35.742311, 29.130955], [35.744639, 29.133417], [35.756593, 29.132308], [35.75948, 29.134838], [35.767613, 29.134276], [35.770831, 29.136392], [35.791812, 29.133075], [35.794906, 29.135734], [35.802908, 29.137456], [35.81824, 29.125351], [35.824151, 29.126587], [35.835355, 29.134521], [35.842117, 29.135886], [35.850476, 29.133898], [35.869933, 29.122638], [35.872818, 29.123365], [35.876273, 29.119579], [35.909853, 29.115872], [35.931709, 29.117997]]}}, {"type": "Feature", "properties": {"name": "\u0634\u0639\u064a\u0628 \u0627\u0644\u062f\u0645\u0646\u0629", "network": "10086379204", "osm_way": 1102285202}, "geometry": {"type": "LineString", "coordinates": [[35.720329, 29.031909], [35.72438, 29.031925], [35.73355, 29.036447], [35.740916, 29.035317], [35.748334, 29.031371], [35.759193, 29.032121], [35.760483, 29.036356], [35.763316, 29.035543], [35.767568, 29.041874], [35.775979, 29.045207], [35.77996, 29.051435], [35.786861, 29.056055], [35.798823, 29.060977], [35.80596, 29.058494], [35.823456, 29.061234], [35.837125, 29.067403], [35.84326, 29.074695]]}}, {"type": "Feature", "properties": {"name": "\u0648\u0627\u062f\u064a \u0627\u0645 \u0644\u062c\u0648\u062c", "network": "10086379204", "osm_way": 1102285203}, "geometry": {"type": "LineString", "coordinates": [[35.695031, 29.052637], [35.697714, 29.052205], [35.705484, 29.057106], [35.70632, 29.05984], [35.718752, 29.064166], [35.721355, 29.068501], [35.733125, 29.073649], [35.746595, 29.076548], [35.760455, 29.085317]]}}, {"type": "Feature", "properties": {"name": "\u0634\u0639\u064a\u0628 \u0627\u0644\u062f\u0645\u0646\u0629", "network": "10086379204", "osm_way": 1102285204}, "geometry": {"type": "LineString", "coordinates": [[35.8939, 29.083428], [35.895274, 29.094629]]}}, {"type": "Feature", "properties": {"name": "\u0648\u0627\u062f\u064a \u0627\u0644\u062f\u062d\u064a\u0644", "network": "5227050920", "osm_way": 1102285205}, "geometry": {"type": "LineString", "coordinates": [[35.489488, 29.159088], [35.494759, 29.140379], [35.490586, 29.134878], [35.484425, 29.13194], [35.479515, 29.124408], [35.471153, 29.118371], [35.46811, 29.113047], [35.468976, 29.107911], [35.466468, 29.097299], [35.460804, 29.093591], [35.457324, 29.083276], [35.452465, 29.08113], [35.448693, 29.076705], [35.449468, 29.069937], [35.444194, 29.060601], [35.445201, 29.056223], [35.443269, 29.052425], [35.445856, 29.043995], [35.443273, 29.042419], [35.443181, 29.035977], [35.43958, 29.026547], [35.435127, 29.022788]]}}, {"type": "Feature", "properties": {"name": "]", "network": "10086379204", "osm_way": 1102285206}, "geometry": {"type": "LineString", "coordinates": [[35.71842, 29.07506], [35.722079, 29.071645], [35.729331, 29.071805]]}}, {"type": "Feature", "properties": {"name": "\u0634\u0639\u064a\u0628 \u0627\u0644\u062f\u0645\u0646\u0629", "network": "10086379204", "osm_way": 1102285207}, "geometry": {"type": "LineString", "coordinates": [[35.84326, 29.074695], [35.867748, 29.089412], [35.877315, 29.086721], [35.886346, 29.080613], [35.8939, 29.083428]]}}, {"type": "Feature", "properties": {"name": "\u0648\u0627\u062f\u064a \u0627\u0645 \u0644\u062c\u0648\u062c", "network": "10086379204", "osm_way": 1102285208}, "geometry": {"type": "LineString", "coordinates": [[35.760455, 29.085317], [35.769239, 29.091284], [35.768025, 29.094368], [35.774853, 29.097206], [35.775862, 29.102526], [35.789882, 29.109605], [35.804865, 29.120089], [35.812841, 29.119816], [35.81724, 29.125504]]}}, {"type": "Feature", "properties": {"name": "\u0634\u0639\u064a\u0628 \u0627\u0644\u062f\u0645\u0646\u0629", "network": "10086379204", "osm_way": 1102285209}, "geometry": {"type": "LineString", "coordinates": [[35.84326, 29.074695], [35.856175, 29.074193], [35.861033, 29.07079], [35.867165, 29.06985], [35.87434, 29.072162], [35.878687, 29.076279], [35.8883, 29.077989], [35.8939, 29.083428]]}}, {"type": "Feature", "properties": {"name": "\u0648\u0627\u062f\u064a \u0631\u062a\u0627\u0645\u0647", "network": "5227050920", "osm_way": 1102289507}, "geometry": {"type": "LineString", "coordinates": [[35.295253, 29.129026], [35.3029, 29.124081], [35.310513, 29.123458], [35.317066, 29.117369], [35.323564, 29.104101], [35.325212, 29.090866], [35.32886, 29.085909], [35.328438, 29.072862], [35.331009, 29.05901], [35.326499, 29.056501], [35.332794, 29.044754], [35.333243, 29.032785], [35.32712, 28.992583]]}}, {"type": "Feature", "properties": {"name": "\u0648\u0627\u062f\u064a \u0627\u0644\u0627\u062d\u0648\u0627\u0621", "network": "5227050920", "osm_way": 1102289508}, "geometry": {"type": "LineString", "coordinates": [[35.358746, 29.086432], [35.360502, 29.093355], [35.366718, 29.093111], [35.369619, 29.097057], [35.379174, 29.098341], [35.380746, 29.094116], [35.395328, 29.082889], [35.396887, 29.05962], [35.392539, 29.046611], [35.395375, 29.039273], [35.399927, 29.036702], [35.395074, 29.03154], [35.398464, 29.02662], [35.396895, 29.023858], [35.400135, 29.019585], [35.397407, 29.013972], [35.397213, 29.006251], [35.40018, 29.002935], [35.398847, 28.999263]]}}, {"type": "Feature", "properties": {"name": "\u0648\u0627\u062f\u064a \u0639\u0641\u0627\u0644", "network": "5227050920", "osm_way": 1102289509}, "geometry": {"type": "LineString", "coordinates": [[35.241008, 29.038646], [35.229759, 29.043674], [35.225969, 29.043299], [35.224448, 29.041657], [35.225901, 29.037659], [35.224634, 29.031707], [35.221332, 29.030193], [35.221623, 29.0282], [35.234271, 29.017623], [35.238367, 29.008573], [35.236884, 29.005274], [35.231251, 29.002242], [35.231596, 28.99945], [35.227225, 28.999299], [35.223135, 28.994404], [35.224233, 28.984482], [35.222093, 28.977619], [35.218645, 28.975351], [35.218099, 28.972526], [35.222152, 28.966773], [35.222196, 28.963859], [35.204587, 28.954871], [35.188089, 28.95042], [35.182025, 28.946027], [35.180781, 28.941588], [35.183361, 28.925046], [35.175427, 28.911525], [35.167365, 28.907401], [35.163814, 28.898232], [35.1631, 28.889029], [35.168556, 28.8784], [35.167394, 28.87057], [35.154241, 28.864216], [35.142876, 28.855013], [35.138751, 28.845454], [35.133274, 28.84063], [35.127474, 28.817975], [35.118274, 28.810091], [35.112066, 28.800331], [35.108989, 28.761171], [35.102714, 28.73087], [35.107619, 28.714736], [35.115082, 28.713157], [35.116843, 28.710961], [35.115276, 28.70256], [35.10973, 28.698885]]}}, {"type": "Feature", "properties": {"name": "\u0648\u0627\u062f\u064a \u062b\u0631\u0641", "network": "10086527508", "osm_way": 1102292027}, "geometry": {"type": "LineString", "coordinates": [[35.60684, 29.000838], [35.606425, 28.996298], [35.610383, 28.990472], [35.620645, 28.993391], [35.625658, 28.990563], [35.62812, 28.992665], [35.637148, 28.991065], [35.642637, 28.994732], [35.644358, 28.998653], [35.655838, 29.00089], [35.660478, 29.00496], [35.67044, 29.007858], [35.676768, 29.007002], [35.684267, 29.003003], [35.739076, 29.006662], [35.805127, 29.020207], [35.829881, 29.020959], [35.833667, 29.018555], [35.842941, 29.022246], [35.857247, 29.02294], [35.859231, 29.021504], [35.861309, 29.02392], [35.871319, 29.024427], [35.875003, 29.027713], [35.88993, 29.032103], [35.905271, 29.028474], [35.930924, 29.029678], [35.935979, 29.021045], [35.944789, 29.019622], [35.956526, 29.014382], [35.962033, 29.01481], [35.977998, 29.001648], [36.00239, 29.001074]]}}, {"type": "Feature", "properties": {"name": "\u0648\u0627\u062f\u064a \u062b\u0631\u0641", "network": "5227050920", "osm_way": 1102292028}, "geometry": {"type": "LineString", "coordinates": [[35.606132, 29.002297], [35.604791, 29.004555], [35.589096, 29.003896], [35.580766, 29.006381], [35.570548, 29.005965], [35.565562, 29.00987], [35.560495, 29.010858], [35.540739, 29.011326], [35.529039, 29.007164], [35.526895, 29.004623], [35.521073, 29.006095]]}}, {"type": "Feature", "properties": {"name": "\u0648\u0627\u062f\u064a \u0648\u0627\u0633\u0637", "network": "5227050920", "osm_way": 1102293925}, "geometry": {"type": "LineString", "coordinates": [[35.452495, 29.003155], [35.447216, 29.006044]]}}, {"type": "Feature", "properties": {"name": "\u0648\u0627\u062f\u064a \u062b\u0631\u0641", "network": "5227050920", "osm_way": 1102293926}, "geometry": {"type": "LineString", "coordinates": [[35.521073, 29.006095], [35.513427, 29.010666], [35.506868, 29.011331]]}}, {"type": "Feature", "properties": {"name": "\u0648\u0627\u062f\u064a \u0627\u0644\u0645\u062a\u0631\u0645\u0644\u0629", "network": "5227050920", "osm_way": 1102293927}, "geometry": {"type": "LineString", "coordinates": [[35.440822, 28.936551], [35.444357, 28.936627], [35.456357, 28.945992], [35.466317, 28.963933], [35.470609, 28.966345], [35.465192, 28.972773], [35.466085, 28.982608], [35.464278, 28.994676], [35.462083, 28.99822], [35.449286, 29.005446], [35.437517, 29.006374]]}}, {"type": "Feature", "properties": {"name": "\u0648\u0627\u062f\u064a \u062b\u0631\u0641", "network": "5227050920", "osm_way": 1102293928}, "geometry": {"type": "LineString", "coordinates": [[35.521073, 29.006095], [35.506868, 29.011331]]}}, {"type": "Feature", "properties": {"name": "\u0648\u0627\u062f\u064a \u0648\u0627\u0633\u0637", "network": "5227050920", "osm_way": 1102293930}, "geometry": {"type": "LineString", "coordinates": [[35.451314, 28.98571], [35.455841, 28.993256], [35.453654, 29.001736]]}}, {"type": "Feature", "properties": {"name": "\u0648\u0627\u062f\u064a \u0648\u0627\u0633\u0637", "network": "5227050920", "osm_way": 1102293931}, "geometry": {"type": "LineString", "coordinates": [[35.437517, 29.006374], [35.381926, 28.996504], [35.332082, 28.994889], [35.32545, 28.991448], [35.318324, 28.993735], [35.305119, 28.992016], [35.299816, 28.98773], [35.299292, 28.983237], [35.296173, 28.979625], [35.28388, 28.978741], [35.277845, 28.974626], [35.271216, 28.979069], [35.267114, 28.97931], [35.258818, 28.974769], [35.248838, 28.973879], [35.231593, 28.968922], [35.22103, 28.962769]]}}, {"type": "Feature", "properties": {"name": "\u0648\u0627\u062f\u064a \u062b\u0631\u0641", "network": "5227050920", "osm_way": 1102293932}, "geometry": {"type": "LineString", "coordinates": [[35.506868, 29.011331], [35.500642, 29.01071], [35.486387, 29.002659], [35.474676, 29.002913], [35.471309, 29.000077], [35.465718, 29.001297], [35.458051, 28.999956]]}}, {"type": "Feature", "properties": {"name": "\u0648\u0627\u062f\u064a \u0627\u0645 \u0644\u062c\u0648\u062c", "network": "10086379204", "osm_way": 1102305087}, "geometry": {"type": "LineString", "coordinates": [[35.716918, 29.079952], [35.735264, 29.082119], [35.747343, 29.081405], [35.760455, 29.085317]]}}, {"type": "Feature", "properties": {"name": "\u0648\u0627\u062f\u064a \u062f\u063a\u062f\u0627\u0634", "network": "10088368740", "osm_way": 1102492083}, "geometry": {"type": "LineString", "coordinates": [[36.867778, 29.03223], [36.848855, 29.028684], [36.839259, 29.033293], [36.830977, 29.031961], [36.797006, 29.035496], [36.784437, 29.043022], [36.778863, 29.041327], [36.778273, 29.035806], [36.773921, 29.034022], [36.764656, 29.038978], [36.739874, 29.037478], [36.732942, 29.039261], [36.725045, 29.044654], [36.710121, 29.045652], [36.689115, 29.057558], [36.679469, 29.057459]]}}, {"type": "Feature", "properties": {"name": "\u0648\u0627\u062f\u064a \u062f\u0628\u0644", "network": "10088368742", "osm_way": 1102492084}, "geometry": {"type": "LineString", "coordinates": [[36.574194, 28.922217], [36.567287, 28.927579], [36.538604, 28.93965], [36.534833, 28.944674], [36.532777, 28.954089], [36.529031, 28.958022], [36.507249, 28.966083], [36.498407, 28.971235], [36.493368, 28.980801], [36.486508, 28.987358], [36.485936, 29.002465], [36.481297, 29.011282], [36.471392, 29.017378], [36.468089, 29.023699], [36.459812, 29.031319], [36.447344, 29.039327], [36.441986, 29.048378], [36.427817, 29.053976], [36.407089, 29.075511], [36.394091, 29.077667], [36.385053, 29.083864], [36.372973, 29.084721], [36.363404, 29.089655], [36.355728, 29.102371], [36.344977, 29.107588], [36.336366, 29.12191], [36.328305, 29.122248], [36.323928, 29.126029], [36.314907, 29.126931], [36.310105, 29.131757], [36.309525, 29.134863], [36.306596, 29.135807]]}}, {"type": "Feature", "properties": {"name": "\u0648\u0627\u062f\u064a \u0627\u0644\u0645\u0639\u0642\u0631", "network": "10088368740", "osm_way": 1102492085}, "geometry": {"type": "LineString", "coordinates": [[37.026372, 29.05165], [37.015554, 29.052626], [36.996336, 29.048314], [36.987434, 29.048852], [36.982396, 29.044773], [36.982503, 29.040961], [36.978061, 29.037982], [36.965165, 29.043848], [36.947491, 29.043721], [36.94101, 29.041608], [36.921254, 29.042251], [36.90784, 29.04833], [36.894329, 29.050596], [36.888417, 29.054879], [36.887464, 29.058658], [36.88169, 29.062303], [36.870504, 29.062447], [36.868079, 29.079786], [36.822403, 29.102917], [36.811798, 29.106191], [36.797544, 29.106188], [36.785281, 29.110965], [36.756579, 29.112404], [36.744317, 29.109527], [36.730596, 29.09307], [36.71788, 29.087525], [36.699296, 29.070376], [36.667822, 29.04966], [36.649845, 29.04986], [36.643509, 29.045781], [36.623148, 29.042999], [36.607816, 29.036591], [36.600353, 29.029316], [36.586837, 29.022979], [36.581435, 29.014038], [36.58301, 29.001555], [36.580219, 28.991223], [36.562437, 28.981996], [36.553186, 28.968647], [36.538843, 28.962499], [36.536175, 28.957642], [36.531579, 28.95612]]}}, {"type": "Feature", "properties": {"name": "\u0648\u0627\u062f\u064a \u0627\u0644\u0634\u0627\u064a\u0628", "network": "10088966842", "osm_way": 1102540099}, "geometry": {"type": "LineString", "coordinates": [[37.111452, 29.003112], [37.106009, 29.012822], [37.101293, 29.014538], [37.093584, 29.012803], [37.085417, 29.019669], [37.076949, 29.019813], [37.070557, 29.022205], [37.058605, 29.018728], [37.053417, 29.0132], [37.049187, 29.00403], [37.048043, 28.996823], [37.049956, 28.988127], [37.045631, 28.975122], [37.04688, 28.965142], [37.041792, 28.95551], [37.020073, 28.949064], [36.996858, 28.937764], [36.988752, 28.930056], [36.972395, 28.907556], [36.958432, 28.904082], [36.943039, 28.888738], [36.926474, 28.882104], [36.913569, 28.871601], [36.903829, 28.866791], [36.895461, 28.865089], [36.868016, 28.872847], [36.861897, 28.869893], [36.852299, 28.869508], [36.841638, 28.864114], [36.827938, 28.86555], [36.820362, 28.863258], [36.804041, 28.867221], [36.791562, 28.866927], [36.758608, 28.874778], [36.737953, 28.868907], [36.722163, 28.870453], [36.714812, 28.866456], [36.689819, 28.86185], [36.679051, 28.857337], [36.666061, 28.846338], [36.661913, 28.847008]]}}, {"type": "Feature", "properties": {"name": "\u0648\u0627\u062f\u064a \u0627\u0628\u0648 \u0637\u0631\u064a\u0641\u0647", "network": "10089071724", "osm_way": 1102546724}, "geometry": {"type": "LineString", "coordinates": [[37.192358, 28.931894], [37.197609, 28.93499], [37.203555, 28.942294], [37.20918, 28.957707], [37.219673, 28.961741], [37.228786, 28.961462], [37.234257, 28.964561], [37.242309, 28.964683], [37.25141, 28.968763], [37.264695, 28.969015], [37.276214, 28.971686], [37.296202, 28.986325], [37.30935, 28.991459], [37.334108, 28.992611], [37.346137, 28.9953], [37.355192, 28.990962], [37.370988, 28.987281], [37.377274, 28.988661], [37.38691, 28.984482], [37.396709, 28.985232], [37.440764, 28.972485], [37.452334, 28.973882], [37.467338, 28.985358], [37.480834, 28.988953], [37.503615, 29.000937], [37.507231, 29.008413], [37.512456, 29.010397], [37.513612, 29.015503], [37.520214, 29.01774], [37.522005, 29.021331], [37.527593, 29.017476], [37.540228, 29.024328], [37.541723, 29.029307], [37.543945, 29.030674], [37.562159, 29.02686], [37.578249, 29.04413], [37.592182, 29.038735], [37.61122, 29.043702], [37.619452, 29.05523], [37.636336, 29.069496], [37.640016, 29.076315], [37.645129, 29.080992], [37.644747, 29.085794], [37.651279, 29.093359], [37.66924, 29.094653], [37.689368, 29.089008], [37.703154, 29.089283], [37.711076, 29.101046], [37.712692, 29.10814], [37.723599, 29.12096], [37.731447, 29.124064], [37.738875, 29.129156], [37.740589, 29.132709], [37.744393, 29.133629], [37.751212, 29.139455], [37.750777, 29.142139], [37.753034, 29.144728], [37.7502, 29.152698], [37.755996, 29.161617], [37.752911, 29.166009], [37.753953, 29.168857], [37.751287, 29.170911]]}}, {"type": "Feature", "properties": {"name": "\u0648\u0627\u062f\u064a \u0635\u062f\u0627\u0631", "network": "10089137672", "osm_way": 1102552492}, "geometry": {"type": "LineString", "coordinates": [[37.217753, 28.879409], [37.222895, 28.864828], [37.228544, 28.860387], [37.262795, 28.867542], [37.288678, 28.866031], [37.305942, 28.878848], [37.354102, 28.907132], [37.365045, 28.910688], [37.386142, 28.912074], [37.40195, 28.916246], [37.410019, 28.920699], [37.43437, 28.940166], [37.505407, 28.953987], [37.533458, 28.952396], [37.565639, 28.957172], [37.572596, 28.960188], [37.583154, 28.959699], [37.586572, 28.961747], [37.587809, 28.970657], [37.598938, 28.972227], [37.605234, 28.975088], [37.620671, 28.992857], [37.639156, 28.999432], [37.653876, 28.999236], [37.662154, 29.01311], [37.684403, 29.025013], [37.710895, 29.031017], [37.714803, 29.029945], [37.724024, 29.022207], [37.738688, 29.022585], [37.751905, 29.033616], [37.751405, 29.04281], [37.753782, 29.047017], [37.753115, 29.052593], [37.756574, 29.067158], [37.750872, 29.076726], [37.752343, 29.080935], [37.747378, 29.089317], [37.745762, 29.096387], [37.747287, 29.09979], [37.742476, 29.105127], [37.740762, 29.112755], [37.745362, 29.121175], [37.750011, 29.122438], [37.750299, 29.124417], [37.758984, 29.130792], [37.763568, 29.142986], [37.759742, 29.151696]]}}, {"type": "Feature", "properties": {"name": "", "network": "353651482", "osm_way": 1110144927}, "geometry": {"type": "LineString", "coordinates": [[36.244549, 33.530228], [36.249047, 33.528202], [36.249228, 33.524578]]}}, {"type": "Feature", "properties": {"name": "", "network": "353651482", "osm_way": 1110144928}, "geometry": {"type": "LineString", "coordinates": [[36.249228, 33.524578], [36.249314, 33.524478]]}}, {"type": "Feature", "properties": {"name": "Wadi al-Arish", "network": "2657503637", "osm_way": 1110772412}, "geometry": {"type": "LineString", "coordinates": [[33.815028, 31.098676], [33.813994, 31.1005], [33.8058, 31.098392], [33.802987, 31.103122], [33.811298, 31.122505], [33.813122, 31.136879], [33.806508, 31.146249]]}}, {"type": "Feature", "properties": {"name": "Wadi al-Arish", "network": "2657503637", "osm_way": 1110772413}, "geometry": {"type": "LineString", "coordinates": [[33.83475, 31.057521], [33.835752, 31.059106]]}}, {"type": "Feature", "properties": {"name": "Litani River", "network": "331815211", "osm_way": 1111167442}, "geometry": {"type": "LineString", "coordinates": [[35.655909, 33.490091], [35.65969, 33.483948], [35.663708, 33.481508], [35.662838, 33.478258], [35.667175, 33.475552], [35.663724, 33.470095], [35.664848, 33.465316]]}}, {"type": "Feature", "properties": {"name": "Litani River", "network": "331815211", "osm_way": 1111167444}, "geometry": {"type": "LineString", "coordinates": [[35.69144, 33.547073], [35.692111, 33.545043]]}}, {"type": "Feature", "properties": {"name": "\u0634\u0639\u0628\u0627\u0646 \u0627\u0644\u0646\u0627\u0639\u0645", "network": "9226944176", "osm_way": 1112648655}, "geometry": {"type": "LineString", "coordinates": [[37.698501, 31.66981], [37.699446, 31.667262], [37.695669, 31.662075], [37.697167, 31.653006]]}}, {"type": "Feature", "properties": {"name": "\u0634\u0639\u0628\u0627\u0646 \u0627\u0644\u0646\u0627\u0639\u0645", "network": "9226944176", "osm_way": 1112648656}, "geometry": {"type": "LineString", "coordinates": [[37.687152, 31.641672], [37.678264, 31.634808]]}}, {"type": "Feature", "properties": {"name": "\u0634\u0639\u0628\u0627\u0646 \u0627\u0644\u0646\u0627\u0639\u0645", "network": "9226944176", "osm_way": 1112648657}, "geometry": {"type": "LineString", "coordinates": [[37.77747, 31.694849], [37.776715, 31.692919], [37.77029, 31.693027], [37.764496, 31.689383], [37.752025, 31.688203], [37.747475, 31.68961], [37.744436, 31.688197], [37.737696, 31.683353], [37.737752, 31.679554], [37.732185, 31.679286], [37.733134, 31.675755], [37.725802, 31.670026]]}}, {"type": "Feature", "properties": {"name": "", "network": "353651482", "osm_way": 1115329316}, "geometry": {"type": "LineString", "coordinates": [[36.269289, 33.513272], [36.272405, 33.5124]]}}, {"type": "Feature", "properties": {"name": "Barada River", "network": "353651482", "osm_way": 1115334882}, "geometry": {"type": "LineString", "coordinates": [[36.267593, 33.513409], [36.267689, 33.51354]]}}, {"type": "Feature", "properties": {"name": "", "network": "353651482", "osm_way": 1115334884}, "geometry": {"type": "LineString", "coordinates": [[36.265369, 33.513215], [36.267593, 33.513409]]}}, {"type": "Feature", "properties": {"name": "", "network": "353651482", "osm_way": 1115334885}, "geometry": {"type": "LineString", "coordinates": [[36.26506, 33.513223], [36.265369, 33.513215]]}}, {"type": "Feature", "properties": {"name": "Nahr el Aouali", "network": "559220103", "osm_way": 1115566129}, "geometry": {"type": "LineString", "coordinates": [[35.462555, 33.56492], [35.459436, 33.565015], [35.456546, 33.56928], [35.451099, 33.56664], [35.446229, 33.574728], [35.445343, 33.571005], [35.439081, 33.574935], [35.439727, 33.572294], [35.43461, 33.570741], [35.432533, 33.573322], [35.429738, 33.573222], [35.43071, 33.576918], [35.423093, 33.578879], [35.422942, 33.58125], [35.417264, 33.581217]]}}, {"type": "Feature", "properties": {"name": "", "network": "879304940", "osm_way": 1117294808}, "geometry": {"type": "LineString", "coordinates": [[36.241608, 33.541779], [36.242412, 33.540243]]}}, {"type": "Feature", "properties": {"name": "", "network": "879304940", "osm_way": 1117294809}, "geometry": {"type": "LineString", "coordinates": [[36.242412, 33.540243], [36.242474, 33.540142]]}}, {"type": "Feature", "properties": {"name": "", "network": "879304940", "osm_way": 1124301454}, "geometry": {"type": "LineString", "coordinates": [[36.22371, 33.562059], [36.223233, 33.559201], [36.226109, 33.557291]]}}, {"type": "Feature", "properties": {"name": "", "network": "879304940", "osm_way": 1124301455}, "geometry": {"type": "LineString", "coordinates": [[36.226767, 33.557595], [36.226824, 33.557509]]}}, {"type": "Feature", "properties": {"name": "", "network": "879304940", "osm_way": 1124301456}, "geometry": {"type": "LineString", "coordinates": [[36.205762, 33.565398], [36.210531, 33.564843], [36.215496, 33.561439], [36.221564, 33.563511], [36.22368, 33.562158]]}}, {"type": "Feature", "properties": {"name": "", "network": "879304940", "osm_way": 1124301457}, "geometry": {"type": "LineString", "coordinates": [[36.22368, 33.562158], [36.22371, 33.562059]]}}, {"type": "Feature", "properties": {"name": "", "network": "879304940", "osm_way": 1124301458}, "geometry": {"type": "LineString", "coordinates": [[36.226137, 33.557189], [36.226564, 33.554054]]}}, {"type": "Feature", "properties": {"name": "", "network": "879304940", "osm_way": 1124301459}, "geometry": {"type": "LineString", "coordinates": [[36.226109, 33.557291], [36.226137, 33.557189]]}}, {"type": "Feature", "properties": {"name": "", "network": "879304940", "osm_way": 1124301460}, "geometry": {"type": "LineString", "coordinates": [[36.226467, 33.557995], [36.226767, 33.557595]]}}, {"type": "Feature", "properties": {"name": "", "network": "879304940", "osm_way": 1124301461}, "geometry": {"type": "LineString", "coordinates": [[36.195917, 33.567703], [36.200058, 33.569629], [36.201864, 33.567577], [36.20506, 33.569159], [36.207121, 33.56716], [36.205762, 33.565398]]}}, {"type": "Feature", "properties": {"name": "", "network": "879304940", "osm_way": 1124301462}, "geometry": {"type": "LineString", "coordinates": [[36.191747, 33.607167], [36.193474, 33.604432], [36.198498, 33.604336], [36.199331, 33.601858], [36.197995, 33.599104], [36.199796, 33.595916], [36.199388, 33.590433], [36.195467, 33.58634], [36.196556, 33.584102], [36.19434, 33.580817]]}}, {"type": "Feature", "properties": {"name": "", "network": "879304940", "osm_way": 1124301463}, "geometry": {"type": "LineString", "coordinates": [[36.194884, 33.573613], [36.195736, 33.572165]]}}, {"type": "Feature", "properties": {"name": "", "network": "879304940", "osm_way": 1124301464}, "geometry": {"type": "LineString", "coordinates": [[36.195736, 33.572165], [36.195917, 33.567703]]}}, {"type": "Feature", "properties": {"name": "", "network": "879304940", "osm_way": 1124319107}, "geometry": {"type": "LineString", "coordinates": [[36.180839, 33.614963], [36.190129, 33.612995], [36.191638, 33.608704]]}}, {"type": "Feature", "properties": {"name": "", "network": "879304940", "osm_way": 1124319108}, "geometry": {"type": "LineString", "coordinates": [[36.191633, 33.607294], [36.191747, 33.607167]]}}, {"type": "Feature", "properties": {"name": "", "network": "879304940", "osm_way": 1124319109}, "geometry": {"type": "LineString", "coordinates": [[36.161307, 33.613437], [36.177065, 33.616119]]}}, {"type": "Feature", "properties": {"name": "", "network": "879304940", "osm_way": 1124319110}, "geometry": {"type": "LineString", "coordinates": [[36.179555, 33.615931], [36.179689, 33.615944]]}}, {"type": "Feature", "properties": {"name": "Berdawni River", "network": "331815211", "osm_way": 1125679568}, "geometry": {"type": "LineString", "coordinates": [[35.912618, 33.837438], [35.913679, 33.833859]]}}, {"type": "Feature", "properties": {"name": "Berdawni River", "network": "331815211", "osm_way": 1125679569}, "geometry": {"type": "LineString", "coordinates": [[35.913679, 33.833859], [35.913532, 33.83282]]}}, {"type": "Feature", "properties": {"name": "Barada River", "network": "353651482", "osm_way": 1127507862}, "geometry": {"type": "LineString", "coordinates": [[36.300636, 33.512794], [36.3014, 33.512814]]}}, {"type": "Feature", "properties": {"name": "Barada River", "network": "353651482", "osm_way": 1127507863}, "geometry": {"type": "LineString", "coordinates": [[36.3014, 33.512814], [36.301456, 33.51281]]}}, {"type": "Feature", "properties": {"name": "", "network": "353651482", "osm_way": 1130033458}, "geometry": {"type": "LineString", "coordinates": [[36.373608, 33.498241], [36.373693, 33.498238]]}}, {"type": "Feature", "properties": {"name": "", "network": "353651482", "osm_way": 1130033459}, "geometry": {"type": "LineString", "coordinates": [[36.385801, 33.496182], [36.38714, 33.495678]]}}, {"type": "Feature", "properties": {"name": "Barada River", "network": "353651482", "osm_way": 1130033460}, "geometry": {"type": "LineString", "coordinates": [[36.334098, 33.506548], [36.33503, 33.50634]]}}, {"type": "Feature", "properties": {"name": "Barada River", "network": "353651482", "osm_way": 1130033461}, "geometry": {"type": "LineString", "coordinates": [[36.334044, 33.50656], [36.334098, 33.506548]]}}, {"type": "Feature", "properties": {"name": "Barada River", "network": "353651482", "osm_way": 1130033466}, "geometry": {"type": "LineString", "coordinates": [[36.33503, 33.50634], [36.335197, 33.506309]]}}, {"type": "Feature", "properties": {"name": "Barada River", "network": "353651482", "osm_way": 1130033467}, "geometry": {"type": "LineString", "coordinates": [[36.335197, 33.506309], [36.335296, 33.50629]]}}, {"type": "Feature", "properties": {"name": "Hala-Yahfoufa River", "network": "331815211", "osm_way": 1137933111}, "geometry": {"type": "LineString", "coordinates": [[36.079067, 33.854775], [36.078919, 33.854887]]}}, {"type": "Feature", "properties": {"name": "Hala-Yahfoufa River", "network": "331815211", "osm_way": 1137933112}, "geometry": {"type": "LineString", "coordinates": [[36.08147, 33.854309], [36.079067, 33.854775]]}}, {"type": "Feature", "properties": {"name": "Ghzayyel River", "network": "331815211", "osm_way": 1157651993}, "geometry": {"type": "LineString", "coordinates": [[35.956625, 33.744107], [35.954022, 33.749404], [35.950488, 33.751015]]}}, {"type": "Feature", "properties": {"name": "Berdawni River", "network": "331815211", "osm_way": 1157734576}, "geometry": {"type": "LineString", "coordinates": [[35.913532, 33.83282], [35.912913, 33.828638], [35.893994, 33.812269]]}}, {"type": "Feature", "properties": {"name": "", "network": "31490214", "osm_way": 1159019808}, "geometry": {"type": "LineString", "coordinates": [[35.621982, 32.930939], [35.621278, 32.925794]]}}, {"type": "Feature", "properties": {"name": "", "network": "31490214", "osm_way": 1159019809}, "geometry": {"type": "LineString", "coordinates": [[35.622701, 32.929367], [35.622262, 32.926873]]}}, {"type": "Feature", "properties": {"name": "", "network": "31490214", "osm_way": 1159019810}, "geometry": {"type": "LineString", "coordinates": [[35.621649, 32.922719], [35.622651, 32.918412]]}}, {"type": "Feature", "properties": {"name": "Wadi al Hasha", "network": "974851772", "osm_way": 1160686959}, "geometry": {"type": "LineString", "coordinates": [[34.68033, 29.99297], [34.680769, 29.993086]]}}, {"type": "Feature", "properties": {"name": "Litani River", "network": "331815211", "osm_way": 1164542829}, "geometry": {"type": "LineString", "coordinates": [[35.765255, 33.632715], [35.757497, 33.630307], [35.751554, 33.622705], [35.742187, 33.619332], [35.73476, 33.611702], [35.732447, 33.611881]]}}, {"type": "Feature", "properties": {"name": "Litani River", "network": "331815211", "osm_way": 1164542833}, "geometry": {"type": "LineString", "coordinates": [[35.71767, 33.615645], [35.707299, 33.612333], [35.702943, 33.601378], [35.697561, 33.597729], [35.696897, 33.577023], [35.691507, 33.547958]]}}, {"type": "Feature", "properties": {"name": "Wadi Mudaysis", "network": "2083748467", "osm_way": 1180925965}, "geometry": {"type": "LineString", "coordinates": [[37.16366, 31.501634], [37.163443, 31.506117], [37.166276, 31.512593]]}}, {"type": "Feature", "properties": {"name": "Wadi Mudaysis", "network": "2083748467", "osm_way": 1180925966}, "geometry": {"type": "LineString", "coordinates": [[37.163515, 31.501468], [37.16366, 31.501634]]}}, {"type": "Feature", "properties": {"name": "WA\u0304Di\u0304 H\u0331US\u0331AYYIDAH UMM NAKHLAH", "network": "9252554129", "osm_way": 1181009443}, "geometry": {"type": "LineString", "coordinates": [[37.389717, 31.256322], [37.388996, 31.257204]]}}, {"type": "Feature", "properties": {"name": "WA\u0304Di\u0304 H\u0331US\u0331AYYIDAH UMM NAKHLAH", "network": "9252554129", "osm_way": 1181009444}, "geometry": {"type": "LineString", "coordinates": [[37.389872, 31.255615], [37.389717, 31.256322]]}}, {"type": "Feature", "properties": {"name": "\u0648\u0627\u062f\u064a \u062d\u0635\u064a\u062f\u0629 \u0627\u0644\u0641\u0635\u064a\u0627", "network": "9252554129", "osm_way": 1181009959}, "geometry": {"type": "LineString", "coordinates": [[37.360276, 31.251676], [37.361617, 31.258448]]}}, {"type": "Feature", "properties": {"name": "\u0648\u0627\u062f\u064a \u062d\u0635\u064a\u062f\u0629 \u0627\u0644\u0641\u0635\u064a\u0627", "network": "9252554129", "osm_way": 1181009960}, "geometry": {"type": "LineString", "coordinates": [[37.360052, 31.251095], [37.360276, 31.251676]]}}, {"type": "Feature", "properties": {"name": "\u0627\u0644\u0636\u0627\u062d\u0643\u064a\u0629", "network": "2083748467", "osm_way": 1181018455}, "geometry": {"type": "LineString", "coordinates": [[37.17899, 31.433103], [37.179172, 31.433584]]}}, {"type": "Feature", "properties": {"name": "\u0627\u0644\u0636\u0627\u062d\u0643\u064a\u0629", "network": "2083748467", "osm_way": 1181018456}, "geometry": {"type": "LineString", "coordinates": [[37.180481, 31.421723], [37.176468, 31.424708], [37.17899, 31.433103]]}}, {"type": "Feature", "properties": {"name": "", "network": "331815211", "osm_way": 1182459553}, "geometry": {"type": "LineString", "coordinates": [[35.909895, 33.801099], [35.907918, 33.791853], [35.901937, 33.786579]]}}, {"type": "Feature", "properties": {"name": "", "network": "331815211", "osm_way": 1182459554}, "geometry": {"type": "LineString", "coordinates": [[35.897801, 33.782959], [35.8914, 33.779667]]}}, {"type": "Feature", "properties": {"name": "", "network": "331815211", "osm_way": 1182459555}, "geometry": {"type": "LineString", "coordinates": [[35.901702, 33.786496], [35.897801, 33.782959]]}}, {"type": "Feature", "properties": {"name": "Nahal Yarmukh", "network": "31490214", "osm_way": 1194778773}, "geometry": {"type": "LineString", "coordinates": [[35.763861, 32.747787], [35.754817, 32.744214]]}}, {"type": "Feature", "properties": {"name": "Nahal Beersheba", "network": "332110084", "osm_way": 1195130250}, "geometry": {"type": "LineString", "coordinates": [[34.831108, 31.242947], [34.830214, 31.242678]]}}, {"type": "Feature", "properties": {"name": "Nahr el Aouali", "network": "559220103", "osm_way": 1199943800}, "geometry": {"type": "LineString", "coordinates": [[35.417264, 33.581217], [35.411291, 33.581565], [35.411206, 33.583759], [35.405168, 33.581511], [35.404788, 33.584466], [35.398962, 33.587002], [35.386052, 33.589063]]}}, {"type": "Feature", "properties": {"name": "Nahr el Jaouz", "network": "559212731", "osm_way": 1200587244}, "geometry": {"type": "LineString", "coordinates": [[35.730017, 34.26932], [35.72431, 34.274746]]}}, {"type": "Feature", "properties": {"name": "Nahr ez Zahrani", "network": "1099007961", "osm_way": 1201216427}, "geometry": {"type": "LineString", "coordinates": [[35.401389, 33.457493], [35.401922, 33.459392], [35.399733, 33.460748]]}}, {"type": "Feature", "properties": {"name": "Nahr ez Zahrani", "network": "1099007961", "osm_way": 1201216428}, "geometry": {"type": "LineString", "coordinates": [[35.488596, 33.425156], [35.484703, 33.43207], [35.474724, 33.436422]]}}, {"type": "Feature", "properties": {"name": "", "network": "5520503071", "osm_way": 1207750254}, "geometry": {"type": "LineString", "coordinates": [[36.2887, 31.364529], [36.285232, 31.366778], [36.286619, 31.370972], [36.282868, 31.373377], [36.282896, 31.384436], [36.267777, 31.384473], [36.260996, 31.386769], [36.255965, 31.384153]]}}, {"type": "Feature", "properties": {"name": "", "network": "5520503071", "osm_way": 1207750271}, "geometry": {"type": "LineString", "coordinates": [[36.11534, 31.402865], [36.114745, 31.400056], [36.111942, 31.398316], [36.114427, 31.396823], [36.113903, 31.3926], [36.115835, 31.391385]]}}, {"type": "Feature", "properties": {"name": "", "network": "5520503071", "osm_way": 1207750272}, "geometry": {"type": "LineString", "coordinates": [[36.115966, 31.391098], [36.114238, 31.385707]]}}, {"type": "Feature", "properties": {"name": "", "network": "5520503071", "osm_way": 1207750273}, "geometry": {"type": "LineString", "coordinates": [[36.115835, 31.391385], [36.115966, 31.391098]]}}, {"type": "Feature", "properties": {"name": "", "network": "5520503071", "osm_way": 1207750278}, "geometry": {"type": "LineString", "coordinates": [[36.126, 31.410426], [36.124408, 31.407361], [36.126616, 31.406125], [36.12182, 31.402307], [36.124912, 31.400473], [36.121643, 31.399477], [36.123334, 31.397332], [36.122152, 31.393322], [36.115835, 31.391385]]}}, {"type": "Feature", "properties": {"name": "Sayniq River", "network": "1055604266", "osm_way": 1207870565}, "geometry": {"type": "LineString", "coordinates": [[35.367887, 33.534369], [35.360852, 33.536723]]}}, {"type": "Feature", "properties": {"name": "Sayniq River", "network": "1055604266", "osm_way": 1208156929}, "geometry": {"type": "LineString", "coordinates": [[35.37542, 33.533774], [35.367887, 33.534369]]}}, {"type": "Feature", "properties": {"name": "Litani River", "network": "331815211", "osm_way": 1208276431}, "geometry": {"type": "LineString", "coordinates": [[35.732447, 33.611881], [35.726718, 33.615214], [35.719003, 33.613214], [35.71767, 33.615645]]}}, {"type": "Feature", "properties": {"name": "Litani River", "network": "331815211", "osm_way": 1208278720}, "geometry": {"type": "LineString", "coordinates": [[35.664848, 33.465316], [35.660017, 33.454436]]}}, {"type": "Feature", "properties": {"name": "Litani River", "network": "331815211", "osm_way": 1208511668}, "geometry": {"type": "LineString", "coordinates": [[35.307612, 33.323176], [35.302688, 33.325494], [35.297897, 33.323594]]}}, {"type": "Feature", "properties": {"name": "Nahr ez Zahrani", "network": "1099007961", "osm_way": 1211942769}, "geometry": {"type": "LineString", "coordinates": [[35.399733, 33.460748], [35.401873, 33.466243], [35.390572, 33.469519], [35.390161, 33.471129], [35.39249, 33.472145]]}}, {"type": "Feature", "properties": {"name": "Nahal Shikma", "network": "1294163113", "osm_way": 1214069089}, "geometry": {"type": "LineString", "coordinates": [[34.627454, 31.550356], [34.620998, 31.550369]]}}, {"type": "Feature", "properties": {"name": "Nahal Shikma", "network": "1294163113", "osm_way": 1214069090}, "geometry": {"type": "LineString", "coordinates": [[34.620998, 31.550369], [34.620893, 31.55032]]}}, {"type": "Feature", "properties": {"name": "Wadi al-Arish", "network": "2657503637", "osm_way": 1219443096}, "geometry": {"type": "LineString", "coordinates": [[33.835752, 31.059106], [33.836244, 31.061954], [33.821498, 31.068593], [33.815089, 31.074518], [33.813786, 31.078434], [33.816219, 31.083457], [33.815043, 31.098037]]}}, {"type": "Feature", "properties": {"name": "Wadi al-Arish", "network": "2657503637", "osm_way": 1219443097}, "geometry": {"type": "LineString", "coordinates": [[33.815043, 31.098037], [33.815028, 31.098676]]}}, {"type": "Feature", "properties": {"name": "Nahal HaBsor", "network": "332110084", "osm_way": 1228520064}, "geometry": {"type": "LineString", "coordinates": [[34.428108, 31.420035], [34.425055, 31.420029]]}}, {"type": "Feature", "properties": {"name": "Nahal HaBsor", "network": "332110084", "osm_way": 1228520065}, "geometry": {"type": "LineString", "coordinates": [[34.428317, 31.420019], [34.428108, 31.420035]]}}, {"type": "Feature", "properties": {"name": "Nahal Yarkon", "network": "29942421", "osm_way": 1234004753}, "geometry": {"type": "LineString", "coordinates": [[34.8253, 32.105184], [34.822871, 32.103612], [34.824424, 32.102472], [34.82113, 32.101258], [34.822639, 32.09917], [34.819758, 32.09618], [34.815746, 32.098185], [34.81335, 32.095831], [34.808504, 32.096308]]}}, {"type": "Feature", "properties": {"name": "\u0648\u0627\u062f\u064a \u0645\u0628\u0631\u0643", "network": "140777794", "osm_way": 1251941852}, "geometry": {"type": "LineString", "coordinates": [[34.955078, 29.296078], [34.950208, 29.30027]]}}, {"type": "Feature", "properties": {"name": "\u0648\u0627\u062f\u064a \u0645\u0628\u0631\u0643", "network": "140777794", "osm_way": 1251941853}, "geometry": {"type": "LineString", "coordinates": [[34.962319, 29.292538], [34.955078, 29.296078]]}}, {"type": "Feature", "properties": {"name": "\u0648\u0627\u062f\u064a \u0645\u0628\u0631\u0643", "network": "140777794", "osm_way": 1251941854}, "geometry": {"type": "LineString", "coordinates": [[34.962859, 29.292401], [34.962319, 29.292538]]}}, {"type": "Feature", "properties": {"name": "", "network": "2126935401", "osm_way": 1253654102}, "geometry": {"type": "LineString", "coordinates": [[35.484318, 29.293015], [35.490488, 29.292823], [35.498948, 29.296675], [35.503843, 29.293101], [35.510272, 29.296376], [35.512981, 29.301908], [35.51988, 29.302317], [35.522256, 29.304789], [35.532878, 29.301875], [35.540383, 29.294142], [35.540149, 29.291644], [35.553882, 29.285882], [35.579561, 29.291401], [35.592883, 29.291993], [35.592558, 29.296271], [35.599295, 29.295165], [35.604303, 29.300362], [35.607993, 29.299299], [35.610727, 29.302558], [35.616822, 29.303663], [35.633666, 29.324063], [35.634645, 29.335315], [35.63836, 29.34249], [35.648796, 29.34632], [35.656029, 29.358249], [35.659825, 29.368863], [35.666213, 29.371648]]}}, {"type": "Feature", "properties": {"name": "Barada River", "network": "353651482", "osm_way": 1255489733}, "geometry": {"type": "LineString", "coordinates": [[36.336169, 33.512339], [36.336676, 33.512119]]}}, {"type": "Feature", "properties": {"name": "Barada River", "network": "353651482", "osm_way": 1255489736}, "geometry": {"type": "LineString", "coordinates": [[36.341089, 33.509391], [36.34679, 33.507978]]}}, {"type": "Feature", "properties": {"name": "", "network": "353651482", "osm_way": 1255489737}, "geometry": {"type": "LineString", "coordinates": [[36.335534, 33.512547], [36.33637, 33.512438]]}}, {"type": "Feature", "properties": {"name": "", "network": "353651482", "osm_way": 1255489738}, "geometry": {"type": "LineString", "coordinates": [[36.33637, 33.512438], [36.336744, 33.512271]]}}, {"type": "Feature", "properties": {"name": "", "network": "353651482", "osm_way": 1255489739}, "geometry": {"type": "LineString", "coordinates": [[36.336744, 33.512271], [36.337256, 33.51212]]}}, {"type": "Feature", "properties": {"name": "Barada River", "network": "353651482", "osm_way": 1255489742}, "geometry": {"type": "LineString", "coordinates": [[36.340979, 33.509201], [36.34476, 33.507722]]}}, {"type": "Feature", "properties": {"name": "", "network": "353651482", "osm_way": 1255489743}, "geometry": {"type": "LineString", "coordinates": [[36.338, 33.511586], [36.340225, 33.510028]]}}, {"type": "Feature", "properties": {"name": "", "network": "353651482", "osm_way": 1255489744}, "geometry": {"type": "LineString", "coordinates": [[36.34137, 33.510088], [36.343203, 33.509386]]}}, {"type": "Feature", "properties": {"name": "", "network": "353651482", "osm_way": 1255489745}, "geometry": {"type": "LineString", "coordinates": [[36.343203, 33.509386], [36.34471, 33.509309]]}}, {"type": "Feature", "properties": {"name": "Barada River", "network": "353651482", "osm_way": 1255489746}, "geometry": {"type": "LineString", "coordinates": [[36.335061, 33.512676], [36.335702, 33.512412]]}}, {"type": "Feature", "properties": {"name": "Barada River", "network": "353651482", "osm_way": 1255489747}, "geometry": {"type": "LineString", "coordinates": [[36.334877, 33.512732], [36.33498, 33.512721]]}}, {"type": "Feature", "properties": {"name": "", "network": "353651482", "osm_way": 1255489758}, "geometry": {"type": "LineString", "coordinates": [[36.34045, 33.510215], [36.341235, 33.510074]]}}, {"type": "Feature", "properties": {"name": "", "network": "353651482", "osm_way": 1255489759}, "geometry": {"type": "LineString", "coordinates": [[36.341235, 33.510074], [36.34137, 33.510088]]}}, {"type": "Feature", "properties": {"name": "Barada River", "network": "353651482", "osm_way": 1255489760}, "geometry": {"type": "LineString", "coordinates": [[36.337124, 33.511825], [36.340872, 33.509268]]}}, {"type": "Feature", "properties": {"name": "Barada River", "network": "353651482", "osm_way": 1255489761}, "geometry": {"type": "LineString", "coordinates": [[36.340872, 33.509268], [36.340979, 33.509201]]}}, {"type": "Feature", "properties": {"name": "Barada River", "network": "353651482", "osm_way": 1255489762}, "geometry": {"type": "LineString", "coordinates": [[36.332944, 33.512799], [36.333062, 33.512793]]}}, {"type": "Feature", "properties": {"name": "Barada River", "network": "353651482", "osm_way": 1255489763}, "geometry": {"type": "LineString", "coordinates": [[36.345068, 33.507637], [36.346702, 33.506868]]}}, {"type": "Feature", "properties": {"name": "Barada River", "network": "353651482", "osm_way": 1255489764}, "geometry": {"type": "LineString", "coordinates": [[36.34476, 33.507722], [36.344877, 33.507709]]}}, {"type": "Feature", "properties": {"name": "Barada River", "network": "353651482", "osm_way": 1255489765}, "geometry": {"type": "LineString", "coordinates": [[36.344877, 33.507709], [36.345018, 33.507709]]}}, {"type": "Feature", "properties": {"name": "Barada River", "network": "353651482", "osm_way": 1255489766}, "geometry": {"type": "LineString", "coordinates": [[36.345018, 33.507709], [36.345068, 33.507637]]}}, {"type": "Feature", "properties": {"name": "Barada River", "network": "353651482", "osm_way": 1255489767}, "geometry": {"type": "LineString", "coordinates": [[36.346821, 33.506867], [36.347996, 33.506765]]}}, {"type": "Feature", "properties": {"name": "Barada River", "network": "353651482", "osm_way": 1255489768}, "geometry": {"type": "LineString", "coordinates": [[36.346702, 33.506868], [36.346821, 33.506867]]}}, {"type": "Feature", "properties": {"name": "Barada River", "network": "353651482", "osm_way": 1255489770}, "geometry": {"type": "LineString", "coordinates": [[36.34679, 33.507978], [36.346918, 33.507962]]}}, {"type": "Feature", "properties": {"name": "", "network": "353651482", "osm_way": 1255489771}, "geometry": {"type": "LineString", "coordinates": [[36.34471, 33.509309], [36.3469, 33.508774]]}}, {"type": "Feature", "properties": {"name": "", "network": "353651482", "osm_way": 1255489772}, "geometry": {"type": "LineString", "coordinates": [[36.3469, 33.508774], [36.34703, 33.508776]]}}, {"type": "Feature", "properties": {"name": "Barada River", "network": "353651482", "osm_way": 1255489773}, "geometry": {"type": "LineString", "coordinates": [[36.357171, 33.510528], [36.361372, 33.511084]]}}, {"type": "Feature", "properties": {"name": "Barada River", "network": "353651482", "osm_way": 1255489774}, "geometry": {"type": "LineString", "coordinates": [[36.357023, 33.51048], [36.357171, 33.510528]]}}, {"type": "Feature", "properties": {"name": "Barada River", "network": "353651482", "osm_way": 1256637635}, "geometry": {"type": "LineString", "coordinates": [[36.326661, 33.511054], [36.328886, 33.511558]]}}, {"type": "Feature", "properties": {"name": "Barada River", "network": "353651482", "osm_way": 1256637636}, "geometry": {"type": "LineString", "coordinates": [[36.324709, 33.511454], [36.326661, 33.511054]]}}, {"type": "Feature", "properties": {"name": "", "network": "353651482", "osm_way": 1256637637}, "geometry": {"type": "LineString", "coordinates": [[36.335115, 33.512727], [36.335534, 33.512547]]}}, {"type": "Feature", "properties": {"name": "Barada River", "network": "353651482", "osm_way": 1256637638}, "geometry": {"type": "LineString", "coordinates": [[36.33498, 33.512721], [36.335061, 33.512676]]}}, {"type": "Feature", "properties": {"name": "", "network": "353651482", "osm_way": 1256637639}, "geometry": {"type": "LineString", "coordinates": [[36.33498, 33.512721], [36.335115, 33.512727]]}}, {"type": "Feature", "properties": {"name": "", "network": "353651482", "osm_way": 1256637640}, "geometry": {"type": "LineString", "coordinates": [[36.335702, 33.512412], [36.336169, 33.512339]]}}, {"type": "Feature", "properties": {"name": "Barada River", "network": "353651482", "osm_way": 1256637641}, "geometry": {"type": "LineString", "coordinates": [[36.337256, 33.51212], [36.341011, 33.509451]]}}, {"type": "Feature", "properties": {"name": "Barada River", "network": "353651482", "osm_way": 1256637642}, "geometry": {"type": "LineString", "coordinates": [[36.341011, 33.509451], [36.341089, 33.509391]]}}, {"type": "Feature", "properties": {"name": "", "network": "353651482", "osm_way": 1256637643}, "geometry": {"type": "LineString", "coordinates": [[36.366829, 33.514765], [36.3672, 33.51512]]}}, {"type": "Feature", "properties": {"name": "", "network": "353651482", "osm_way": 1256637644}, "geometry": {"type": "LineString", "coordinates": [[36.38593, 33.524311], [36.38935, 33.524838]]}}, {"type": "Feature", "properties": {"name": "", "network": "353651482", "osm_way": 1256637645}, "geometry": {"type": "LineString", "coordinates": [[36.38214, 33.524534], [36.382353, 33.524526]]}}, {"type": "Feature", "properties": {"name": "", "network": "353651482", "osm_way": 1256637646}, "geometry": {"type": "LineString", "coordinates": [[36.390686, 33.5243], [36.392789, 33.524022]]}}, {"type": "Feature", "properties": {"name": "", "network": "353651482", "osm_way": 1256637649}, "geometry": {"type": "LineString", "coordinates": [[36.390177, 33.524492], [36.391848, 33.522633]]}}, {"type": "Feature", "properties": {"name": "", "network": "353651482", "osm_way": 1256637650}, "geometry": {"type": "LineString", "coordinates": [[36.390049, 33.524613], [36.390177, 33.524492]]}}, {"type": "Feature", "properties": {"name": "", "network": "353651482", "osm_way": 1256637651}, "geometry": {"type": "LineString", "coordinates": [[36.382353, 33.524526], [36.385809, 33.524282]]}}, {"type": "Feature", "properties": {"name": "", "network": "353651482", "osm_way": 1256637652}, "geometry": {"type": "LineString", "coordinates": [[36.385809, 33.524282], [36.38593, 33.524311]]}}, {"type": "Feature", "properties": {"name": "", "network": "353651482", "osm_way": 1256637653}, "geometry": {"type": "LineString", "coordinates": [[36.389446, 33.524838], [36.390049, 33.524613]]}}, {"type": "Feature", "properties": {"name": "", "network": "353651482", "osm_way": 1256637654}, "geometry": {"type": "LineString", "coordinates": [[36.38935, 33.524838], [36.389446, 33.524838]]}}, {"type": "Feature", "properties": {"name": "Nahr ed Damour", "network": "559220068", "osm_way": 1262611029}, "geometry": {"type": "LineString", "coordinates": [[35.520596, 33.706121], [35.513442, 33.706296], [35.50561, 33.702345], [35.501113, 33.704516], [35.5008, 33.702002], [35.49811, 33.703127], [35.47529, 33.698246], [35.471356, 33.701249], [35.467399, 33.701529], [35.467329, 33.704491], [35.463177, 33.703356], [35.454191, 33.707523], [35.452317, 33.703879], [35.438964, 33.705815]]}}, {"type": "Feature", "properties": {"name": "Nahr ed Damour", "network": "559220068", "osm_way": 1263344030}, "geometry": {"type": "LineString", "coordinates": [[35.558357, 33.721679], [35.545851, 33.718165], [35.540728, 33.711954], [35.520596, 33.706121]]}}, {"type": "Feature", "properties": {"name": "", "network": "353651482", "osm_way": 1271857326}, "geometry": {"type": "LineString", "coordinates": [[36.260299, 33.51423], [36.261789, 33.513575]]}}, {"type": "Feature", "properties": {"name": "", "network": "353651482", "osm_way": 1271857327}, "geometry": {"type": "LineString", "coordinates": [[36.261789, 33.513575], [36.26192, 33.513585]]}}, {"type": "Feature", "properties": {"name": "", "network": "353651482", "osm_way": 1271857328}, "geometry": {"type": "LineString", "coordinates": [[36.261926, 33.513586], [36.262154, 33.513607]]}}, {"type": "Feature", "properties": {"name": "", "network": "353651482", "osm_way": 1271857329}, "geometry": {"type": "LineString", "coordinates": [[36.26192, 33.513585], [36.261926, 33.513586]]}}, {"type": "Feature", "properties": {"name": "", "network": "353651482", "osm_way": 1271857330}, "geometry": {"type": "LineString", "coordinates": [[36.261699, 33.513567], [36.261797, 33.513598]]}}, {"type": "Feature", "properties": {"name": "", "network": "353651482", "osm_way": 1271857331}, "geometry": {"type": "LineString", "coordinates": [[36.261797, 33.513598], [36.262235, 33.513726]]}}, {"type": "Feature", "properties": {"name": "", "network": "11817982436", "osm_way": 1272675784}, "geometry": {"type": "LineString", "coordinates": [[37.236251, 31.454997], [37.235087, 31.453177], [37.23743, 31.441562]]}}, {"type": "Feature", "properties": {"name": "", "network": "11817982436", "osm_way": 1272675785}, "geometry": {"type": "LineString", "coordinates": [[37.2365, 31.455222], [37.236251, 31.454997]]}}, {"type": "Feature", "properties": {"name": "\u0648\u0627\u062f\u064a \u062d\u0635\u064a\u062f\u0629 \u0623\u0645 \u0637\u0644\u062d\u0629", "network": "8674440339", "osm_way": 1272675786}, "geometry": {"type": "LineString", "coordinates": [[37.275683, 31.430453], [37.27954, 31.431922], [37.284808, 31.429817], [37.287619, 31.436554], [37.28911, 31.449314]]}}, {"type": "Feature", "properties": {"name": "\u0648\u0627\u062f\u064a \u062d\u0635\u064a\u062f\u0629 \u0623\u0645 \u0637\u0644\u062d\u0629", "network": "8674440339", "osm_way": 1272675787}, "geometry": {"type": "LineString", "coordinates": [[37.275018, 31.429878], [37.275683, 31.430453]]}}, {"type": "Feature", "properties": {"name": "", "network": "11817982436", "osm_way": 1272675813}, "geometry": {"type": "LineString", "coordinates": [[37.220208, 31.465345], [37.221609, 31.460293], [37.226023, 31.458037], [37.226356, 31.449967], [37.233333, 31.44591], [37.239207, 31.437757], [37.245776, 31.436735]]}}, {"type": "Feature", "properties": {"name": "", "network": "11817982436", "osm_way": 1272675818}, "geometry": {"type": "LineString", "coordinates": [[37.245927, 31.506364], [37.234671, 31.503506], [37.229834, 31.488717], [37.235593, 31.47104], [37.234331, 31.467995], [37.23556, 31.461863], [37.238062, 31.458689], [37.2365, 31.455222]]}}, {"type": "Feature", "properties": {"name": "", "network": "11817982436", "osm_way": 1272675829}, "geometry": {"type": "LineString", "coordinates": [[37.220357, 31.465518], [37.220208, 31.465345]]}}, {"type": "Feature", "properties": {"name": "", "network": "11817982436", "osm_way": 1272675833}, "geometry": {"type": "LineString", "coordinates": [[37.218912, 31.481237], [37.215904, 31.475659], [37.219856, 31.46965], [37.220357, 31.465518]]}}, {"type": "Feature", "properties": {"name": "", "network": "11817975046", "osm_way": 1272678972}, "geometry": {"type": "LineString", "coordinates": [[37.356091, 31.504691], [37.363404, 31.495597], [37.358625, 31.490917], [37.344224, 31.485572]]}}, {"type": "Feature", "properties": {"name": "", "network": "11817975046", "osm_way": 1272678978}, "geometry": {"type": "LineString", "coordinates": [[37.332551, 31.482675], [37.340109, 31.472585], [37.33731, 31.469545], [37.335994, 31.463031], [37.338088, 31.45478]]}}, {"type": "Feature", "properties": {"name": "", "network": "11817975046", "osm_way": 1272678980}, "geometry": {"type": "LineString", "coordinates": [[37.348366, 31.512866], [37.344059, 31.510697], [37.33807, 31.512095], [37.329771, 31.507027], [37.32713, 31.503286], [37.328281, 31.49798], [37.331704, 31.493766], [37.337551, 31.491859], [37.339965, 31.487015], [37.344224, 31.485572]]}}, {"type": "Feature", "properties": {"name": "", "network": "11817975046", "osm_way": 1272678985}, "geometry": {"type": "LineString", "coordinates": [[37.341521, 31.500421], [37.340054, 31.497511], [37.344879, 31.490295], [37.345325, 31.476493], [37.340083, 31.47186]]}}, {"type": "Feature", "properties": {"name": "", "network": "9388975216", "osm_way": 1272683394}, "geometry": {"type": "LineString", "coordinates": [[37.381411, 31.545417], [37.380279, 31.547722], [37.371457, 31.549352], [37.365623, 31.549311], [37.363116, 31.546442], [37.359728, 31.54675]]}}, {"type": "Feature", "properties": {"name": "", "network": "9388975216", "osm_way": 1272705572}, "geometry": {"type": "LineString", "coordinates": [[37.417223, 31.574514], [37.417503, 31.570397], [37.411494, 31.573055], [37.403115, 31.574569], [37.399864, 31.573141], [37.393014, 31.575293], [37.374458, 31.568313], [37.367932, 31.568439], [37.357931, 31.561966], [37.348795, 31.564453], [37.342787, 31.563183], [37.338324, 31.56615]]}}, {"type": "Feature", "properties": {"name": "", "network": "11818327821", "osm_way": 1272714736}, "geometry": {"type": "LineString", "coordinates": [[37.565625, 31.551318], [37.56661, 31.549038], [37.559984, 31.543901], [37.554601, 31.533395], [37.546559, 31.531575], [37.544629, 31.520806], [37.534254, 31.519697], [37.525046, 31.522077], [37.521302, 31.521118], [37.51917, 31.518294], [37.504845, 31.514202], [37.490195, 31.51324], [37.486583, 31.505454], [37.487006, 31.500737], [37.480211, 31.496064], [37.479777, 31.493923], [37.482111, 31.492095]]}}, {"type": "Feature", "properties": {"name": "", "network": "5814198516", "osm_way": 1272727608}, "geometry": {"type": "LineString", "coordinates": [[37.605423, 31.229096], [37.600511, 31.2365], [37.589824, 31.243131], [37.590795, 31.256019]]}}, {"type": "Feature", "properties": {"name": "", "network": "5814198516", "osm_way": 1272727609}, "geometry": {"type": "LineString", "coordinates": [[37.605413, 31.228835], [37.605423, 31.229096]]}}, {"type": "Feature", "properties": {"name": "", "network": "5814198516", "osm_way": 1272727631}, "geometry": {"type": "LineString", "coordinates": [[37.63298, 31.097488], [37.636308, 31.12177], [37.633883, 31.123952], [37.633323, 31.133509], [37.634728, 31.139596], [37.639695, 31.14446], [37.634333, 31.160303], [37.637594, 31.168556], [37.625498, 31.177661], [37.618599, 31.191024], [37.607324, 31.201839], [37.605717, 31.210403], [37.607434, 31.217782], [37.605413, 31.228835]]}}, {"type": "Feature", "properties": {"name": "", "network": "5814198516", "osm_way": 1272727633}, "geometry": {"type": "LineString", "coordinates": [[37.70452, 31.093845], [37.684527, 31.095397], [37.666665, 31.103739], [37.665381, 31.107108], [37.667012, 31.111107], [37.662625, 31.123725], [37.664656, 31.133468], [37.646491, 31.143797], [37.642128, 31.14895], [37.642224, 31.154449], [37.64895, 31.165906], [37.650852, 31.174872], [37.64418, 31.201529], [37.629198, 31.206684], [37.622702, 31.211]]}}, {"type": "Feature", "properties": {"name": "", "network": "9252168754", "osm_way": 1272969571}, "geometry": {"type": "LineString", "coordinates": [[37.668815, 30.721307], [37.678299, 30.726712], [37.687912, 30.73693], [37.693684, 30.740342], [37.695787, 30.74558], [37.695272, 30.758838], [37.698512, 30.766545]]}}, {"type": "Feature", "properties": {"name": "", "network": "11826876289", "osm_way": 1273590872}, "geometry": {"type": "LineString", "coordinates": [[37.875685, 31.444286], [37.871904, 31.436844], [37.862659, 31.431532], [37.853076, 31.413919], [37.849194, 31.410183], [37.833513, 31.402121], [37.82326, 31.399584], [37.815481, 31.399841], [37.813446, 31.397217], [37.806854, 31.396483], [37.808029, 31.390674], [37.806035, 31.387037], [37.813135, 31.379708], [37.812498, 31.373028], [37.820431, 31.365354], [37.821737, 31.361373], [37.816951, 31.355382], [37.816705, 31.351801], [37.810401, 31.34996], [37.812751, 31.345293], [37.812178, 31.339454], [37.810591, 31.330921], [37.806381, 31.323084], [37.802429, 31.320791], [37.78961, 31.319889], [37.779971, 31.312518], [37.77576, 31.303375]]}}, {"type": "Feature", "properties": {"name": "", "network": "11826876289", "osm_way": 1273590877}, "geometry": {"type": "LineString", "coordinates": [[37.794482, 31.301534], [37.789621, 31.302946], [37.783323, 31.298823], [37.776403, 31.303568]]}}, {"type": "Feature", "properties": {"name": "", "network": "140777794", "osm_way": 1274243972}, "geometry": {"type": "LineString", "coordinates": [[35.111092, 29.250853], [35.110642, 29.25411], [35.105889, 29.258238], [35.102788, 29.266882], [35.096519, 29.276016]]}}, {"type": "Feature", "properties": {"name": "", "network": "10079468853", "osm_way": 1274243973}, "geometry": {"type": "LineString", "coordinates": [[35.085351, 29.236223], [35.06587, 29.237204]]}}, {"type": "Feature", "properties": {"name": "", "network": "140777794", "osm_way": 1274243981}, "geometry": {"type": "LineString", "coordinates": [[35.067976, 29.240544], [35.055517, 29.244787], [35.05262, 29.248204], [35.051311, 29.254073], [35.041076, 29.259483], [35.040432, 29.262394], [35.043403, 29.27116]]}}, {"type": "Feature", "properties": {"name": "", "network": "140777794", "osm_way": 1274243983}, "geometry": {"type": "LineString", "coordinates": [[35.103236, 29.23778], [35.092996, 29.239444], [35.081062, 29.24767], [35.055018, 29.253751], [35.04951, 29.270738]]}}, {"type": "Feature", "properties": {"name": "", "network": "140777794", "osm_way": 1274243993}, "geometry": {"type": "LineString", "coordinates": [[35.073804, 29.268218], [35.067034, 29.269601], [35.06183, 29.273125]]}}, {"type": "Feature", "properties": {"name": "", "network": "11840529397", "osm_way": 1275175485}, "geometry": {"type": "LineString", "coordinates": [[37.663944, 31.584771], [37.646513, 31.583792], [37.64038, 31.581434], [37.63627, 31.576704], [37.631006, 31.575844], [37.626779, 31.562347]]}}, {"type": "Feature", "properties": {"name": "", "network": "11840529395", "osm_way": 1275175486}, "geometry": {"type": "LineString", "coordinates": [[37.802539, 31.609983], [37.793709, 31.606064], [37.787857, 31.599284], [37.785081, 31.599017], [37.782071, 31.593049], [37.776832, 31.588796], [37.747989, 31.583959], [37.737722, 31.587276], [37.733095, 31.586994], [37.728607, 31.590574], [37.717639, 31.585299], [37.709062, 31.58548], [37.703204, 31.582537], [37.698, 31.583593], [37.686186, 31.581676], [37.675531, 31.583183]]}}, {"type": "Feature", "properties": {"name": "", "network": "11840529397", "osm_way": 1275175487}, "geometry": {"type": "LineString", "coordinates": [[37.704134, 31.559815], [37.700925, 31.562593], [37.694957, 31.560188], [37.681508, 31.56336], [37.671082, 31.555602], [37.657338, 31.552707], [37.650719, 31.557784], [37.636334, 31.560176], [37.631873, 31.558943], [37.626779, 31.562347], [37.617131, 31.557299], [37.612231, 31.544924]]}}, {"type": "Feature", "properties": {"name": "", "network": "9226944176", "osm_way": 1275204653}, "geometry": {"type": "LineString", "coordinates": [[37.8267, 31.685107], [37.820902, 31.683328], [37.810514, 31.685542], [37.806737, 31.691577], [37.800064, 31.69328], [37.782866, 31.691093], [37.776715, 31.692919]]}}, {"type": "Feature", "properties": {"name": "", "network": "9226944176", "osm_way": 1275204654}, "geometry": {"type": "LineString", "coordinates": [[37.809191, 31.659207], [37.795652, 31.671559], [37.790697, 31.679717], [37.777937, 31.684534], [37.774748, 31.692919]]}}, {"type": "Feature", "properties": {"name": "", "network": "9253420929", "osm_way": 1286787767}, "geometry": {"type": "LineString", "coordinates": [[37.795715, 30.384407], [37.81036, 30.383997], [37.817793, 30.385794], [37.842423, 30.40105], [37.871225, 30.426469], [37.885183, 30.442761], [37.906394, 30.457756]]}}, {"type": "Feature", "properties": {"name": "Hala-Yahfoufa River", "network": "331815211", "osm_way": 1287067788}, "geometry": {"type": "LineString", "coordinates": [[35.989636, 33.846567], [35.984403, 33.846456]]}}, {"type": "Feature", "properties": {"name": "Nahr Jaair", "network": "331815211", "osm_way": 1294658590}, "geometry": {"type": "LineString", "coordinates": [[35.850501, 33.785064], [35.853781, 33.777322], [35.851655, 33.772019]]}}, {"type": "Feature", "properties": {"name": "Litani River", "network": "331815211", "osm_way": 1295385692}, "geometry": {"type": "LineString", "coordinates": [[35.818608, 33.690076], [35.817241, 33.685913], [35.818922, 33.669557], [35.81154, 33.666733]]}}, {"type": "Feature", "properties": {"name": "Ghzayyel River", "network": "331815211", "osm_way": 1295385693}, "geometry": {"type": "LineString", "coordinates": [[35.829128, 33.69867], [35.827694, 33.695471], [35.818996, 33.690059]]}}, {"type": "Feature", "properties": {"name": "", "network": "29942421", "osm_way": 1297410130}, "geometry": {"type": "LineString", "coordinates": [[34.826842, 32.105379], [34.8253, 32.105184]]}}, {"type": "Feature", "properties": {"name": "Nahal Yarkon", "network": "29942421", "osm_way": 1297410133}, "geometry": {"type": "LineString", "coordinates": [[34.826842, 32.105379], [34.826738, 32.106174]]}}, {"type": "Feature", "properties": {"name": "Ayalon River", "network": "29942400", "osm_way": 1305596830}, "geometry": {"type": "LineString", "coordinates": [[34.802828, 32.09437], [34.804664, 32.097664], [34.801662, 32.099891]]}}, {"type": "Feature", "properties": {"name": "", "network": "9369244896", "osm_way": 1314102495}, "geometry": {"type": "LineString", "coordinates": [[37.151942, 29.620492], [37.151854, 29.630107], [37.144549, 29.635441], [37.148109, 29.641907], [37.138861, 29.66726], [37.144412, 29.669917], [37.14466, 29.675785], [37.142469, 29.698043], [37.135828, 29.70579], [37.141212, 29.708199], [37.142, 29.711515], [37.138802, 29.724405], [37.135158, 29.724956], [37.134393, 29.72725]]}}, {"type": "Feature", "properties": {"name": "", "network": "9369235102", "osm_way": 1314102496}, "geometry": {"type": "LineString", "coordinates": [[37.182691, 29.584326], [37.189518, 29.599987], [37.197917, 29.608651], [37.196665, 29.614864], [37.20536, 29.627274], [37.206331, 29.636381], [37.208636, 29.639314]]}}, {"type": "Feature", "properties": {"name": "", "network": "9373017977", "osm_way": 1314102498}, "geometry": {"type": "LineString", "coordinates": [[37.710593, 29.724047], [37.696998, 29.77581], [37.698667, 29.787219], [37.705838, 29.795539], [37.701228, 29.801242], [37.701949, 29.807612], [37.695932, 29.813237], [37.694989, 29.82067], [37.697948, 29.826436], [37.700371, 29.842153], [37.703363, 29.842963], [37.708844, 29.838632], [37.712549, 29.838908], [37.714167, 29.844289], [37.712549, 29.854518], [37.72025, 29.855562], [37.726593, 29.863441]]}}, {"type": "Feature", "properties": {"name": "", "network": "9373017977", "osm_way": 1314102504}, "geometry": {"type": "LineString", "coordinates": [[37.771114, 29.977784], [37.764443, 29.995368], [37.755024, 30.010685], [37.752113, 30.022064]]}}, {"type": "Feature", "properties": {"name": "", "network": "9500238755", "osm_way": 1314102508}, "geometry": {"type": "LineString", "coordinates": [[37.455289, 29.432867], [37.462648, 29.435127], [37.466524, 29.439177], [37.467462, 29.449972], [37.472583, 29.461964], [37.468269, 29.468281], [37.466833, 29.474656], [37.461844, 29.480199], [37.460983, 29.490557], [37.43969, 29.525585], [37.433341, 29.540388], [37.444281, 29.549182], [37.443213, 29.560029], [37.446443, 29.564853], [37.451802, 29.567721], [37.452743, 29.577661], [37.451356, 29.583374], [37.458597, 29.588226], [37.461636, 29.593344], [37.454686, 29.601046], [37.457014, 29.607199], [37.457442, 29.622709], [37.454491, 29.627847], [37.447125, 29.632877], [37.445915, 29.635892], [37.447607, 29.642614]]}}, {"type": "Feature", "properties": {"name": "", "network": "9398677541", "osm_way": 1314291232}, "geometry": {"type": "LineString", "coordinates": [[36.570203, 29.746535], [36.553828, 29.740568], [36.5533, 29.734864], [36.550309, 29.729591], [36.536355, 29.720824], [36.523906, 29.707473], [36.517174, 29.704315], [36.503538, 29.701844], [36.496599, 29.697371], [36.489772, 29.680445], [36.48581, 29.676332], [36.493904, 29.657035], [36.493799, 29.652742], [36.490274, 29.646536], [36.495671, 29.641416], [36.495693, 29.636242], [36.473236, 29.611195], [36.451105, 29.597565], [36.44592, 29.590028]]}}, {"type": "Feature", "properties": {"name": "", "network": "9500495262", "osm_way": 1314291236}, "geometry": {"type": "LineString", "coordinates": [[36.629148, 29.737523], [36.621304, 29.722537], [36.614917, 29.714852], [36.592652, 29.704555], [36.583045, 29.693327], [36.573706, 29.688188], [36.569154, 29.680685], [36.568704, 29.667695], [36.565096, 29.661158], [36.546824, 29.658206], [36.510355, 29.644512], [36.495874, 29.641907]]}}, {"type": "Feature", "properties": {"name": "", "network": "9398677541", "osm_way": 1314291237}, "geometry": {"type": "LineString", "coordinates": [[36.670132, 29.421644], [36.667291, 29.433362], [36.660973, 29.440948], [36.658398, 29.448892], [36.661887, 29.464997], [36.655429, 29.476011], [36.649251, 29.477549], [36.641525, 29.476358], [36.638411, 29.477974], [36.637779, 29.48505], [36.632577, 29.490191], [36.623413, 29.508676], [36.626526, 29.519086], [36.626311, 29.524769], [36.610425, 29.53124], [36.595634, 29.54584], [36.590192, 29.553268], [36.578756, 29.562962], [36.578078, 29.573065]]}}, {"type": "Feature", "properties": {"name": "\u0648\u0627\u062f\u064a \u0627\u0644\u0644\u062d\u0627\u0648\u064a", "network": "12164848412", "osm_way": 1314293336}, "geometry": {"type": "LineString", "coordinates": [[36.71412, 29.136043], [36.707404, 29.147844], [36.699953, 29.148712], [36.698833, 29.152494], [36.687044, 29.161154], [36.680667, 29.169175], [36.674781, 29.171345], [36.672133, 29.177186], [36.659896, 29.186296], [36.658195, 29.190393], [36.643655, 29.195832], [36.634287, 29.212385], [36.622253, 29.219823], [36.621471, 29.226914], [36.615668, 29.231806], [36.611895, 29.244475], [36.609406, 29.246904], [36.593643, 29.246699], [36.587333, 29.253763], [36.569347, 29.253888], [36.557802, 29.266259], [36.543725, 29.274874], [36.536, 29.277019], [36.522656, 29.277096], [36.512582, 29.283353], [36.503606, 29.279889], [36.495888, 29.280342], [36.480898, 29.269212], [36.470232, 29.266827]]}}, {"type": "Feature", "properties": {"name": "\u0648\u0627\u062f\u064a \u0627\u0644\u0644\u062d\u0627\u0648\u064a", "network": "12164848414", "osm_way": 1314293346}, "geometry": {"type": "LineString", "coordinates": [[36.466498, 29.266162], [36.456479, 29.264541], [36.438732, 29.255112], [36.432191, 29.257138], [36.425778, 29.254768], [36.414845, 29.256527], [36.405921, 29.254006], [36.396249, 29.259356], [36.371938, 29.253659], [36.363497, 29.244319], [36.356432, 29.243657], [36.339426, 29.235594], [36.333675, 29.236829], [36.322904, 29.230538], [36.309729, 29.227317], [36.304665, 29.220875], [36.30136, 29.208402], [36.29591, 29.197838]]}}, {"type": "Feature", "properties": {"name": "", "network": "12164923111", "osm_way": 1314304241}, "geometry": {"type": "LineString", "coordinates": [[36.582026, 29.201167], [36.585488, 29.196812], [36.584948, 29.194583], [36.568539, 29.187464], [36.56785, 29.184467], [36.562994, 29.181726], [36.560434, 29.177099], [36.543252, 29.167607], [36.533755, 29.167884], [36.531276, 29.16956], [36.523884, 29.167233], [36.519868, 29.169766], [36.510996, 29.170616], [36.500832, 29.167313], [36.487187, 29.172293], [36.47708, 29.171326], [36.450852, 29.160948], [36.433528, 29.166133], [36.42706, 29.160976], [36.41597, 29.16046], [36.403648, 29.165283], [36.39589, 29.165938], [36.390617, 29.169373], [36.385317, 29.164691], [36.375723, 29.164014], [36.359379, 29.169793], [36.347185, 29.167479], [36.329225, 29.169476], [36.324002, 29.16497], [36.318241, 29.16724], [36.312834, 29.166382], [36.307899, 29.169408], [36.306564, 29.175487], [36.302644, 29.17966], [36.298056, 29.191747]]}}, {"type": "Feature", "properties": {"name": "", "network": "12164923111", "osm_way": 1314307552}, "geometry": {"type": "LineString", "coordinates": [[36.646936, 29.161642], [36.627701, 29.158561], [36.623758, 29.154959], [36.623425, 29.150304], [36.619194, 29.146639], [36.618884, 29.143962], [36.614363, 29.143081], [36.597877, 29.145447], [36.589931, 29.15478], [36.590193, 29.157992], [36.584962, 29.167866], [36.582134, 29.169409], [36.555334, 29.166124], [36.551541, 29.163948], [36.539004, 29.167585]]}}, {"type": "Feature", "properties": {"name": "", "network": "10088368740", "osm_way": 1314310216}, "geometry": {"type": "LineString", "coordinates": [[36.625843, 29.147844], [36.626109, 29.140347], [36.630239, 29.13547], [36.635456, 29.11952], [36.633804, 29.10614], [36.646125, 29.08763], [36.650326, 29.077013], [36.6494, 29.06472], [36.646498, 29.055232], [36.637378, 29.045515]]}}, {"type": "Feature", "properties": {"name": "", "network": "12165030923", "osm_way": 1314311811}, "geometry": {"type": "LineString", "coordinates": [[36.437166, 28.862436], [36.424577, 28.864861], [36.395205, 28.878833], [36.384914, 28.874943], [36.37768, 28.874347], [36.365036, 28.881289], [36.360315, 28.887927], [36.357818, 28.896602], [36.363873, 28.914171], [36.363323, 28.919974], [36.340672, 28.951714], [36.328139, 28.957128], [36.321841, 28.976762], [36.30739, 28.99624], [36.291565, 29.005269], [36.277714, 29.018154]]}}, {"type": "Feature", "properties": {"name": "Nahr ez Zahrani", "network": "1099007961", "osm_way": 1315207043}, "geometry": {"type": "LineString", "coordinates": [[35.419409, 33.449757], [35.401389, 33.457493]]}}, {"type": "Feature", "properties": {"name": "Hala-Yahfoufa River", "network": "331815211", "osm_way": 1318238047}, "geometry": {"type": "LineString", "coordinates": [[35.965671, 33.841226], [35.965532, 33.841206]]}}, {"type": "Feature", "properties": {"name": "Nahr ez Zahrani", "network": "1099007961", "osm_way": 1320448194}, "geometry": {"type": "LineString", "coordinates": [[35.510083, 33.408743], [35.502602, 33.411739], [35.498727, 33.418258]]}}, {"type": "Feature", "properties": {"name": "Nahr ez Zahrani", "network": "1099007961", "osm_way": 1320448195}, "geometry": {"type": "LineString", "coordinates": [[35.498727, 33.418258], [35.495009, 33.41762], [35.488701, 33.42118]]}}, {"type": "Feature", "properties": {"name": "Nahr ez Zahrani", "network": "1099007961", "osm_way": 1320458824}, "geometry": {"type": "LineString", "coordinates": [[35.455594, 33.443329], [35.448777, 33.442991], [35.445516, 33.44497], [35.438591, 33.443102], [35.437377, 33.445818], [35.434631, 33.444011]]}}, {"type": "Feature", "properties": {"name": "Nahr ez Zahrani", "network": "1099007961", "osm_way": 1320458826}, "geometry": {"type": "LineString", "coordinates": [[35.434631, 33.444011], [35.429331, 33.448582], [35.419409, 33.449757]]}}, {"type": "Feature", "properties": {"name": "", "network": "12231102677", "osm_way": 1321766264}, "geometry": {"type": "LineString", "coordinates": [[34.960685, 29.355261], [34.959816, 29.356704]]}}, {"type": "Feature", "properties": {"name": "", "network": "12231102677", "osm_way": 1321766265}, "geometry": {"type": "LineString", "coordinates": [[34.960792, 29.355118], [34.960685, 29.355261]]}}, {"type": "Feature", "properties": {"name": "", "network": "12231102677", "osm_way": 1321766315}, "geometry": {"type": "LineString", "coordinates": [[35.024478, 29.293027], [35.006424, 29.301394], [35.006016, 29.304819], [34.999075, 29.309751], [34.996122, 29.320632], [34.989122, 29.32432], [34.985361, 29.335878]]}}, {"type": "Feature", "properties": {"name": "", "network": "12231102677", "osm_way": 1321766338}, "geometry": {"type": "LineString", "coordinates": [[35.04143, 29.294872], [35.036307, 29.292036], [35.031749, 29.292219], [35.019762, 29.299488], [35.014076, 29.307492], [35.009351, 29.310837], [35.007215, 29.316776], [34.999714, 29.325408], [34.960792, 29.355118]]}}, {"type": "Feature", "properties": {"name": "\u0648\u0627\u062f\u064a \u0627\u0645 \u062c\u0631\u0641\u064a\u0646", "network": "10079468853", "osm_way": 1321770666}, "geometry": {"type": "LineString", "coordinates": [[34.944103, 29.240251], [34.94184, 29.24154]]}}, {"type": "Feature", "properties": {"name": "\u0648\u0627\u062f\u064a \u0627\u0645 \u062c\u0631\u0641\u064a\u0646", "network": "10079468853", "osm_way": 1321770667}, "geometry": {"type": "LineString", "coordinates": [[34.944465, 29.24001], [34.944103, 29.240251]]}}, {"type": "Feature", "properties": {"name": "\u0648\u0627\u062f\u064a \u0627\u0645 \u062c\u0631\u0641\u064a\u0646", "network": "10079468853", "osm_way": 1321770668}, "geometry": {"type": "LineString", "coordinates": [[34.95058, 29.235591], [34.944465, 29.24001]]}}, {"type": "Feature", "properties": {"name": "\u0648\u0627\u062f\u064a \u0627\u0645 \u062c\u0631\u0641\u064a\u0646", "network": "10079468853", "osm_way": 1321770669}, "geometry": {"type": "LineString", "coordinates": [[34.950807, 29.235395], [34.95058, 29.235591]]}}, {"type": "Feature", "properties": {"name": "", "network": "10079468853", "osm_way": 1321770681}, "geometry": {"type": "LineString", "coordinates": [[35.036108, 29.251056], [35.028907, 29.254615], [35.017889, 29.251239], [35.000898, 29.2392], [34.995089, 29.239001], [34.990636, 29.235291], [34.980494, 29.232017], [34.96185, 29.235246], [34.957543, 29.233267], [34.950986, 29.235242]]}}, {"type": "Feature", "properties": {"name": "", "network": "140777794", "osm_way": 1322052795}, "geometry": {"type": "LineString", "coordinates": [[35.261285, 29.272728], [35.230811, 29.280235], [35.21834, 29.288015], [35.202998, 29.291085], [35.19534, 29.290026], [35.187719, 29.285653], [35.180981, 29.285809], [35.171838, 29.279207], [35.153804, 29.274015], [35.147924, 29.269295], [35.134276, 29.271114]]}}, {"type": "Feature", "properties": {"name": "\u0648\u0627\u062f\u064a \u0627\u0644\u0639\u0645\u0642", "network": "140777794", "osm_way": 1322055198}, "geometry": {"type": "LineString", "coordinates": [[35.385311, 29.258084], [35.385267, 29.25828]]}}, {"type": "Feature", "properties": {"name": "\u0648\u0627\u062f\u064a \u0627\u0644\u0639\u0645\u0642", "network": "140777794", "osm_way": 1322055199}, "geometry": {"type": "LineString", "coordinates": [[35.404387, 29.235241], [35.402441, 29.244165], [35.387033, 29.254935], [35.385311, 29.258084]]}}, {"type": "Feature", "properties": {"name": "\u0648\u0627\u062f\u064a \u0627\u0644\u063a\u0636\u064a\u0627", "network": "140777794", "osm_way": 1322055200}, "geometry": {"type": "LineString", "coordinates": [[35.293891, 29.30407], [35.29373, 29.303618]]}}, {"type": "Feature", "properties": {"name": "\u0648\u0627\u062f\u064a \u0627\u0644\u063a\u0636\u064a\u0627", "network": "140777794", "osm_way": 1322055201}, "geometry": {"type": "LineString", "coordinates": [[35.29109, 29.326994], [35.295451, 29.317617], [35.295591, 29.306144], [35.293891, 29.30407]]}}, {"type": "Feature", "properties": {"name": "", "network": "140777794", "osm_way": 1322057297}, "geometry": {"type": "LineString", "coordinates": [[35.356364, 29.239447], [35.354128, 29.241479], [35.355492, 29.243372], [35.351959, 29.245686], [35.343289, 29.241529], [35.320591, 29.235568], [35.30504, 29.225281]]}}, {"type": "Feature", "properties": {"name": "", "network": "140777794", "osm_way": 1322058044}, "geometry": {"type": "LineString", "coordinates": [[35.354381, 29.281549], [35.351606, 29.282851]]}}, {"type": "Feature", "properties": {"name": "", "network": "140777794", "osm_way": 1322058045}, "geometry": {"type": "LineString", "coordinates": [[35.354575, 29.281631], [35.354381, 29.281549]]}}, {"type": "Feature", "properties": {"name": "", "network": "140777794", "osm_way": 1322058083}, "geometry": {"type": "LineString", "coordinates": [[35.41801, 29.267653], [35.407351, 29.272462], [35.397383, 29.283193], [35.390005, 29.285805], [35.389252, 29.2878], [35.38404, 29.286949], [35.378944, 29.289849], [35.368764, 29.289874], [35.358928, 29.286583], [35.354575, 29.281631]]}}, {"type": "Feature", "properties": {"name": "", "network": "140777794", "osm_way": 1322058084}, "geometry": {"type": "LineString", "coordinates": [[35.43329, 29.295452], [35.413194, 29.298208], [35.403744, 29.295461], [35.377668, 29.299142], [35.365999, 29.288178]]}}, {"type": "Feature", "properties": {"name": "", "network": "2126935401", "osm_way": 1322070250}, "geometry": {"type": "LineString", "coordinates": [[35.492213, 29.208561], [35.494037, 29.212991], [35.49894, 29.2155], [35.51484, 29.216259], [35.51675, 29.22169], [35.511203, 29.229512], [35.51075, 29.23489], [35.513992, 29.243309], [35.51145, 29.249048], [35.514745, 29.252867]]}}, {"type": "Feature", "properties": {"name": "\u0634\u0639\u064a\u0628 \u0627\u0644\u0639\u0642\u064a\u0628", "network": "2126935401", "osm_way": 1322070267}, "geometry": {"type": "LineString", "coordinates": [[35.536727, 29.228871], [35.54428, 29.231118], [35.548582, 29.230248], [35.550041, 29.232944], [35.549376, 29.238805], [35.557375, 29.247262], [35.554685, 29.254251], [35.547953, 29.259486], [35.547051, 29.265245]]}}, {"type": "Feature", "properties": {"name": "", "network": "2126935401", "osm_way": 1322073540}, "geometry": {"type": "LineString", "coordinates": [[35.500088, 29.312148], [35.512469, 29.30296], [35.516935, 29.302259]]}}, {"type": "Feature", "properties": {"name": "", "network": "12234400345", "osm_way": 1322077399}, "geometry": {"type": "LineString", "coordinates": [[35.484488, 29.200952], [35.487359, 29.199419], [35.491479, 29.202224], [35.513575, 29.203155], [35.526158, 29.211844], [35.534635, 29.210389], [35.537767, 29.212904], [35.551313, 29.207575], [35.557431, 29.209657], [35.567534, 29.216798], [35.576522, 29.214304], [35.58595, 29.20861], [35.58921, 29.210051], [35.596006, 29.207259], [35.613904, 29.206483], [35.633957, 29.208278], [35.642513, 29.214879], [35.652917, 29.212376], [35.654558, 29.210444], [35.663382, 29.21413], [35.668919, 29.21214], [35.679243, 29.214609], [35.687667, 29.223228], [35.687816, 29.229627], [35.690629, 29.228537], [35.693366, 29.229967], [35.695964, 29.23877], [35.710336, 29.232086], [35.708129, 29.235821], [35.710165, 29.239246], [35.716919, 29.239321], [35.724979, 29.242948], [35.728915, 29.248697], [35.739185, 29.252157], [35.746553, 29.259033], [35.753473, 29.260493], [35.763097, 29.267387], [35.772285, 29.271196], [35.774507, 29.275938], [35.774485, 29.282014], [35.766757, 29.288153], [35.764753, 29.292685], [35.768402, 29.298876], [35.787335, 29.30043], [35.802678, 29.305782], [35.813987, 29.305113], [35.831287, 29.312661]]}}, {"type": "Feature", "properties": {"name": "\u0648\u0627\u062f\u064a \u0627\u0644\u0634\u0628\u064a\u0643\u064a", "network": "10079527390", "osm_way": 1322078722}, "geometry": {"type": "LineString", "coordinates": [[35.733048, 29.22036], [35.735425, 29.215978], [35.738886, 29.215147], [35.751282, 29.204868], [35.75865, 29.211762], [35.770832, 29.212116], [35.773051, 29.21708], [35.770644, 29.219904], [35.770767, 29.228108], [35.775988, 29.233335], [35.773982, 29.237543], [35.776278, 29.245552], [35.784566, 29.250828], [35.782206, 29.258161], [35.7935, 29.266355]]}}, {"type": "Feature", "properties": {"name": "\u0648\u0627\u062f\u064a \u0627\u0644\u0634\u0628\u064a\u0643\u064a", "network": "10079527390", "osm_way": 1322078723}, "geometry": {"type": "LineString", "coordinates": [[35.732845, 29.220263], [35.733048, 29.22036]]}}, {"type": "Feature", "properties": {"name": "", "network": "10086379204", "osm_way": 1322828352}, "geometry": {"type": "LineString", "coordinates": [[35.598514, 29.08287], [35.613894, 29.08448], [35.639358, 29.083157], [35.656059, 29.086108]]}}, {"type": "Feature", "properties": {"name": "", "network": "10079527390", "osm_way": 1322828353}, "geometry": {"type": "LineString", "coordinates": [[35.596862, 29.096196], [35.600781, 29.094224], [35.612462, 29.094608], [35.614075, 29.091936], [35.632346, 29.09377], [35.638193, 29.097689], [35.637454, 29.099755], [35.639748, 29.101282], [35.637395, 29.107718]]}}, {"type": "Feature", "properties": {"name": "", "network": "10079527390", "osm_way": 1322828357}, "geometry": {"type": "LineString", "coordinates": [[35.60375, 29.103019], [35.604988, 29.105624], [35.603678, 29.111432], [35.612726, 29.114442], [35.619864, 29.120851], [35.638189, 29.125321], [35.653102, 29.135077]]}}, {"type": "Feature", "properties": {"name": "", "network": "10079527390", "osm_way": 1322828362}, "geometry": {"type": "LineString", "coordinates": [[35.561264, 29.085617], [35.565927, 29.089263], [35.570422, 29.088495], [35.576243, 29.084313], [35.581082, 29.08432], [35.585778, 29.087051], [35.587545, 29.086004], [35.593021, 29.090552], [35.593048, 29.095432], [35.597514, 29.096512], [35.60481, 29.102904], [35.616858, 29.103283], [35.625493, 29.108591], [35.628918, 29.106384], [35.637061, 29.107453], [35.637449, 29.112355], [35.64184, 29.11326], [35.65364, 29.123905], [35.652158, 29.132609], [35.665443, 29.156008], [35.671737, 29.159317], [35.679261, 29.169006], [35.686993, 29.170804], [35.688945, 29.179964], [35.699941, 29.187282], [35.701905, 29.194205], [35.709542, 29.201942]]}}, {"type": "Feature", "properties": {"name": "", "network": "10086379204", "osm_way": 1322828364}, "geometry": {"type": "LineString", "coordinates": [[35.612397, 29.088643], [35.61691, 29.086077], [35.621781, 29.089415], [35.63304, 29.088803], [35.63836, 29.092544], [35.645702, 29.09231], [35.655115, 29.098925], [35.661257, 29.10042]]}}, {"type": "Feature", "properties": {"name": "", "network": "10086379204", "osm_way": 1322838510}, "geometry": {"type": "LineString", "coordinates": [[35.801651, 29.137569], [35.804554, 29.143615], [35.811871, 29.144957], [35.814686, 29.140087], [35.817703, 29.138898], [35.825701, 29.141656], [35.830455, 29.14572], [35.844385, 29.149188], [35.85008, 29.155084], [35.858793, 29.158782], [35.866494, 29.166246], [35.874255, 29.169855], [35.882458, 29.17839], [35.883944, 29.182906]]}}, {"type": "Feature", "properties": {"name": "", "network": "10089071724", "osm_way": 1323625540}, "geometry": {"type": "LineString", "coordinates": [[37.718928, 29.216707], [37.724663, 29.219926], [37.727244, 29.225136]]}}, {"type": "Feature", "properties": {"name": "", "network": "10089071724", "osm_way": 1323625541}, "geometry": {"type": "LineString", "coordinates": [[37.718667, 29.216649], [37.718928, 29.216707]]}}, {"type": "Feature", "properties": {"name": "", "network": "10089071724", "osm_way": 1323625545}, "geometry": {"type": "LineString", "coordinates": [[37.725904, 29.1226], [37.728266, 29.125628], [37.727319, 29.130548], [37.732442, 29.1451], [37.724127, 29.158062], [37.724647, 29.166589], [37.727267, 29.169804], [37.724789, 29.176038], [37.720416, 29.179675], [37.719743, 29.191252], [37.722298, 29.203978], [37.715683, 29.208331], [37.713536, 29.214571], [37.715242, 29.216735], [37.718667, 29.216649]]}}, {"type": "Feature", "properties": {"name": "", "network": "10088368740", "osm_way": 1323875580}, "geometry": {"type": "LineString", "coordinates": [[36.854389, 29.055834], [36.838673, 29.056911], [36.820331, 29.065342], [36.809068, 29.065251], [36.800821, 29.062183], [36.78508, 29.05124], [36.784248, 29.046599], [36.793256, 29.045741], [36.795509, 29.043024]]}}, {"type": "Feature", "properties": {"name": "", "network": "10088368740", "osm_way": 1323875581}, "geometry": {"type": "LineString", "coordinates": [[36.884966, 29.022253], [36.858334, 29.022383], [36.849872, 29.025841], [36.835396, 29.02372], [36.815427, 29.029557], [36.80555, 29.034671]]}}, {"type": "Feature", "properties": {"name": "", "network": "10088617068", "osm_way": 1323875583}, "geometry": {"type": "LineString", "coordinates": [[37.013755, 29.021909], [36.995101, 29.008476], [36.951943, 29.004656], [36.935614, 28.998588], [36.926812, 28.991569], [36.921952, 28.97289], [36.912543, 28.962369], [36.885703, 28.951786], [36.876828, 28.939542], [36.850401, 28.923769], [36.829686, 28.919383], [36.793562, 28.90052], [36.78875, 28.899794], [36.778713, 28.892017], [36.773884, 28.89094], [36.762648, 28.893033], [36.744973, 28.888965], [36.734462, 28.89006], [36.722128, 28.886382], [36.69437, 28.884699], [36.659776, 28.891121], [36.647927, 28.889716], [36.642061, 28.894849], [36.628341, 28.887433], [36.624856, 28.889334], [36.619682, 28.897374], [36.598532, 28.906597]]}}, {"type": "Feature", "properties": {"name": "", "network": "10088368740", "osm_way": 1323875584}, "geometry": {"type": "LineString", "coordinates": [[36.842587, 29.046586], [36.824499, 29.044808], [36.819499, 29.046797], [36.809149, 29.047077], [36.802171, 29.044065], [36.796509, 29.04443], [36.791006, 29.038773]]}}, {"type": "Feature", "properties": {"name": "Nahr ez Zahrani", "network": "1099007961", "osm_way": 1324189546}, "geometry": {"type": "LineString", "coordinates": [[35.469941, 33.437514], [35.467923, 33.439943], [35.465401, 33.43932], [35.455594, 33.443329]]}}, {"type": "Feature", "properties": {"name": "Nahr ez Zahrani", "network": "1099007961", "osm_way": 1324190970}, "geometry": {"type": "LineString", "coordinates": [[35.474724, 33.436422], [35.469941, 33.437514]]}}, {"type": "Feature", "properties": {"name": "", "network": "12254421045", "osm_way": 1324281566}, "geometry": {"type": "LineString", "coordinates": [[35.852551, 29.104114], [35.858024, 29.101923], [35.859936, 29.098416], [35.865116, 29.09685], [35.866539, 29.094434], [35.871215, 29.093144], [35.881057, 29.098097], [35.893808, 29.095501], [35.895638, 29.098706], [35.895854, 29.11157], [35.900277, 29.11364], [35.907196, 29.11227], [35.924697, 29.10044], [35.933946, 29.099188], [35.94165, 29.100915], [35.95046, 29.097975], [35.954111, 29.09486], [35.958563, 29.084059], [35.96492, 29.080361], [35.970247, 29.082806]]}}, {"type": "Feature", "properties": {"name": "", "network": "10086379204", "osm_way": 1324281683}, "geometry": {"type": "LineString", "coordinates": [[35.914242, 29.116529], [35.920521, 29.115859], [35.926683, 29.112363], [35.931378, 29.112138], [35.938613, 29.116143], [35.94409, 29.113147]]}}, {"type": "Feature", "properties": {"name": "", "network": "10086379204", "osm_way": 1324286216}, "geometry": {"type": "LineString", "coordinates": [[35.82294, 29.102461], [35.820837, 29.100208], [35.824536, 29.094178], [35.830344, 29.090298], [35.832409, 29.083065], [35.841222, 29.074139]]}}, {"type": "Feature", "properties": {"name": "", "network": "10086379204", "osm_way": 1324286218}, "geometry": {"type": "LineString", "coordinates": [[35.809185, 29.102311], [35.81034, 29.106313], [35.808918, 29.111013], [35.819356, 29.119112]]}}, {"type": "Feature", "properties": {"name": "\u0648\u0627\u062f\u064a \u0627\u0644\u0639\u0646\u064a\u0642", "network": "10086379204", "osm_way": 1324286222}, "geometry": {"type": "LineString", "coordinates": [[35.755005, 29.082077], [35.770562, 29.081926], [35.812464, 29.074489], [35.815505, 29.076678], [35.842452, 29.074082]]}}, {"type": "Feature", "properties": {"name": "", "network": "10086379204", "osm_way": 1324286223}, "geometry": {"type": "LineString", "coordinates": [[35.809185, 29.102311], [35.824356, 29.083507], [35.829087, 29.080306], [35.834892, 29.079974]]}}, {"type": "Feature", "properties": {"name": "\u0634\u0639\u064a\u0628 \u0627\u0644\u0645\u0637\u064a\u0631\u064a\u062f", "network": "10086379204", "osm_way": 1324286224}, "geometry": {"type": "LineString", "coordinates": [[35.770562, 29.081926], [35.77954, 29.082173], [35.795167, 29.092512], [35.796417, 29.095818], [35.809185, 29.102311]]}}, {"type": "Feature", "properties": {"name": "", "network": "10086379204", "osm_way": 1324287824}, "geometry": {"type": "LineString", "coordinates": [[35.907741, 29.069459], [35.892763, 29.068172], [35.884311, 29.064645], [35.88148, 29.060523], [35.874637, 29.056194], [35.868412, 29.064632], [35.867483, 29.069993]]}}, {"type": "Feature", "properties": {"name": "", "network": "10086379204", "osm_way": 1326430287}, "geometry": {"type": "LineString", "coordinates": [[35.66853, 29.075704], [35.672113, 29.078233], [35.71066, 29.08107], [35.733125, 29.073649]]}}, {"type": "Feature", "properties": {"name": "", "network": "10086379204", "osm_way": 1326430307}, "geometry": {"type": "LineString", "coordinates": [[35.672157, 29.081755], [35.679201, 29.086693], [35.688175, 29.086695], [35.695249, 29.096832], [35.701527, 29.09832], [35.719587, 29.094309], [35.726196, 29.090732], [35.72671, 29.094636], [35.736417, 29.097297], [35.736638, 29.101527], [35.741912, 29.105738], [35.751278, 29.108832], [35.752059, 29.110606], [35.76695, 29.11359], [35.769341, 29.116512], [35.77685, 29.114551], [35.783705, 29.11573], [35.787916, 29.113415], [35.789766, 29.109564]]}}, {"type": "Feature", "properties": {"name": "", "network": "10086379204", "osm_way": 1326430308}, "geometry": {"type": "LineString", "coordinates": [[35.753546, 29.094651], [35.754851, 29.093751], [35.767193, 29.100146], [35.775013, 29.101727]]}}, {"type": "Feature", "properties": {"name": "", "network": "10086379204", "osm_way": 1326430765}, "geometry": {"type": "LineString", "coordinates": [[35.57049, 29.047744], [35.576297, 29.047284], [35.576844, 29.041171], [35.579511, 29.039772], [35.592958, 29.047302], [35.611819, 29.043385], [35.616116, 29.047385], [35.626534, 29.044381], [35.637864, 29.048879], [35.64306, 29.056226], [35.642116, 29.063982], [35.634799, 29.068923]]}}, {"type": "Feature", "properties": {"name": "", "network": "10086527508", "osm_way": 1326431305}, "geometry": {"type": "LineString", "coordinates": [[35.692992, 29.05916], [35.686007, 29.059868], [35.682884, 29.056523], [35.673749, 29.053134], [35.670006, 29.053517], [35.651977, 29.046544], [35.640181, 29.044962], [35.634653, 29.041198], [35.626332, 29.040898], [35.623964, 29.031688], [35.612218, 29.027622], [35.610535, 29.01883], [35.614472, 29.014667], [35.614089, 29.011515], [35.618951, 28.998936], [35.626351, 29.00155], [35.633044, 29.000118], [35.641955, 29.002639], [35.650785, 28.999578]]}}, {"type": "Feature", "properties": {"name": "", "network": "10086527508", "osm_way": 1326436512}, "geometry": {"type": "LineString", "coordinates": [[35.91568, 29.01809], [35.920578, 29.008996], [35.930159, 29.006601], [35.943521, 28.998182], [35.956863, 28.996766], [35.965559, 28.992539], [35.978867, 28.996633], [35.984431, 28.994581], [35.997612, 29.001257]]}}, {"type": "Feature", "properties": {"name": "", "network": "12272821742", "osm_way": 1326436545}, "geometry": {"type": "LineString", "coordinates": [[35.668488, 28.921273], [35.671569, 28.916113], [35.673475, 28.905889], [35.684635, 28.903115], [35.735211, 28.910018], [35.781542, 28.91976], [35.806, 28.943807], [35.817983, 28.944844], [35.829656, 28.949254], [35.84347, 28.960423], [35.84711, 28.964744], [35.852156, 28.979412], [35.867553, 28.987033], [35.875922, 29.004116], [35.883601, 29.013712], [35.905698, 29.014676], [35.912051, 29.011001], [35.917297, 29.011468], [35.919597, 29.008695], [35.917842, 29.005969], [35.918488, 29.001768], [35.925314, 28.99837]]}}, {"type": "Feature", "properties": {"name": "", "network": "12272821742", "osm_way": 1326436549}, "geometry": {"type": "LineString", "coordinates": [[35.89051, 28.992534], [35.911816, 29.001274], [35.924675, 28.998634], [35.939135, 28.991374], [35.949154, 28.988564]]}}, {"type": "Feature", "properties": {"name": "Litani River", "network": "331815211", "osm_way": 1327940703}, "geometry": {"type": "LineString", "coordinates": [[35.668254, 33.501581], [35.655909, 33.490091]]}}, {"type": "Feature", "properties": {"name": "Litani River", "network": "331815211", "osm_way": 1328618124}, "geometry": {"type": "LineString", "coordinates": [[36.052568, 33.931062], [36.048282, 33.92819], [36.048983, 33.925544]]}}, {"type": "Feature", "properties": {"name": "Litani River", "network": "331815211", "osm_way": 1328618125}, "geometry": {"type": "LineString", "coordinates": [[36.069165, 33.950283], [36.066133, 33.946033], [36.056663, 33.940111]]}}, {"type": "Feature", "properties": {"name": "Litani River", "network": "331815211", "osm_way": 1328620110}, "geometry": {"type": "LineString", "coordinates": [[36.074374, 33.952672], [36.069165, 33.950283]]}}, {"type": "Feature", "properties": {"name": "Litani River", "network": "331815211", "osm_way": 1328620111}, "geometry": {"type": "LineString", "coordinates": [[36.056663, 33.940111], [36.055022, 33.935835]]}}, {"type": "Feature", "properties": {"name": "Litani River", "network": "331815211", "osm_way": 1328621545}, "geometry": {"type": "LineString", "coordinates": [[36.055022, 33.935835], [36.052568, 33.931062]]}}, {"type": "Feature", "properties": {"name": "Nahr ez Zahrani", "network": "1099007961", "osm_way": 1329759441}, "geometry": {"type": "LineString", "coordinates": [[35.518093, 33.42505], [35.518762, 33.415388], [35.51658, 33.41126], [35.510083, 33.408743]]}}, {"type": "Feature", "properties": {"name": "Nahr ez Zahrani", "network": "1099007961", "osm_way": 1329762161}, "geometry": {"type": "LineString", "coordinates": [[35.488701, 33.42118], [35.488596, 33.425156]]}}, {"type": "Feature", "properties": {"name": "Hafir River", "network": "331815211", "osm_way": 1330499513}, "geometry": {"type": "LineString", "coordinates": [[35.810314, 33.798802], [35.813853, 33.797045], [35.821636, 33.798789]]}}, {"type": "Feature", "properties": {"name": "Hafir River", "network": "331815211", "osm_way": 1330499514}, "geometry": {"type": "LineString", "coordinates": [[35.821636, 33.798789], [35.821697, 33.798734]]}}, {"type": "Feature", "properties": {"name": "Litani River", "network": "331815211", "osm_way": 1330733612}, "geometry": {"type": "LineString", "coordinates": [[35.597015, 33.395729], [35.594947, 33.391434], [35.595483, 33.385971], [35.59297, 33.382247], [35.584124, 33.379546], [35.576737, 33.382622]]}}, {"type": "Feature", "properties": {"name": "", "network": "331815211", "osm_way": 1331108342}, "geometry": {"type": "LineString", "coordinates": [[35.596958, 33.407093], [35.597015, 33.395729]]}}, {"type": "Feature", "properties": {"name": "Litani River", "network": "331815211", "osm_way": 1331108344}, "geometry": {"type": "LineString", "coordinates": [[35.576737, 33.382622], [35.569918, 33.381971]]}}, {"type": "Feature", "properties": {"name": "Hafir River", "network": "331815211", "osm_way": 1331258640}, "geometry": {"type": "LineString", "coordinates": [[35.823546, 33.795699], [35.823518, 33.795145]]}}, {"type": "Feature", "properties": {"name": "Hafir River", "network": "331815211", "osm_way": 1331258641}, "geometry": {"type": "LineString", "coordinates": [[35.821697, 33.798734], [35.823546, 33.795699]]}}, {"type": "Feature", "properties": {"name": "Litani River", "network": "331815211", "osm_way": 1331676508}, "geometry": {"type": "LineString", "coordinates": [[35.797706, 33.655834], [35.791, 33.647984], [35.781248, 33.644613], [35.778777, 33.637219], [35.775178, 33.636496]]}}, {"type": "Feature", "properties": {"name": "Litani River", "network": "331815211", "osm_way": 1331677552}, "geometry": {"type": "LineString", "coordinates": [[35.775178, 33.636496], [35.765255, 33.632715]]}}, {"type": "Feature", "properties": {"name": "Litani River", "network": "331815211", "osm_way": 1332681699}, "geometry": {"type": "LineString", "coordinates": [[35.692787, 33.541998], [35.693845, 33.539805], [35.688902, 33.537174], [35.686115, 33.531021], [35.689873, 33.529239]]}}, {"type": "Feature", "properties": {"name": "Litani River", "network": "331815211", "osm_way": 1332681703}, "geometry": {"type": "LineString", "coordinates": [[35.692111, 33.545043], [35.692414, 33.542794]]}}, {"type": "Feature", "properties": {"name": "Hasbani River", "network": "31490214", "osm_way": 1333593462}, "geometry": {"type": "LineString", "coordinates": [[35.788552, 33.496422], [35.776254, 33.487907], [35.774106, 33.484988], [35.775596, 33.480388]]}}, {"type": "Feature", "properties": {"name": "Hasbani River", "network": "31490214", "osm_way": 1333593465}, "geometry": {"type": "LineString", "coordinates": [[35.775596, 33.480388], [35.775445, 33.477619], [35.766016, 33.47495], [35.755387, 33.464458], [35.750577, 33.462265], [35.747387, 33.463373], [35.744749, 33.460891]]}}, {"type": "Feature", "properties": {"name": "", "network": "5227050920", "osm_way": 1334646934}, "geometry": {"type": "LineString", "coordinates": [[35.255256, 29.033246], [35.259161, 29.028556], [35.261607, 29.015309], [35.272529, 29.006076]]}}, {"type": "Feature", "properties": {"name": "Litani River", "network": "331815211", "osm_way": 1338718458}, "geometry": {"type": "LineString", "coordinates": [[35.81154, 33.666733], [35.810046, 33.662338], [35.797706, 33.655834]]}}, {"type": "Feature", "properties": {"name": "", "network": "974851772", "osm_way": 1339054798}, "geometry": {"type": "LineString", "coordinates": [[35.132079, 30.661129], [35.133648, 30.660725]]}}, {"type": "Feature", "properties": {"name": "", "network": "974851772", "osm_way": 1339054799}, "geometry": {"type": "LineString", "coordinates": [[35.130279, 30.658894], [35.133431, 30.660644]]}}, {"type": "Feature", "properties": {"name": "", "network": "974851772", "osm_way": 1339054800}, "geometry": {"type": "LineString", "coordinates": [[35.133648, 30.660725], [35.135291, 30.661889]]}}, {"type": "Feature", "properties": {"name": "", "network": "5227050920", "osm_way": 1344981527}, "geometry": {"type": "LineString", "coordinates": [[35.534484, 29.056306], [35.541748, 29.043504], [35.540831, 29.039003], [35.534822, 29.034964], [35.517164, 29.03485], [35.504599, 29.037219], [35.498049, 29.035213]]}}, {"type": "Feature", "properties": {"name": "", "network": "5227050920", "osm_way": 1344981531}, "geometry": {"type": "LineString", "coordinates": [[35.51985, 28.988714], [35.503329, 29.001546], [35.495922, 29.000126], [35.490797, 29.004747], [35.487143, 29.003255]]}}, {"type": "Feature", "properties": {"name": "", "network": "5227050920", "osm_way": 1344981603}, "geometry": {"type": "LineString", "coordinates": [[35.518649, 28.947945], [35.5226, 28.958012], [35.521003, 28.967789], [35.515409, 28.971784], [35.498776, 28.977607], [35.492899, 28.982114], [35.490358, 28.986523], [35.49488, 28.990239], [35.494831, 29.000816]]}}, {"type": "Feature", "properties": {"name": "\u0648\u0627\u062f\u064a \u0627\u0644\u0645\u062d\u0627\u0634", "network": "5227050920", "osm_way": 1344981619}, "geometry": {"type": "LineString", "coordinates": [[35.52161, 29.077656], [35.516843, 29.075551], [35.511382, 29.064531], [35.49924, 29.05016], [35.498457, 29.045715], [35.500452, 29.039372], [35.495637, 29.027561], [35.490817, 29.022225], [35.489567, 29.009207], [35.481162, 29.005232], [35.479553, 29.002276]]}}, {"type": "Feature", "properties": {"name": "", "network": "279361488", "osm_way": 1346190655}, "geometry": {"type": "LineString", "coordinates": [[36.482705, 34.519407], [36.475665, 34.517515], [36.47292, 34.51957], [36.468699, 34.51949]]}}, {"type": "Feature", "properties": {"name": "", "network": "279361488", "osm_way": 1346190656}, "geometry": {"type": "LineString", "coordinates": [[36.482823, 34.519457], [36.482705, 34.519407]]}}, {"type": "Feature", "properties": {"name": "", "network": "279361488", "osm_way": 1346190657}, "geometry": {"type": "LineString", "coordinates": [[36.526542, 34.61433], [36.518512, 34.612513], [36.514381, 34.60491], [36.506699, 34.597757], [36.501935, 34.57659]]}}, {"type": "Feature", "properties": {"name": "", "network": "279361488", "osm_way": 1346190658}, "geometry": {"type": "LineString", "coordinates": [[36.501935, 34.57659], [36.501908, 34.576482]]}}, {"type": "Feature", "properties": {"name": "\u0648\u0627\u062f\u064a \u0627\u0644\u063a\u064a\u0646\u0629", "network": "9369479094", "osm_way": 1346680313}, "geometry": {"type": "LineString", "coordinates": [[37.739753, 30.013945], [37.722631, 30.012254], [37.703105, 30.016425], [37.64505, 30.01594], [37.628762, 30.020274], [37.619198, 30.020792], [37.592525, 30.016489], [37.584754, 30.018269]]}}, {"type": "Feature", "properties": {"name": "", "network": "279361488", "osm_way": 1347029255}, "geometry": {"type": "LineString", "coordinates": [[36.488568, 34.52825], [36.488259, 34.524999], [36.482823, 34.519457]]}}, {"type": "Feature", "properties": {"name": "", "network": "279361488", "osm_way": 1347029256}, "geometry": {"type": "LineString", "coordinates": [[36.488664, 34.528425], [36.488568, 34.52825]]}}, {"type": "Feature", "properties": {"name": "\u0648\u0627\u062f\u064a \u0627\u0645 \u062c\u0631\u0641\u064a\u0646", "network": "10079468853", "osm_way": 1347036475}, "geometry": {"type": "LineString", "coordinates": [[35.104896, 29.060982], [35.104243, 29.061225]]}}, {"type": "Feature", "properties": {"name": "\u0648\u0627\u062f\u064a \u0627\u0645 \u062c\u0631\u0641\u064a\u0646", "network": "10079468853", "osm_way": 1347036476}, "geometry": {"type": "LineString", "coordinates": [[35.106618, 29.059739], [35.104896, 29.060982]]}}, {"type": "Feature", "properties": {"name": "", "network": "5227050920", "osm_way": 1347262021}, "geometry": {"type": "LineString", "coordinates": [[35.503435, 29.098749], [35.497899, 29.096045], [35.4741, 29.102305], [35.467441, 29.099688]]}}, {"type": "Feature", "properties": {"name": "", "network": "5227050920", "osm_way": 1347262024}, "geometry": {"type": "LineString", "coordinates": [[35.46273, 29.040256], [35.450562, 29.027426], [35.445396, 29.025139], [35.447731, 29.02104], [35.445383, 29.014882], [35.44611, 29.00979], [35.443954, 29.007146]]}}, {"type": "Feature", "properties": {"name": "", "network": "5227050920", "osm_way": 1347262027}, "geometry": {"type": "LineString", "coordinates": [[35.500431, 29.136901], [35.495747, 29.122637], [35.477622, 29.101517]]}}, {"type": "Feature", "properties": {"name": "", "network": "5227050920", "osm_way": 1347262035}, "geometry": {"type": "LineString", "coordinates": [[35.417969, 29.05328], [35.421757, 29.051416], [35.421761, 29.048889], [35.426326, 29.047138], [35.42872, 29.038877], [35.426795, 29.034804], [35.433118, 29.030946], [35.431646, 29.025658], [35.435338, 29.0226], [35.438445, 29.013148], [35.437517, 29.006374]]}}, {"type": "Feature", "properties": {"name": "", "network": "5227050920", "osm_way": 1347262050}, "geometry": {"type": "LineString", "coordinates": [[35.476871, 29.130871], [35.46863, 29.126536], [35.465254, 29.120921], [35.464042, 29.111215], [35.461271, 29.105744], [35.462406, 29.101545], [35.460804, 29.093591]]}}, {"type": "Feature", "properties": {"name": "", "network": "5227050920", "osm_way": 1347262067}, "geometry": {"type": "LineString", "coordinates": [[35.50925, 29.08036], [35.504907, 29.069555], [35.49888, 29.061049], [35.483933, 29.048861], [35.477026, 29.045583], [35.477089, 29.042246], [35.474534, 29.039994], [35.47585, 29.035854], [35.472513, 29.03034], [35.461542, 29.028689], [35.458117, 29.025214], [35.458908, 29.009737], [35.453659, 29.006937], [35.446614, 29.008174], [35.44359, 29.006955]]}}, {"type": "Feature", "properties": {"name": "", "network": "5227050920", "osm_way": 1347262077}, "geometry": {"type": "LineString", "coordinates": [[35.443332, 28.991289], [35.434352, 28.997989], [35.4305, 29.005045]]}}, {"type": "Feature", "properties": {"name": "", "network": "5227050920", "osm_way": 1347263183}, "geometry": {"type": "LineString", "coordinates": [[35.371513, 29.052722], [35.39517, 29.032037]]}}, {"type": "Feature", "properties": {"name": "", "network": "5227050920", "osm_way": 1347263184}, "geometry": {"type": "LineString", "coordinates": [[35.350077, 29.075854], [35.369797, 29.065468], [35.372908, 29.061048], [35.380877, 29.056796], [35.384603, 29.051442], [35.393282, 29.048637]]}}, {"type": "Feature", "properties": {"name": "", "network": "5227050920", "osm_way": 1347263188}, "geometry": {"type": "LineString", "coordinates": [[35.375912, 29.107053], [35.381841, 29.106876], [35.387825, 29.102634], [35.393931, 29.103709], [35.397507, 29.101703], [35.397076, 29.090344], [35.39842, 29.088839], [35.395406, 29.078856]]}}, {"type": "Feature", "properties": {"name": "", "network": "5227050920", "osm_way": 1347263221}, "geometry": {"type": "LineString", "coordinates": [[35.406125, 29.094737], [35.40306, 29.087411], [35.403333, 29.077286], [35.39731, 29.075839], [35.39494, 29.072487]]}}, {"type": "Feature", "properties": {"name": "", "network": "5227050920", "osm_way": 1347263226}, "geometry": {"type": "LineString", "coordinates": [[35.452967, 29.112225], [35.445974, 29.114577], [35.430672, 29.11475], [35.413448, 29.110384], [35.406004, 29.10785], [35.398977, 29.102037], [35.398207, 29.097354]]}}, {"type": "Feature", "properties": {"name": "", "network": "140777794", "osm_way": 1347486102}, "geometry": {"type": "LineString", "coordinates": [[35.35572, 29.188786], [35.35145, 29.183893], [35.34442, 29.181038], [35.342002, 29.177465], [35.327291, 29.183055]]}}, {"type": "Feature", "properties": {"name": "", "network": "140777794", "osm_way": 1347486113}, "geometry": {"type": "LineString", "coordinates": [[35.439899, 29.144883], [35.434792, 29.138575], [35.42342, 29.138465], [35.410439, 29.13439], [35.399336, 29.137159], [35.397703, 29.136407], [35.39804, 29.132207], [35.393352, 29.130174], [35.381434, 29.13108]]}}, {"type": "Feature", "properties": {"name": "", "network": "140777794", "osm_way": 1347486137}, "geometry": {"type": "LineString", "coordinates": [[35.360227, 29.143145], [35.365377, 29.151018]]}}, {"type": "Feature", "properties": {"name": "", "network": "140777794", "osm_way": 1347486148}, "geometry": {"type": "LineString", "coordinates": [[35.376792, 29.123533], [35.372321, 29.129048], [35.36475, 29.132398], [35.359367, 29.139833], [35.360227, 29.143145], [35.367148, 29.148776]]}}, {"type": "Feature", "properties": {"name": "", "network": "140777794", "osm_way": 1347486151}, "geometry": {"type": "LineString", "coordinates": [[35.359726, 29.142188], [35.359894, 29.147576], [35.353845, 29.157089], [35.353851, 29.159956]]}}, {"type": "Feature", "properties": {"name": "", "network": "140777794", "osm_way": 1347486163}, "geometry": {"type": "LineString", "coordinates": [[35.342975, 29.197068], [35.342309, 29.191661], [35.346467, 29.187801], [35.345745, 29.185001], [35.341825, 29.185997], [35.331087, 29.181941]]}}, {"type": "Feature", "properties": {"name": "", "network": "140777794", "osm_way": 1347486166}, "geometry": {"type": "LineString", "coordinates": [[35.45037, 29.138789], [35.436161, 29.135006], [35.41952, 29.13452], [35.416229, 29.131491], [35.416188, 29.126666], [35.413912, 29.125557], [35.398743, 29.125249], [35.391009, 29.129666]]}}, {"type": "Feature", "properties": {"name": "", "network": "140777794", "osm_way": 1347496862}, "geometry": {"type": "LineString", "coordinates": [[35.402927, 29.172714], [35.393135, 29.179668], [35.391882, 29.185831], [35.39501, 29.19194], [35.387408, 29.201575]]}}, {"type": "Feature", "properties": {"name": "", "network": "140777794", "osm_way": 1347496865}, "geometry": {"type": "LineString", "coordinates": [[35.36145, 29.187927], [35.354649, 29.192268], [35.35424, 29.19872], [35.350169, 29.205731], [35.336403, 29.218088]]}}, {"type": "Feature", "properties": {"name": "", "network": "140777794", "osm_way": 1347509584}, "geometry": {"type": "LineString", "coordinates": [[35.306582, 29.135463], [35.315736, 29.130889], [35.319736, 29.131414], [35.308014, 29.149017]]}}, {"type": "Feature", "properties": {"name": "", "network": "140777794", "osm_way": 1347509595}, "geometry": {"type": "LineString", "coordinates": [[35.196462, 29.143381], [35.190928, 29.153507], [35.187258, 29.153697], [35.185598, 29.156003], [35.207517, 29.162937], [35.212555, 29.168991]]}}, {"type": "Feature", "properties": {"name": "", "network": "140777794", "osm_way": 1347509610}, "geometry": {"type": "LineString", "coordinates": [[35.265062, 29.141364], [35.247451, 29.139964], [35.237639, 29.143767], [35.233759, 29.15017], [35.233507, 29.163076]]}}, {"type": "Feature", "properties": {"name": "", "network": "140777794", "osm_way": 1347509615}, "geometry": {"type": "LineString", "coordinates": [[35.174403, 29.15941], [35.166121, 29.160628], [35.160966, 29.167824], [35.162644, 29.179829], [35.159758, 29.188772], [35.163374, 29.193184], [35.165369, 29.202785], [35.16917, 29.205278], [35.174986, 29.202386], [35.182211, 29.201612], [35.194818, 29.203094]]}}, {"type": "Feature", "properties": {"name": "", "network": "5227050920", "osm_way": 1347511265}, "geometry": {"type": "LineString", "coordinates": [[35.312183, 29.015403], [35.320695, 29.023128], [35.326807, 29.022736], [35.330863, 29.020144]]}}, {"type": "Feature", "properties": {"name": "", "network": "5227050920", "osm_way": 1347511267}, "geometry": {"type": "LineString", "coordinates": [[35.348382, 29.115937], [35.341113, 29.106162], [35.339312, 29.096176], [35.335765, 29.093578], [35.334882, 29.089696], [35.32886, 29.085909]]}}, {"type": "Feature", "properties": {"name": "", "network": "5227050920", "osm_way": 1347511268}, "geometry": {"type": "LineString", "coordinates": [[35.287657, 29.107268], [35.285601, 29.102467], [35.322497, 29.085918], [35.32895, 29.079787]]}}, {"type": "Feature", "properties": {"name": "", "network": "5227050920", "osm_way": 1347511285}, "geometry": {"type": "LineString", "coordinates": [[35.367522, 29.037809], [35.358639, 29.040728], [35.352496, 29.040007], [35.347309, 29.037871], [35.350419, 29.035681], [35.351429, 29.0259], [35.348231, 29.024676], [35.343638, 29.027464], [35.338094, 29.024885], [35.332047, 29.025825]]}}, {"type": "Feature", "properties": {"name": "", "network": "5227050920", "osm_way": 1347511290}, "geometry": {"type": "LineString", "coordinates": [[35.259247, 29.056177], [35.275512, 29.054423], [35.301446, 29.044893], [35.330863, 29.020144]]}}, {"type": "Feature", "properties": {"name": "", "network": "10079468853", "osm_way": 1347512789}, "geometry": {"type": "LineString", "coordinates": [[35.255449, 29.052808], [35.241524, 29.05247], [35.23008, 29.057513], [35.222687, 29.057635], [35.208772, 29.06173]]}}, {"type": "Feature", "properties": {"name": "", "network": "10079468853", "osm_way": 1347512793}, "geometry": {"type": "LineString", "coordinates": [[35.251608, 29.061327], [35.225178, 29.072094], [35.213931, 29.06746]]}}, {"type": "Feature", "properties": {"name": "", "network": "10079468853", "osm_way": 1347512802}, "geometry": {"type": "LineString", "coordinates": [[35.294824, 29.118984], [35.289544, 29.116038], [35.267272, 29.123521], [35.260684, 29.122449], [35.253587, 29.125496], [35.237786, 29.12749], [35.224773, 29.122205], [35.224676, 29.11629], [35.221903, 29.114139]]}}, {"type": "Feature", "properties": {"name": "", "network": "10079468853", "osm_way": 1347512809}, "geometry": {"type": "LineString", "coordinates": [[35.178266, 29.132266], [35.202866, 29.124025], [35.208929, 29.102182]]}}, {"type": "Feature", "properties": {"name": "", "network": "10079468853", "osm_way": 1347512811}, "geometry": {"type": "LineString", "coordinates": [[35.174081, 29.118469], [35.176367, 29.115273], [35.176085, 29.111356], [35.183052, 29.108665], [35.195673, 29.109627], [35.203621, 29.106361], [35.211169, 29.098448]]}}, {"type": "Feature", "properties": {"name": "", "network": "10079468853", "osm_way": 1347512824}, "geometry": {"type": "LineString", "coordinates": [[35.263756, 29.074379], [35.257849, 29.075298], [35.255148, 29.077818], [35.251924, 29.076604], [35.241603, 29.084419], [35.238137, 29.084339], [35.211513, 29.095475]]}}, {"type": "Feature", "properties": {"name": "", "network": "10079468853", "osm_way": 1347514500}, "geometry": {"type": "LineString", "coordinates": [[35.154576, 29.011931], [35.154567, 29.016664], [35.149748, 29.021029], [35.151765, 29.025021], [35.121194, 29.030425], [35.115627, 29.033311], [35.114872, 29.04787], [35.112218, 29.053797]]}}, {"type": "Feature", "properties": {"name": "", "network": "10079468853", "osm_way": 1347514512}, "geometry": {"type": "LineString", "coordinates": [[35.192535, 28.99086], [35.1895, 28.989053], [35.184688, 28.992159], [35.183467, 29.000613], [35.178388, 29.007343], [35.177525, 29.015035], [35.17349, 29.017272], [35.172728, 29.01971], [35.176231, 29.021779], [35.176098, 29.026694]]}}, {"type": "Feature", "properties": {"name": "", "network": "10079468853", "osm_way": 1347514517}, "geometry": {"type": "LineString", "coordinates": [[35.174747, 29.089737], [35.166244, 29.088369], [35.163224, 29.082555], [35.169061, 29.078884], [35.168803, 29.07521], [35.179338, 29.060941], [35.181834, 29.053212], [35.181212, 29.045297], [35.176688, 29.041193], [35.166801, 29.043031], [35.154163, 29.042461]]}}, {"type": "Feature", "properties": {"name": "", "network": "10079468853", "osm_way": 1347514519}, "geometry": {"type": "LineString", "coordinates": [[35.196204, 29.012854], [35.185089, 29.017274], [35.171404, 29.03069], [35.170291, 29.034971]]}}, {"type": "Feature", "properties": {"name": "", "network": "10079468853", "osm_way": 1347517314}, "geometry": {"type": "LineString", "coordinates": [[35.107862, 29.026738], [35.101627, 29.040497], [35.100546, 29.055007]]}}, {"type": "Feature", "properties": {"name": "", "network": "10079468853", "osm_way": 1347517315}, "geometry": {"type": "LineString", "coordinates": [[35.108102, 29.026429], [35.107862, 29.026738]]}}, {"type": "Feature", "properties": {"name": "", "network": "10079468853", "osm_way": 1347517316}, "geometry": {"type": "LineString", "coordinates": [[35.100511, 29.055359], [35.099194, 29.059374]]}}, {"type": "Feature", "properties": {"name": "", "network": "10079468853", "osm_way": 1347517317}, "geometry": {"type": "LineString", "coordinates": [[35.100546, 29.055007], [35.100511, 29.055359]]}}, {"type": "Feature", "properties": {"name": "", "network": "10079468853", "osm_way": 1347517325}, "geometry": {"type": "LineString", "coordinates": [[35.018277, 29.178276], [35.017858, 29.18018]]}}, {"type": "Feature", "properties": {"name": "", "network": "10079468853", "osm_way": 1347517326}, "geometry": {"type": "LineString", "coordinates": [[35.018073, 29.177976], [35.018277, 29.178276]]}}, {"type": "Feature", "properties": {"name": "", "network": "10079468853", "osm_way": 1347517329}, "geometry": {"type": "LineString", "coordinates": [[35.168395, 29.095831], [35.156163, 29.087014], [35.137836, 29.089798], [35.119751, 29.095745], [35.099935, 29.094702], [35.082543, 29.086196], [35.078019, 29.086859]]}}, {"type": "Feature", "properties": {"name": "", "network": "10079468853", "osm_way": 1347517330}, "geometry": {"type": "LineString", "coordinates": [[35.163782, 29.112246], [35.159794, 29.109605], [35.148997, 29.108513], [35.134804, 29.102868], [35.122912, 29.100903], [35.103769, 29.106289], [35.083643, 29.106528], [35.064475, 29.113623]]}}, {"type": "Feature", "properties": {"name": "", "network": "10079468853", "osm_way": 1347517333}, "geometry": {"type": "LineString", "coordinates": [[35.135865, 29.112697], [35.12128, 29.118611], [35.111577, 29.112814], [35.101015, 29.117775], [35.094302, 29.118469], [35.07952, 29.111084], [35.072565, 29.110272]]}}, {"type": "Feature", "properties": {"name": "", "network": "10079468853", "osm_way": 1347517339}, "geometry": {"type": "LineString", "coordinates": [[35.074711, 28.978693], [35.0772, 28.985981], [35.076077, 28.998944], [35.065791, 29.024977], [35.067323, 29.036807], [35.072212, 29.044589], [35.099194, 29.059374]]}}, {"type": "Feature", "properties": {"name": "", "network": "10079468853", "osm_way": 1347517340}, "geometry": {"type": "LineString", "coordinates": [[35.146809, 29.007103], [35.129884, 29.011333], [35.125072, 29.009979], [35.122411, 29.013412], [35.11281, 29.018339], [35.108102, 29.026429]]}}, {"type": "Feature", "properties": {"name": "", "network": "10079468853", "osm_way": 1347517346}, "geometry": {"type": "LineString", "coordinates": [[35.113785, 28.96142], [35.116296, 28.966457], [35.112243, 28.983072], [35.09519, 28.997188], [35.089774, 29.011073], [35.094383, 29.050549], [35.10243, 29.065827]]}}, {"type": "Feature", "properties": {"name": "", "network": "10079468853", "osm_way": 1347517355}, "geometry": {"type": "LineString", "coordinates": [[35.135908, 29.118469], [35.130245, 29.120019], [35.124544, 29.124288], [35.116518, 29.12524], [35.107421, 29.129075], [35.07926, 29.12261], [35.072133, 29.115784], [35.062855, 29.115876]]}}, {"type": "Feature", "properties": {"name": "", "network": "10079468853", "osm_way": 1347517360}, "geometry": {"type": "LineString", "coordinates": [[35.022247, 29.113061], [35.025073, 29.118604], [35.025479, 29.134317], [35.021331, 29.147809], [35.024778, 29.15817], [35.018073, 29.177976]]}}, {"type": "Feature", "properties": {"name": "", "network": "10079468853", "osm_way": 1347517369}, "geometry": {"type": "LineString", "coordinates": [[35.191698, 29.140077], [35.179402, 29.14573], [35.159899, 29.145702], [35.150591, 29.147586], [35.136814, 29.139961], [35.117059, 29.139394], [35.099382, 29.13158], [35.078814, 29.132586], [35.065827, 29.128629], [35.051448, 29.12751]]}}, {"type": "Feature", "properties": {"name": "", "network": "10086191404", "osm_way": 1347518073}, "geometry": {"type": "LineString", "coordinates": [[35.062544, 28.952], [35.063491, 28.957882], [35.056, 28.981807], [35.023227, 29.008085], [35.001458, 29.016247]]}}, {"type": "Feature", "properties": {"name": "", "network": "10086191404", "osm_way": 1347518075}, "geometry": {"type": "LineString", "coordinates": [[35.067844, 28.978007], [35.063505, 28.980064], [35.062202, 28.997383], [35.054641, 29.006316], [35.054121, 29.017216], [35.050694, 29.022634], [35.038855, 29.028569], [35.029627, 29.027525], [35.024909, 29.023215], [35.016962, 29.020132]]}}, {"type": "Feature", "properties": {"name": "", "network": "12464843469", "osm_way": 1347518717}, "geometry": {"type": "LineString", "coordinates": [[35.03186, 29.058495], [35.035409, 29.063545], [35.035851, 29.073858], [35.033415, 29.07838], [35.028899, 29.083932], [35.002558, 29.09987], [34.963743, 29.1093], [34.95802, 29.112363], [34.938185, 29.113776], [34.929735, 29.111791], [34.912745, 29.119833], [34.894386, 29.117273], [34.877466, 29.118053]]}}, {"type": "Feature", "properties": {"name": "", "network": "12464843469", "osm_way": 1347526934}, "geometry": {"type": "LineString", "coordinates": [[34.894386, 29.117273], [34.882783, 29.113294], [34.876155, 29.107174]]}}, {"type": "Feature", "properties": {"name": "", "network": "12464843469", "osm_way": 1347526974}, "geometry": {"type": "LineString", "coordinates": [[34.925323, 29.10598], [34.909508, 29.110533], [34.8999, 29.108614], [34.879467, 29.110165]]}}, {"type": "Feature", "properties": {"name": "", "network": "331815211", "osm_way": 1349074656}, "geometry": {"type": "LineString", "coordinates": [[35.58992, 33.42991], [35.591336, 33.422702]]}}, {"type": "Feature", "properties": {"name": "Litani River", "network": "331815211", "osm_way": 1349074661}, "geometry": {"type": "LineString", "coordinates": [[35.566421, 33.381517], [35.565021, 33.381209]]}}, {"type": "Feature", "properties": {"name": "", "network": "140777794", "osm_way": 1352095241}, "geometry": {"type": "LineString", "coordinates": [[35.42387, 29.261742], [35.418212, 29.267501]]}}, {"type": "Feature", "properties": {"name": "", "network": "140777794", "osm_way": 1352095242}, "geometry": {"type": "LineString", "coordinates": [[35.418212, 29.267501], [35.41801, 29.267653]]}}, {"type": "Feature", "properties": {"name": "", "network": "12509903491", "osm_way": 1353203945}, "geometry": {"type": "LineString", "coordinates": [[37.133452, 31.784177], [37.12969, 31.782374], [37.128971, 31.778169], [37.120067, 31.769076], [37.114977, 31.759865], [37.096373, 31.750833], [37.090001, 31.75174]]}}, {"type": "Feature", "properties": {"name": "", "network": "12509903491", "osm_way": 1353663949}, "geometry": {"type": "LineString", "coordinates": [[36.978011, 31.765423], [36.968334, 31.769692], [36.96533, 31.767284], [36.947259, 31.76743], [36.939556, 31.764248], [36.93389, 31.766629], [36.928382, 31.76524], [36.926923, 31.767361], [36.913468, 31.769361], [36.911403, 31.772834], [36.902528, 31.775894], [36.891024, 31.77656], [36.883412, 31.773666]]}}, {"type": "Feature", "properties": {"name": "", "network": "12509903491", "osm_way": 1353663950}, "geometry": {"type": "LineString", "coordinates": [[36.959075, 31.767712], [36.953235, 31.766962]]}}, {"type": "Feature", "properties": {"name": "", "network": "12509903491", "osm_way": 1353663951}, "geometry": {"type": "LineString", "coordinates": [[36.975651, 31.767256], [36.969311, 31.76949]]}}, {"type": "Feature", "properties": {"name": "", "network": "12509903491", "osm_way": 1353663952}, "geometry": {"type": "LineString", "coordinates": [[36.972025, 31.765441], [36.96313, 31.767429]]}}, {"type": "Feature", "properties": {"name": "", "network": "12509903491", "osm_way": 1353703915}, "geometry": {"type": "LineString", "coordinates": [[36.930605, 31.766304], [36.927269, 31.767195]]}}, {"type": "Feature", "properties": {"name": "", "network": "12509903491", "osm_way": 1356977219}, "geometry": {"type": "LineString", "coordinates": [[37.090001, 31.75174], [37.063716, 31.749277], [37.057085, 31.752315], [37.050841, 31.749988], [37.046055, 31.750599], [37.04141, 31.753784], [37.034715, 31.75184], [37.028631, 31.75496], [37.009845, 31.753482], [36.98832, 31.758482], [36.986518, 31.762167], [36.978011, 31.765423]]}}, {"type": "Feature", "properties": {"name": "", "network": "12509903491", "osm_way": 1356977220}, "geometry": {"type": "LineString", "coordinates": [[36.980413, 31.763472], [36.972025, 31.765441]]}}, {"type": "Feature", "properties": {"name": "", "network": "12509903491", "osm_way": 1356977221}, "geometry": {"type": "LineString", "coordinates": [[36.990241, 31.758801], [36.986625, 31.761483]]}}, {"type": "Feature", "properties": {"name": "", "network": "12509903491", "osm_way": 1356980136}, "geometry": {"type": "LineString", "coordinates": [[36.97889, 31.764402], [36.970349, 31.765862]]}}, {"type": "Feature", "properties": {"name": "", "network": "12509903491", "osm_way": 1357195593}, "geometry": {"type": "LineString", "coordinates": [[37.04554, 31.750837], [37.037611, 31.752342]]}}, {"type": "Feature", "properties": {"name": "", "network": "12509903491", "osm_way": 1357195596}, "geometry": {"type": "LineString", "coordinates": [[37.04083, 31.753784], [37.039194, 31.75538], [37.028631, 31.75496]]}}, {"type": "Feature", "properties": {"name": "", "network": "12509903491", "osm_way": 1357195597}, "geometry": {"type": "LineString", "coordinates": [[37.028052, 31.754878], [37.020735, 31.754568]]}}, {"type": "Feature", "properties": {"name": "", "network": "12509903491", "osm_way": 1357207974}, "geometry": {"type": "LineString", "coordinates": [[36.993395, 31.757369], [36.98832, 31.758482]]}}, {"type": "Feature", "properties": {"name": "", "network": "12509903491", "osm_way": 1357207975}, "geometry": {"type": "LineString", "coordinates": [[36.996163, 31.757141], [36.99229, 31.758263]]}}, {"type": "Feature", "properties": {"name": "", "network": "12509903491", "osm_way": 1357207977}, "geometry": {"type": "LineString", "coordinates": [[37.03037, 31.751916], [37.018997, 31.751047], [37.009845, 31.753482]]}}, {"type": "Feature", "properties": {"name": "", "network": "12509903491", "osm_way": 1357214609}, "geometry": {"type": "LineString", "coordinates": [[37.047966, 31.75049], [37.043437, 31.753008]]}}, {"type": "Feature", "properties": {"name": "", "network": "12509903491", "osm_way": 1357475215}, "geometry": {"type": "LineString", "coordinates": [[37.120067, 31.769076], [37.117013, 31.768202], [37.104291, 31.754309]]}}, {"type": "Feature", "properties": {"name": "", "network": "12509903491", "osm_way": 1357475217}, "geometry": {"type": "LineString", "coordinates": [[37.102982, 31.753844], [37.09677, 31.750979]]}}, {"type": "Feature", "properties": {"name": "\u0648\u0627\u062f\u064a \u062d\u0635\u064a\u062f\u0629 \u0623\u0645 \u0637\u0644\u062d\u0629", "network": "8674440339", "osm_way": 1359563993}, "geometry": {"type": "LineString", "coordinates": [[37.260658, 31.428933], [37.261176, 31.429482]]}}, {"type": "Feature", "properties": {"name": "\u0648\u0627\u062f\u064a \u062d\u0635\u064a\u062f\u0629 \u0623\u0645 \u0637\u0644\u062d\u0629", "network": "8674440339", "osm_way": 1359563994}, "geometry": {"type": "LineString", "coordinates": [[37.247922, 31.421943], [37.253909, 31.427693], [37.260658, 31.428933]]}}, {"type": "Feature", "properties": {"name": "Nahr El Safa", "network": "559220068", "osm_way": 1366690893}, "geometry": {"type": "LineString", "coordinates": [[35.602959, 33.714108], [35.603528, 33.716985], [35.593212, 33.723805]]}}, {"type": "Feature", "properties": {"name": "", "network": "1086759293", "osm_way": 1383966808}, "geometry": {"type": "LineString", "coordinates": [[36.111327, 32.92138], [36.116266, 32.918701], [36.116674, 32.911099], [36.12103, 32.908974], [36.121824, 32.904092], [36.125686, 32.899993], [36.122736, 32.897264], [36.123079, 32.89375], [36.132188, 32.893768], [36.131145, 32.889259], [36.128106, 32.888721], [36.130074, 32.887176]]}}, {"type": "Feature", "properties": {"name": "", "network": "1086759293", "osm_way": 1383966809}, "geometry": {"type": "LineString", "coordinates": [[36.111395, 32.921475], [36.111327, 32.92138]]}}, {"type": "Feature", "properties": {"name": "", "network": "1572964221", "osm_way": 1384093894}, "geometry": {"type": "LineString", "coordinates": [[36.170261, 33.111322], [36.175084, 33.104346], [36.172841, 33.099511], [36.164446, 33.091282], [36.169997, 33.086948], [36.168924, 33.08302], [36.170608, 33.078776], [36.177883, 33.075162], [36.179867, 33.067476], [36.182663, 33.065666]]}}, {"type": "Feature", "properties": {"name": "", "network": "1572964221", "osm_way": 1384093895}, "geometry": {"type": "LineString", "coordinates": [[36.182663, 33.065666], [36.182916, 33.065505]]}}, {"type": "Feature", "properties": {"name": "", "network": "1572964221", "osm_way": 1384093907}, "geometry": {"type": "LineString", "coordinates": [[36.182916, 33.065505], [36.185843, 33.062706], [36.185287, 33.060575]]}}, {"type": "Feature", "properties": {"name": "", "network": "1572964221", "osm_way": 1384093908}, "geometry": {"type": "LineString", "coordinates": [[36.185287, 33.060575], [36.185251, 33.060482]]}}, {"type": "Feature", "properties": {"name": "", "network": "1572964221", "osm_way": 1384093909}, "geometry": {"type": "LineString", "coordinates": [[36.185251, 33.060482], [36.182904, 33.056317], [36.187399, 33.053745], [36.187184, 33.051524], [36.19173, 33.050001], [36.190768, 33.046218], [36.193343, 33.041272], [36.197613, 33.042513], [36.20641, 33.03664], [36.207694, 33.030026], [36.210752, 33.027002]]}}, {"type": "Feature", "properties": {"name": "", "network": "1572964221", "osm_way": 1384093910}, "geometry": {"type": "LineString", "coordinates": [[36.210752, 33.027002], [36.21088, 33.027011]]}}, {"type": "Feature", "properties": {"name": "", "network": "1572964221", "osm_way": 1384650798}, "geometry": {"type": "LineString", "coordinates": [[36.215829, 32.989202], [36.215519, 32.986303], [36.223888, 32.982433], [36.226352, 32.978371], [36.217972, 32.970999], [36.217404, 32.96847], [36.211024, 32.969382]]}}, {"type": "Feature", "properties": {"name": "", "network": "1572964221", "osm_way": 1384650799}, "geometry": {"type": "LineString", "coordinates": [[36.215898, 32.989291], [36.215829, 32.989202]]}}, {"type": "Feature", "properties": {"name": "", "network": "1572964221", "osm_way": 1384650802}, "geometry": {"type": "LineString", "coordinates": [[36.21917, 32.993415], [36.215734, 32.991729], [36.215898, 32.989291]]}}, {"type": "Feature", "properties": {"name": "", "network": "1572964221", "osm_way": 1384650803}, "geometry": {"type": "LineString", "coordinates": [[36.219226, 32.993478], [36.21917, 32.993415]]}}, {"type": "Feature", "properties": {"name": "", "network": "1572964221", "osm_way": 1384650804}, "geometry": {"type": "LineString", "coordinates": [[36.220117, 32.994572], [36.219226, 32.993478]]}}, {"type": "Feature", "properties": {"name": "", "network": "1572964221", "osm_way": 1384650805}, "geometry": {"type": "LineString", "coordinates": [[36.220089, 32.994698], [36.220117, 32.994572]]}}, {"type": "Feature", "properties": {"name": "", "network": "1086759293", "osm_way": 1387286338}, "geometry": {"type": "LineString", "coordinates": [[36.076146, 32.968358], [36.079917, 32.967015], [36.080904, 32.964531], [36.080861, 32.962623], [36.078041, 32.961264]]}}, {"type": "Feature", "properties": {"name": "", "network": "1086759293", "osm_way": 1387286339}, "geometry": {"type": "LineString", "coordinates": [[36.078041, 32.961264], [36.077953, 32.961238]]}}, {"type": "Feature", "properties": {"name": "", "network": "1086759293", "osm_way": 1387286340}, "geometry": {"type": "LineString", "coordinates": [[36.075915, 32.970517], [36.076097, 32.968409]]}}, {"type": "Feature", "properties": {"name": "", "network": "1086759293", "osm_way": 1387286341}, "geometry": {"type": "LineString", "coordinates": [[36.076097, 32.968409], [36.076146, 32.968358]]}}, {"type": "Feature", "properties": {"name": "", "network": "1086759293", "osm_way": 1387286342}, "geometry": {"type": "LineString", "coordinates": [[36.077953, 32.961238], [36.076655, 32.95164], [36.078973, 32.949155], [36.082595, 32.948784]]}}, {"type": "Feature", "properties": {"name": "", "network": "1086759293", "osm_way": 1387286343}, "geometry": {"type": "LineString", "coordinates": [[36.082595, 32.948784], [36.082702, 32.948787]]}}, {"type": "Feature", "properties": {"name": "", "network": "1631330172", "osm_way": 1387301763}, "geometry": {"type": "LineString", "coordinates": [[36.78882, 34.383795], [36.7933, 34.380308]]}}, {"type": "Feature", "properties": {"name": "", "network": "1631330172", "osm_way": 1387301764}, "geometry": {"type": "LineString", "coordinates": [[36.788499, 34.38378], [36.78882, 34.383795]]}}, {"type": "Feature", "properties": {"name": "", "network": "1631330172", "osm_way": 1387301768}, "geometry": {"type": "LineString", "coordinates": [[36.784669, 34.400231], [36.788499, 34.38378]]}}, {"type": "Feature", "properties": {"name": "", "network": "1631330172", "osm_way": 1387301769}, "geometry": {"type": "LineString", "coordinates": [[36.784713, 34.400463], [36.784669, 34.400231]]}}, {"type": "Feature", "properties": {"name": "Nahal Shikma", "network": "1294163113", "osm_way": 1390997350}, "geometry": {"type": "LineString", "coordinates": [[34.512781, 31.603648], [34.511084, 31.607667]]}}, {"type": "Feature", "properties": {"name": "", "network": "1560850554", "osm_way": 1413987979}, "geometry": {"type": "LineString", "coordinates": [[36.13276, 33.396023], [36.132797, 33.396036]]}}, {"type": "Feature", "properties": {"name": "", "network": "559212731", "osm_way": 1417621787}, "geometry": {"type": "LineString", "coordinates": [[35.728269, 34.255585], [35.728837, 34.257518]]}}, {"type": "Feature", "properties": {"name": "River Jordan", "network": "31490214", "osm_way": 1421105372}, "geometry": {"type": "LineString", "coordinates": [[35.61242, 32.895], [35.611671, 32.891725], [35.614911, 32.892831], [35.615903, 32.891017], [35.61918, 32.891862], [35.619405, 32.890298], [35.612482, 32.884834], [35.578333, 32.710058]]}}, {"type": "Feature", "properties": {"name": "Nahal Yarkon", "network": "29942421", "osm_way": 1432225906}, "geometry": {"type": "LineString", "coordinates": [[34.826726, 32.106304], [34.826257, 32.10537]]}}, {"type": "Feature", "properties": {"name": "", "network": "5402474141", "osm_way": 1453134619}, "geometry": {"type": "LineString", "coordinates": [[37.626342, 34.134286], [37.624912, 34.137403], [37.614649, 34.144456], [37.604385, 34.148053], [37.601568, 34.151837]]}}, {"type": "Feature", "properties": {"name": "", "network": "13327664662", "osm_way": 1453274175}, "geometry": {"type": "LineString", "coordinates": [[37.507045, 34.530597], [37.508558, 34.524684], [37.506074, 34.522942], [37.507442, 34.519411]]}}, {"type": "Feature", "properties": {"name": "", "network": "13327664662", "osm_way": 1453274188}, "geometry": {"type": "LineString", "coordinates": [[37.480152, 34.553587], [37.477638, 34.54635], [37.479118, 34.54426], [37.489477, 34.534596], [37.500715, 34.533474], [37.502786, 34.525139], [37.508467, 34.517652], [37.516267, 34.515318], [37.51919, 34.507162], [37.5317, 34.505398], [37.533798, 34.502552], [37.539817, 34.502078], [37.549985, 34.493203]]}}, {"type": "Feature", "properties": {"name": "", "network": "13327664662", "osm_way": 1453275153}, "geometry": {"type": "LineString", "coordinates": [[37.469253, 34.568053], [37.469248, 34.567923]]}}, {"type": "Feature", "properties": {"name": "", "network": "13327664662", "osm_way": 1453275154}, "geometry": {"type": "LineString", "coordinates": [[37.469183, 34.568204], [37.469253, 34.568053]]}}, {"type": "Feature", "properties": {"name": "", "network": "13327664662", "osm_way": 1453275155}, "geometry": {"type": "LineString", "coordinates": [[37.469248, 34.567923], [37.478662, 34.559468], [37.481141, 34.552293]]}}, {"type": "Feature", "properties": {"name": "Ghzayyel River", "network": "331815211", "osm_way": 1457584860}, "geometry": {"type": "LineString", "coordinates": [[35.839899, 33.706181], [35.829128, 33.69867]]}}, {"type": "Feature", "properties": {"name": "Litani River", "network": "331815211", "osm_way": 1457584862}, "geometry": {"type": "LineString", "coordinates": [[35.825378, 33.701481], [35.820212, 33.699577], [35.820222, 33.694541], [35.817679, 33.692092], [35.818608, 33.690076]]}}, {"type": "Feature", "properties": {"name": "Ghzayyel River", "network": "331815211", "osm_way": 1457586355}, "geometry": {"type": "LineString", "coordinates": [[35.866264, 33.740658], [35.859314, 33.730402]]}}, {"type": "Feature", "properties": {"name": "Nahr El Barouk", "network": "559220103", "osm_way": 1458831289}, "geometry": {"type": "LineString", "coordinates": [[35.601703, 33.635603], [35.598684, 33.626931], [35.60032, 33.620643], [35.596005, 33.607876], [35.59282, 33.601709], [35.589583, 33.601798], [35.585531, 33.598587]]}}, {"type": "Feature", "properties": {"name": "Nahr El Barouk", "network": "559220103", "osm_way": 1458831290}, "geometry": {"type": "LineString", "coordinates": [[35.690728, 33.711667], [35.677214, 33.709412], [35.672861, 33.706235], [35.671659, 33.702986], [35.665172, 33.702148], [35.652357, 33.689405], [35.651032, 33.684232], [35.641891, 33.674349], [35.627187, 33.670955], [35.612937, 33.663895], [35.607623, 33.659003], [35.608124, 33.654679], [35.601163, 33.647359], [35.601703, 33.635603]]}}, {"type": "Feature", "properties": {"name": "", "network": "4537936164", "osm_way": 1484826392}, "geometry": {"type": "LineString", "coordinates": [[36.418872, 34.274776], [36.418566, 34.276137]]}}, {"type": "Feature", "properties": {"name": "", "network": "4572051784", "osm_way": 1484826931}, "geometry": {"type": "LineString", "coordinates": [[36.55133, 34.36676], [36.550635, 34.367805]]}}, {"type": "Feature", "properties": {"name": "", "network": "4572051784", "osm_way": 1484826932}, "geometry": {"type": "LineString", "coordinates": [[36.551851, 34.365593], [36.551815, 34.365671]]}}, {"type": "Feature", "properties": {"name": "", "network": "4572051784", "osm_way": 1484826933}, "geometry": {"type": "LineString", "coordinates": [[36.552578, 34.364929], [36.551851, 34.365593]]}}, {"type": "Feature", "properties": {"name": "", "network": "4572051784", "osm_way": 1484826934}, "geometry": {"type": "LineString", "coordinates": [[36.549707, 34.368815], [36.548559, 34.369563]]}}, {"type": "Feature", "properties": {"name": "", "network": "4572051784", "osm_way": 1484826935}, "geometry": {"type": "LineString", "coordinates": [[36.550635, 34.367805], [36.549707, 34.368815]]}}, {"type": "Feature", "properties": {"name": "Nahal Sorek", "network": "33959751", "osm_way": 1491032719}, "geometry": {"type": "LineString", "coordinates": [[34.9126, 31.780955], [34.912107, 31.787073], [34.908478, 31.787154], [34.901855, 31.792261], [34.900901, 31.796307], [34.892261, 31.796524], [34.88839, 31.802364], [34.885389, 31.803774], [34.883466, 31.808828], [34.879073, 31.808754], [34.876719, 31.811369], [34.872022, 31.809414], [34.867737, 31.811045], [34.867728, 31.808096], [34.854183, 31.807576], [34.853021, 31.809623], [34.849362, 31.808072], [34.841875, 31.810215], [34.839962, 31.808068], [34.833397, 31.810306]]}}, {"type": "Feature", "properties": {"name": "Nahal Sorek", "network": "33959751", "osm_way": 1491032720}, "geometry": {"type": "LineString", "coordinates": [[34.833397, 31.810306], [34.827121, 31.810269], [34.825334, 31.812408]]}}, {"type": "Feature", "properties": {"name": "", "network": "2111350013", "osm_way": 1501070546}, "geometry": {"type": "LineString", "coordinates": [[36.60651, 33.748536], [36.617647, 33.74511], [36.619342, 33.747269], [36.624068, 33.747138]]}}, {"type": "Feature", "properties": {"name": "", "network": "2111350013", "osm_way": 1501070547}, "geometry": {"type": "LineString", "coordinates": [[36.639981, 33.746613], [36.640099, 33.746578]]}}, {"type": "Feature", "properties": {"name": "", "network": "2111350013", "osm_way": 1501070548}, "geometry": {"type": "LineString", "coordinates": [[36.640099, 33.746578], [36.642073, 33.746541]]}}, {"type": "Feature", "properties": {"name": "", "network": "2111350013", "osm_way": 1501070549}, "geometry": {"type": "LineString", "coordinates": [[36.642073, 33.746541], [36.642213, 33.74655]]}}, {"type": "Feature", "properties": {"name": "", "network": "2111350013", "osm_way": 1501070550}, "geometry": {"type": "LineString", "coordinates": [[36.642213, 33.74655], [36.642952, 33.746616]]}}, {"type": "Feature", "properties": {"name": "", "network": "2111350013", "osm_way": 1501070551}, "geometry": {"type": "LineString", "coordinates": [[36.642952, 33.746616], [36.64308, 33.746639]]}}, {"type": "Feature", "properties": {"name": "", "network": "2111350013", "osm_way": 1501070874}, "geometry": {"type": "LineString", "coordinates": [[36.62428, 33.747128], [36.639981, 33.746613]]}}, {"type": "Feature", "properties": {"name": "", "network": "2111350013", "osm_way": 1501070875}, "geometry": {"type": "LineString", "coordinates": [[36.624068, 33.747138], [36.62428, 33.747128]]}}, {"type": "Feature", "properties": {"name": "Litani River", "network": "331815211", "osm_way": 1503773781}, "geometry": {"type": "LineString", "coordinates": [[35.341386, 33.317039], [35.343133, 33.326342], [35.336875, 33.326543]]}}, {"type": "Feature", "properties": {"name": "Sayniq River", "network": "1055604266", "osm_way": 1507396819}, "geometry": {"type": "LineString", "coordinates": [[35.497219, 33.538477], [35.493391, 33.538358], [35.481709, 33.529821], [35.478305, 33.524671], [35.46851, 33.522096], [35.455946, 33.524941], [35.449725, 33.522941], [35.443319, 33.524038], [35.438419, 33.521839], [35.427136, 33.5237], [35.421925, 33.522025], [35.415203, 33.527175], [35.40789, 33.525929], [35.403793, 33.528781]]}}, {"type": "Feature", "properties": {"name": "Nahr ez Zahrani", "network": "1099007961", "osm_way": 1507406982}, "geometry": {"type": "LineString", "coordinates": [[35.583643, 33.491003], [35.577711, 33.491275], [35.569035, 33.474635], [35.556439, 33.465717]]}}, {"type": "Feature", "properties": {"name": "Nahal Yarkon", "network": "29942421", "osm_way": 1511684992}, "geometry": {"type": "LineString", "coordinates": [[34.826738, 32.106174], [34.826726, 32.106304]]}}, {"type": "Feature", "properties": {"name": "Nahr El Safa", "network": "559220068", "osm_way": 1521819726}, "geometry": {"type": "LineString", "coordinates": [[35.611235, 33.710582], [35.602959, 33.714108]]}}, {"type": "Feature", "properties": {"name": "", "network": "559220103", "osm_way": 1523749009}, "geometry": {"type": "LineString", "coordinates": [[35.581853, 33.539682], [35.582953, 33.542448]]}}, {"type": "Feature", "properties": {"name": "", "network": "559220103", "osm_way": 1523749010}, "geometry": {"type": "LineString", "coordinates": [[35.583627, 33.543251], [35.583767, 33.543534]]}}, {"type": "Feature", "properties": {"name": "", "network": "559220103", "osm_way": 1523749011}, "geometry": {"type": "LineString", "coordinates": [[35.583274, 33.542718], [35.583627, 33.543251]]}}, {"type": "Feature", "properties": {"name": "", "network": "559220103", "osm_way": 1523749012}, "geometry": {"type": "LineString", "coordinates": [[35.582953, 33.542448], [35.583274, 33.542718]]}}, {"type": "Feature", "properties": {"name": "Nahr El Awali", "network": "559220103", "osm_way": 1523749017}, "geometry": {"type": "LineString", "coordinates": [[35.585531, 33.598587], [35.574757, 33.596552], [35.570301, 33.598765], [35.566111, 33.598171], [35.563797, 33.595308], [35.56132, 33.597525], [35.558388, 33.594299], [35.555123, 33.594917], [35.55449, 33.591684], [35.549827, 33.589691]]}}, {"type": "Feature", "properties": {"name": "Nahr ed Damour", "network": "559220068", "osm_way": 1524043348}, "geometry": {"type": "LineString", "coordinates": [[35.698006, 33.798281], [35.688749, 33.794958]]}}, {"type": "Feature", "properties": {"name": "Nahr ed Damour", "network": "559220068", "osm_way": 1524043366}, "geometry": {"type": "LineString", "coordinates": [[35.687997, 33.794426], [35.687141, 33.792964]]}}, {"type": "Feature", "properties": {"name": "Nahr ed Damour", "network": "559220068", "osm_way": 1524043367}, "geometry": {"type": "LineString", "coordinates": [[35.688097, 33.794481], [35.687997, 33.794426]]}}, {"type": "Feature", "properties": {"name": "Nahr ed Damour", "network": "559220068", "osm_way": 1524043368}, "geometry": {"type": "LineString", "coordinates": [[35.688651, 33.794894], [35.688097, 33.794481]]}}, {"type": "Feature", "properties": {"name": "Nahr ed Damour", "network": "559220068", "osm_way": 1524043369}, "geometry": {"type": "LineString", "coordinates": [[35.688749, 33.794958], [35.688651, 33.794894]]}}, {"type": "Feature", "properties": {"name": "", "network": "879304940", "osm_way": 1524294137}, "geometry": {"type": "LineString", "coordinates": [[36.177089, 33.616208], [36.179555, 33.615931]]}}, {"type": "Feature", "properties": {"name": "", "network": "879304940", "osm_way": 1524294138}, "geometry": {"type": "LineString", "coordinates": [[36.177065, 33.616119], [36.177089, 33.616208]]}}, {"type": "Feature", "properties": {"name": "", "network": "879304940", "osm_way": 1524294181}, "geometry": {"type": "LineString", "coordinates": [[36.179689, 33.615944], [36.180758, 33.614987]]}}, {"type": "Feature", "properties": {"name": "", "network": "879304940", "osm_way": 1524294182}, "geometry": {"type": "LineString", "coordinates": [[36.180758, 33.614987], [36.180839, 33.614963]]}}, {"type": "Feature", "properties": {"name": "Hasbani River", "network": "31490214", "osm_way": 1524722373}, "geometry": {"type": "LineString", "coordinates": [[35.82541, 33.558122], [35.826057, 33.556528]]}}, {"type": "Feature", "properties": {"name": "Hasbani River", "network": "31490214", "osm_way": 1524722376}, "geometry": {"type": "LineString", "coordinates": [[35.818647, 33.539053], [35.817376, 33.537252]]}}, {"type": "Feature", "properties": {"name": "", "network": "1560850554", "osm_way": 1526052762}, "geometry": {"type": "LineString", "coordinates": [[36.120209, 33.376891], [36.121328, 33.378198]]}}, {"type": "Feature", "properties": {"name": "", "network": "1560850554", "osm_way": 1526052763}, "geometry": {"type": "LineString", "coordinates": [[36.120172, 33.376868], [36.120209, 33.376891]]}}, {"type": "Feature", "properties": {"name": "", "network": "1560850554", "osm_way": 1527637150}, "geometry": {"type": "LineString", "coordinates": [[36.158841, 33.433784], [36.159037, 33.43393]]}}, {"type": "Feature", "properties": {"name": "", "network": "1560850554", "osm_way": 1527637151}, "geometry": {"type": "LineString", "coordinates": [[36.158726, 33.433697], [36.158841, 33.433784]]}}, {"type": "Feature", "properties": {"name": "", "network": "1560850554", "osm_way": 1527637188}, "geometry": {"type": "LineString", "coordinates": [[36.157496, 33.431732], [36.158726, 33.433697]]}}, {"type": "Feature", "properties": {"name": "", "network": "1560850554", "osm_way": 1527637189}, "geometry": {"type": "LineString", "coordinates": [[36.15741, 33.431679], [36.157496, 33.431732]]}}, {"type": "Feature", "properties": {"name": "", "network": "879304940", "osm_way": 1529302960}, "geometry": {"type": "LineString", "coordinates": [[36.191637, 33.608562], [36.191633, 33.607294]]}}, {"type": "Feature", "properties": {"name": "", "network": "879304940", "osm_way": 1529302961}, "geometry": {"type": "LineString", "coordinates": [[36.191638, 33.608704], [36.191637, 33.608562]]}}, {"type": "Feature", "properties": {"name": "", "network": "1560850554", "osm_way": 1531666626}, "geometry": {"type": "LineString", "coordinates": [[36.12445, 33.385162], [36.123907, 33.386848]]}}, {"type": "Feature", "properties": {"name": "", "network": "1560850554", "osm_way": 1531666627}, "geometry": {"type": "LineString", "coordinates": [[36.123907, 33.386848], [36.123945, 33.386922]]}}, {"type": "Feature", "properties": {"name": "", "network": "1560850554", "osm_way": 1531666631}, "geometry": {"type": "LineString", "coordinates": [[36.124501, 33.385044], [36.12445, 33.385162]]}}, {"type": "Feature", "properties": {"name": "", "network": "1560850554", "osm_way": 1531666638}, "geometry": {"type": "LineString", "coordinates": [[36.123945, 33.386922], [36.124352, 33.38716]]}}, {"type": "Feature", "properties": {"name": "", "network": "1560850554", "osm_way": 1531666639}, "geometry": {"type": "LineString", "coordinates": [[36.124352, 33.38716], [36.124416, 33.387208]]}}, {"type": "Feature", "properties": {"name": "", "network": "1560850554", "osm_way": 1531666643}, "geometry": {"type": "LineString", "coordinates": [[36.124416, 33.387208], [36.126005, 33.392676]]}}, {"type": "Feature", "properties": {"name": "", "network": "1560850554", "osm_way": 1531666644}, "geometry": {"type": "LineString", "coordinates": [[36.126005, 33.392676], [36.126165, 33.392744]]}}, {"type": "Feature", "properties": {"name": "Litani River", "network": "331815211", "osm_way": 1532306544}, "geometry": {"type": "LineString", "coordinates": [[35.692414, 33.542794], [35.692787, 33.541998]]}}, {"type": "Feature", "properties": {"name": "Litani River", "network": "331815211", "osm_way": 1532306546}, "geometry": {"type": "LineString", "coordinates": [[35.830158, 33.72885], [35.825378, 33.701481]]}}, {"type": "Feature", "properties": {"name": "Berdawni River", "network": "331815211", "osm_way": 1532306548}, "geometry": {"type": "LineString", "coordinates": [[35.907106, 33.933784], [35.890173, 33.914359]]}}, {"type": "Feature", "properties": {"name": "Berdawni River", "network": "331815211", "osm_way": 1532306549}, "geometry": {"type": "LineString", "coordinates": [[35.877693, 33.902074], [35.872807, 33.89258]]}}, {"type": "Feature", "properties": {"name": "Hala-Yahfoufa River", "network": "331815211", "osm_way": 1532306553}, "geometry": {"type": "LineString", "coordinates": [[36.005775, 33.852057], [36.000266, 33.850029]]}}, {"type": "Feature", "properties": {"name": "Hala-Yahfoufa River", "network": "331815211", "osm_way": 1532306554}, "geometry": {"type": "LineString", "coordinates": [[36.027474, 33.856202], [36.026121, 33.855814]]}}, {"type": "Feature", "properties": {"name": "Hala-Yahfoufa River", "network": "331815211", "osm_way": 1532306558}, "geometry": {"type": "LineString", "coordinates": [[36.026121, 33.855814], [36.019631, 33.856018], [36.015282, 33.853835]]}}, {"type": "Feature", "properties": {"name": "Hala-Yahfoufa River", "network": "331815211", "osm_way": 1532306559}, "geometry": {"type": "LineString", "coordinates": [[36.015282, 33.853835], [36.015196, 33.853741]]}}, {"type": "Feature", "properties": {"name": "Hala-Yahfoufa River", "network": "331815211", "osm_way": 1532306560}, "geometry": {"type": "LineString", "coordinates": [[36.015196, 33.853741], [36.011419, 33.852466]]}}, {"type": "Feature", "properties": {"name": "Hala-Yahfoufa River", "network": "331815211", "osm_way": 1532306561}, "geometry": {"type": "LineString", "coordinates": [[36.011419, 33.852466], [36.01133, 33.852476]]}}, {"type": "Feature", "properties": {"name": "Hala-Yahfoufa River", "network": "331815211", "osm_way": 1532306563}, "geometry": {"type": "LineString", "coordinates": [[36.01133, 33.852476], [36.005932, 33.852127]]}}, {"type": "Feature", "properties": {"name": "Hala-Yahfoufa River", "network": "331815211", "osm_way": 1532306564}, "geometry": {"type": "LineString", "coordinates": [[36.005932, 33.852127], [36.005775, 33.852057]]}}, {"type": "Feature", "properties": {"name": "Hala-Yahfoufa River", "network": "331815211", "osm_way": 1532306565}, "geometry": {"type": "LineString", "coordinates": [[36.000266, 33.850029], [35.999116, 33.849196]]}}, {"type": "Feature", "properties": {"name": "", "network": "331815211", "osm_way": 1532306583}, "geometry": {"type": "LineString", "coordinates": [[35.912995, 33.805646], [35.911315, 33.801101], [35.909923, 33.801297]]}}, {"type": "Feature", "properties": {"name": "", "network": "331815211", "osm_way": 1532306584}, "geometry": {"type": "LineString", "coordinates": [[35.909923, 33.801297], [35.909895, 33.801099]]}}, {"type": "Feature", "properties": {"name": "Berdawni River", "network": "331815211", "osm_way": 1532306587}, "geometry": {"type": "LineString", "coordinates": [[35.871516, 33.892244], [35.871231, 33.88799], [35.875369, 33.879139]]}}, {"type": "Feature", "properties": {"name": "Berdawni River", "network": "331815211", "osm_way": 1532306588}, "geometry": {"type": "LineString", "coordinates": [[35.875369, 33.879139], [35.875358, 33.879025]]}}, {"type": "Feature", "properties": {"name": "Berdawni River", "network": "331815211", "osm_way": 1532306590}, "geometry": {"type": "LineString", "coordinates": [[35.872807, 33.89258], [35.871747, 33.892205]]}}, {"type": "Feature", "properties": {"name": "Berdawni River", "network": "331815211", "osm_way": 1532306591}, "geometry": {"type": "LineString", "coordinates": [[35.871747, 33.892205], [35.871516, 33.892244]]}}, {"type": "Feature", "properties": {"name": "Berdawni River", "network": "331815211", "osm_way": 1532306592}, "geometry": {"type": "LineString", "coordinates": [[35.879457, 33.905689], [35.877693, 33.902074]]}}, {"type": "Feature", "properties": {"name": "Berdawni River", "network": "331815211", "osm_way": 1532306593}, "geometry": {"type": "LineString", "coordinates": [[35.879684, 33.905917], [35.879457, 33.905689]]}}, {"type": "Feature", "properties": {"name": "Berdawni River", "network": "331815211", "osm_way": 1532306594}, "geometry": {"type": "LineString", "coordinates": [[35.880544, 33.906997], [35.879684, 33.905917]]}}, {"type": "Feature", "properties": {"name": "Berdawni River", "network": "331815211", "osm_way": 1532306595}, "geometry": {"type": "LineString", "coordinates": [[35.88059, 33.907061], [35.880544, 33.906997]]}}, {"type": "Feature", "properties": {"name": "Berdawni River", "network": "331815211", "osm_way": 1532306596}, "geometry": {"type": "LineString", "coordinates": [[35.883684, 33.909496], [35.88059, 33.907061]]}}, {"type": "Feature", "properties": {"name": "Berdawni River", "network": "331815211", "osm_way": 1532306597}, "geometry": {"type": "LineString", "coordinates": [[35.88374, 33.909566], [35.883684, 33.909496]]}}, {"type": "Feature", "properties": {"name": "Berdawni River", "network": "331815211", "osm_way": 1532306598}, "geometry": {"type": "LineString", "coordinates": [[35.889365, 33.913106], [35.88374, 33.909566]]}}, {"type": "Feature", "properties": {"name": "Berdawni River", "network": "331815211", "osm_way": 1532306599}, "geometry": {"type": "LineString", "coordinates": [[35.889479, 33.913246], [35.889365, 33.913106]]}}, {"type": "Feature", "properties": {"name": "Berdawni River", "network": "331815211", "osm_way": 1532306600}, "geometry": {"type": "LineString", "coordinates": [[35.890104, 33.914273], [35.889479, 33.913246]]}}, {"type": "Feature", "properties": {"name": "Berdawni River", "network": "331815211", "osm_way": 1532306601}, "geometry": {"type": "LineString", "coordinates": [[35.890173, 33.914359], [35.890104, 33.914273]]}}, {"type": "Feature", "properties": {"name": "", "network": "331815211", "osm_way": 1532398209}, "geometry": {"type": "LineString", "coordinates": [[35.818996, 33.690059], [35.818573, 33.689968]]}}, {"type": "Feature", "properties": {"name": "Litani River", "network": "331815211", "osm_way": 1532398210}, "geometry": {"type": "LineString", "coordinates": [[35.826512, 33.705713], [35.825181, 33.705523]]}}, {"type": "Feature", "properties": {"name": "Hafir River", "network": "331815211", "osm_way": 1532398211}, "geometry": {"type": "LineString", "coordinates": [[35.825181, 33.705523], [35.824805, 33.705005]]}}, {"type": "Feature", "properties": {"name": "Hafir River", "network": "331815211", "osm_way": 1532398223}, "geometry": {"type": "LineString", "coordinates": [[35.824997, 33.711723], [35.824805, 33.705005]]}}, {"type": "Feature", "properties": {"name": "Nahr Jaair", "network": "331815211", "osm_way": 1532398243}, "geometry": {"type": "LineString", "coordinates": [[35.835224, 33.822425], [35.840338, 33.817754]]}}, {"type": "Feature", "properties": {"name": "Nahr Jaair", "network": "331815211", "osm_way": 1532398244}, "geometry": {"type": "LineString", "coordinates": [[35.840338, 33.817754], [35.840424, 33.817467]]}}, {"type": "Feature", "properties": {"name": "Nahr Jaair", "network": "331815211", "osm_way": 1532398245}, "geometry": {"type": "LineString", "coordinates": [[35.840424, 33.817467], [35.84348, 33.810605]]}}, {"type": "Feature", "properties": {"name": "Nahr Jaair", "network": "331815211", "osm_way": 1532398246}, "geometry": {"type": "LineString", "coordinates": [[35.84348, 33.810605], [35.843479, 33.810416]]}}, {"type": "Feature", "properties": {"name": "Nahr Jaair", "network": "331815211", "osm_way": 1532398247}, "geometry": {"type": "LineString", "coordinates": [[35.843479, 33.810416], [35.843251, 33.80672], [35.848914, 33.800233]]}}, {"type": "Feature", "properties": {"name": "Nahr Jaair", "network": "331815211", "osm_way": 1532398248}, "geometry": {"type": "LineString", "coordinates": [[35.848914, 33.800233], [35.849215, 33.799913]]}}, {"type": "Feature", "properties": {"name": "Nahr Jaair", "network": "331815211", "osm_way": 1532398249}, "geometry": {"type": "LineString", "coordinates": [[35.849215, 33.799913], [35.85031, 33.797057]]}}, {"type": "Feature", "properties": {"name": "Nahr Jaair", "network": "331815211", "osm_way": 1532398250}, "geometry": {"type": "LineString", "coordinates": [[35.85031, 33.797057], [35.850325, 33.79687]]}}, {"type": "Feature", "properties": {"name": "Nahr Jaair", "network": "331815211", "osm_way": 1532398253}, "geometry": {"type": "LineString", "coordinates": [[35.850325, 33.79687], [35.85048, 33.785226]]}}, {"type": "Feature", "properties": {"name": "Nahr Jaair", "network": "331815211", "osm_way": 1532398254}, "geometry": {"type": "LineString", "coordinates": [[35.85048, 33.785226], [35.850501, 33.785064]]}}, {"type": "Feature", "properties": {"name": "", "network": "331815211", "osm_way": 1532398255}, "geometry": {"type": "LineString", "coordinates": [[35.901937, 33.786579], [35.901702, 33.786496]]}}, {"type": "Feature", "properties": {"name": "Ghzayyel River", "network": "331815211", "osm_way": 1532411331}, "geometry": {"type": "LineString", "coordinates": [[35.866264, 33.740658], [35.849216, 33.730775], [35.830158, 33.72885]]}}, {"type": "Feature", "properties": {"name": "Chtoura River", "network": "331815211", "osm_way": 1532411336}, "geometry": {"type": "LineString", "coordinates": [[35.847947, 33.854462], [35.851088, 33.850025]]}}, {"type": "Feature", "properties": {"name": "Chtoura River", "network": "331815211", "osm_way": 1532411337}, "geometry": {"type": "LineString", "coordinates": [[35.851088, 33.850025], [35.851136, 33.849869]]}}, {"type": "Feature", "properties": {"name": "Chtoura River", "network": "331815211", "osm_way": 1532411342}, "geometry": {"type": "LineString", "coordinates": [[35.862671, 33.809293], [35.862795, 33.808723]]}}, {"type": "Feature", "properties": {"name": "Chtoura River", "network": "331815211", "osm_way": 1532411343}, "geometry": {"type": "LineString", "coordinates": [[35.862795, 33.808723], [35.862983, 33.807684]]}}, {"type": "Feature", "properties": {"name": "Chtoura River", "network": "331815211", "osm_way": 1532411344}, "geometry": {"type": "LineString", "coordinates": [[35.862983, 33.807684], [35.864515, 33.805302]]}}, {"type": "Feature", "properties": {"name": "Chtoura River", "network": "331815211", "osm_way": 1532411345}, "geometry": {"type": "LineString", "coordinates": [[35.864515, 33.805302], [35.865607, 33.802911]]}}, {"type": "Feature", "properties": {"name": "Chtoura River", "network": "331815211", "osm_way": 1532411350}, "geometry": {"type": "LineString", "coordinates": [[35.874295, 33.780751], [35.88163, 33.774909], [35.88468, 33.775777]]}}, {"type": "Feature", "properties": {"name": "Chtoura River", "network": "331815211", "osm_way": 1532411351}, "geometry": {"type": "LineString", "coordinates": [[35.874161, 33.780848], [35.874295, 33.780751]]}}, {"type": "Feature", "properties": {"name": "Hafir River", "network": "331815211", "osm_way": 1532411352}, "geometry": {"type": "LineString", "coordinates": [[35.82511, 33.705787], [35.825181, 33.705523]]}}, {"type": "Feature", "properties": {"name": "Hafir River", "network": "331815211", "osm_way": 1532411353}, "geometry": {"type": "LineString", "coordinates": [[35.824805, 33.705005], [35.82655, 33.703958]]}}, {"type": "Feature", "properties": {"name": "", "network": "879304940", "osm_way": 1536147289}, "geometry": {"type": "LineString", "coordinates": [[36.194236, 33.580696], [36.192472, 33.579209], [36.195736, 33.572165]]}}, {"type": "Feature", "properties": {"name": "", "network": "879304940", "osm_way": 1536147290}, "geometry": {"type": "LineString", "coordinates": [[36.19434, 33.580817], [36.194236, 33.580696]]}}, {"type": "Feature", "properties": {"name": "Nahal Kishon", "network": "816417790", "osm_way": 1537147621}, "geometry": {"type": "LineString", "coordinates": [[35.072924, 32.754226], [35.072671, 32.754294]]}}, {"type": "Feature", "properties": {"name": "Nahal Kishon", "network": "816417790", "osm_way": 1537147626}, "geometry": {"type": "LineString", "coordinates": [[35.080788, 32.748857], [35.080755, 32.748924]]}}, {"type": "Feature", "properties": {"name": "Nahal Kishon", "network": "816417790", "osm_way": 1537147627}, "geometry": {"type": "LineString", "coordinates": [[35.080755, 32.748924], [35.080711, 32.749014]]}}, {"type": "Feature", "properties": {"name": "", "network": "31490214", "osm_way": 1541035964}, "geometry": {"type": "LineString", "coordinates": [[35.629374, 33.294809], [35.627711, 33.294022]]}}, {"type": "Feature", "properties": {"name": "Hasbani River", "network": "31490214", "osm_way": 1541035975}, "geometry": {"type": "LineString", "coordinates": [[35.919166, 33.624123], [35.909859, 33.618282], [35.902482, 33.617944], [35.897624, 33.615028]]}}, {"type": "Feature", "properties": {"name": "Hasbani River", "network": "31490214", "osm_way": 1541035976}, "geometry": {"type": "LineString", "coordinates": [[35.897624, 33.615028], [35.897574, 33.614917]]}}, {"type": "Feature", "properties": {"name": "Hasbani River", "network": "31490214", "osm_way": 1541035981}, "geometry": {"type": "LineString", "coordinates": [[35.897574, 33.614917], [35.884276, 33.605282]]}}, {"type": "Feature", "properties": {"name": "Hasbani River", "network": "31490214", "osm_way": 1541035982}, "geometry": {"type": "LineString", "coordinates": [[35.884276, 33.605282], [35.884181, 33.605206]]}}, {"type": "Feature", "properties": {"name": "Hasbani River", "network": "31490214", "osm_way": 1541035985}, "geometry": {"type": "LineString", "coordinates": [[35.884181, 33.605206], [35.876917, 33.59992]]}}, {"type": "Feature", "properties": {"name": "Hasbani River", "network": "31490214", "osm_way": 1541035986}, "geometry": {"type": "LineString", "coordinates": [[35.876917, 33.59992], [35.87679, 33.599892]]}}, {"type": "Feature", "properties": {"name": "Hasbani River", "network": "31490214", "osm_way": 1541035987}, "geometry": {"type": "LineString", "coordinates": [[35.835056, 33.580931], [35.833437, 33.578955]]}}, {"type": "Feature", "properties": {"name": "Hasbani River", "network": "31490214", "osm_way": 1541035988}, "geometry": {"type": "LineString", "coordinates": [[35.835114, 33.580985], [35.835056, 33.580931]]}}, {"type": "Feature", "properties": {"name": "Hasbani River", "network": "31490214", "osm_way": 1541035995}, "geometry": {"type": "LineString", "coordinates": [[35.839477, 33.585747], [35.835114, 33.580985]]}}, {"type": "Feature", "properties": {"name": "Hasbani River", "network": "31490214", "osm_way": 1541035996}, "geometry": {"type": "LineString", "coordinates": [[35.85593, 33.588375], [35.855816, 33.588326]]}}, {"type": "Feature", "properties": {"name": "Hasbani River", "network": "31490214", "osm_way": 1541035997}, "geometry": {"type": "LineString", "coordinates": [[35.855816, 33.588326], [35.852906, 33.587786]]}}, {"type": "Feature", "properties": {"name": "Hasbani River", "network": "31490214", "osm_way": 1541035998}, "geometry": {"type": "LineString", "coordinates": [[35.852906, 33.587786], [35.852794, 33.587801]]}}, {"type": "Feature", "properties": {"name": "Hasbani River", "network": "31490214", "osm_way": 1541035999}, "geometry": {"type": "LineString", "coordinates": [[35.852794, 33.587801], [35.848268, 33.587064]]}}, {"type": "Feature", "properties": {"name": "Hasbani River", "network": "31490214", "osm_way": 1541036000}, "geometry": {"type": "LineString", "coordinates": [[35.848268, 33.587064], [35.848145, 33.587002]]}}, {"type": "Feature", "properties": {"name": "Hasbani River", "network": "31490214", "osm_way": 1541036005}, "geometry": {"type": "LineString", "coordinates": [[35.817376, 33.537252], [35.817318, 33.537127]]}}, {"type": "Feature", "properties": {"name": "Hasbani River", "network": "31490214", "osm_way": 1541036006}, "geometry": {"type": "LineString", "coordinates": [[35.848145, 33.587002], [35.844727, 33.586844]]}}, {"type": "Feature", "properties": {"name": "Hasbani River", "network": "31490214", "osm_way": 1541036007}, "geometry": {"type": "LineString", "coordinates": [[35.844727, 33.586844], [35.844601, 33.586808]]}}, {"type": "Feature", "properties": {"name": "Hasbani River", "network": "31490214", "osm_way": 1541036008}, "geometry": {"type": "LineString", "coordinates": [[35.844601, 33.586808], [35.840289, 33.586126]]}}, {"type": "Feature", "properties": {"name": "Hasbani River", "network": "31490214", "osm_way": 1541036009}, "geometry": {"type": "LineString", "coordinates": [[35.839586, 33.585864], [35.839477, 33.585747]]}}, {"type": "Feature", "properties": {"name": "Hasbani River", "network": "31490214", "osm_way": 1541036010}, "geometry": {"type": "LineString", "coordinates": [[35.840106, 33.586108], [35.839586, 33.585864]]}}, {"type": "Feature", "properties": {"name": "Hasbani River", "network": "31490214", "osm_way": 1541036011}, "geometry": {"type": "LineString", "coordinates": [[35.840289, 33.586126], [35.840106, 33.586108]]}}, {"type": "Feature", "properties": {"name": "Hasbani River", "network": "31490214", "osm_way": 1541036012}, "geometry": {"type": "LineString", "coordinates": [[35.817318, 33.537127], [35.811539, 33.533654], [35.809138, 33.528503], [35.812634, 33.525199], [35.810989, 33.522107]]}}, {"type": "Feature", "properties": {"name": "Hasbani River", "network": "31490214", "osm_way": 1541036013}, "geometry": {"type": "LineString", "coordinates": [[35.810989, 33.522107], [35.811141, 33.521802]]}}, {"type": "Feature", "properties": {"name": "Hasbani River", "network": "31490214", "osm_way": 1541036016}, "geometry": {"type": "LineString", "coordinates": [[35.820128, 33.545101], [35.821723, 33.541948], [35.818918, 33.541719], [35.818647, 33.539053]]}}, {"type": "Feature", "properties": {"name": "Hasbani River", "network": "31490214", "osm_way": 1541036017}, "geometry": {"type": "LineString", "coordinates": [[35.820174, 33.545193], [35.820128, 33.545101]]}}, {"type": "Feature", "properties": {"name": "Hasbani River", "network": "31490214", "osm_way": 1541036018}, "geometry": {"type": "LineString", "coordinates": [[35.826057, 33.556528], [35.824563, 33.55346]]}}, {"type": "Feature", "properties": {"name": "Hasbani River", "network": "31490214", "osm_way": 1541036019}, "geometry": {"type": "LineString", "coordinates": [[35.823079, 33.550929], [35.823023, 33.550853]]}}, {"type": "Feature", "properties": {"name": "Hasbani River", "network": "31490214", "osm_way": 1541036020}, "geometry": {"type": "LineString", "coordinates": [[35.824429, 33.553324], [35.823079, 33.550929]]}}, {"type": "Feature", "properties": {"name": "Hasbani River", "network": "31490214", "osm_way": 1541036021}, "geometry": {"type": "LineString", "coordinates": [[35.824563, 33.55346], [35.824429, 33.553324]]}}, {"type": "Feature", "properties": {"name": "Hasbani River", "network": "31490214", "osm_way": 1541036022}, "geometry": {"type": "LineString", "coordinates": [[35.828444, 33.561252], [35.82541, 33.558122]]}}, {"type": "Feature", "properties": {"name": "Hasbani River", "network": "31490214", "osm_way": 1541036023}, "geometry": {"type": "LineString", "coordinates": [[35.828511, 33.561366], [35.828444, 33.561252]]}}, {"type": "Feature", "properties": {"name": "Hasbani River", "network": "31490214", "osm_way": 1541036024}, "geometry": {"type": "LineString", "coordinates": [[35.83004, 33.568437], [35.830846, 33.566215], [35.828511, 33.561366]]}}, {"type": "Feature", "properties": {"name": "Hasbani River", "network": "31490214", "osm_way": 1541036025}, "geometry": {"type": "LineString", "coordinates": [[35.830094, 33.568539], [35.83004, 33.568437]]}}, {"type": "Feature", "properties": {"name": "Valley of Gaza (Wadi Ghazza)", "network": "332110084", "osm_way": 1546284529}, "geometry": {"type": "LineString", "coordinates": [[34.415552, 31.440294], [34.416403, 31.442103], [34.412572, 31.448101]]}}, {"type": "Feature", "properties": {"corridor": true, "name": "Jordan corridor", "part": 0}, "geometry": {"type": "Polygon", "coordinates": [[[35.576739, 32.71968], [35.572909, 32.713882], [35.56542, 32.710762], [35.559298, 32.701746], [35.562096, 32.693216], [35.556768, 32.686794], [35.55665, 32.680927], [35.553589, 32.676419], [35.554981, 32.671828], [35.561531, 32.665184], [35.564316, 32.656001], [35.55818, 32.646334], [35.557254, 32.637221], [35.560873, 32.632588], [35.558489, 32.624807], [35.5694, 32.613516], [35.563212, 32.601241], [35.564578, 32.595346], [35.572625, 32.589325], [35.573781, 32.573], [35.567724, 32.567244], [35.569741, 32.556771], [35.558369, 32.545246], [35.555866, 32.531597], [35.557259, 32.527006], [35.552713, 32.522526], [35.549586, 32.514759], [35.55538, 32.507477], [35.555977, 32.500292], [35.568505, 32.495492], [35.572085, 32.488903], [35.562277, 32.481261], [35.562927, 32.476684], [35.558979, 32.465019], [35.564018, 32.457099], [35.563755, 32.44406], [35.554689, 32.436404], [35.548448, 32.421522], [35.554163, 32.410328], [35.543587, 32.401396], [35.547101, 32.391548], [35.554406, 32.385541], [35.557191, 32.376359], [35.556357, 32.371809], [35.550313, 32.366706], [35.553709, 32.35099], [35.550582, 32.343223], [35.55273, 32.33927], [35.550148, 32.32171], [35.558872, 32.312416], [35.552605, 32.296229], [35.558491, 32.29351], [35.563568, 32.287546], [35.563476, 32.282982], [35.555153, 32.275313], [35.554345, 32.272067], [35.560047, 32.260221], [35.558726, 32.231551], [35.563778, 32.224283], [35.565013, 32.211868], [35.559672, 32.204795], [35.56247, 32.196264], [35.557182, 32.191798], [35.556255, 32.182685], [35.550225, 32.178233], [35.549364, 32.17238], [35.544792, 32.166597], [35.546861, 32.158732], [35.551965, 32.154071], [35.551144, 32.150173], [35.540594, 32.142545], [35.545409, 32.123542], [35.538531, 32.113889], [35.529491, 32.107537], [35.539424, 32.084525], [35.531127, 32.078159], [35.525668, 32.065218], [35.525484, 32.056092], [35.516405, 32.047784], [35.516142, 32.034746], [35.521023, 32.019002], [35.519433, 32.013815], [35.523026, 32.007878], [35.522178, 32.002677], [35.531671, 31.994673], [35.530002, 31.985574], [35.540808, 31.969067], [35.538397, 31.959982], [35.538719, 31.939107], [35.53257, 31.928788], [35.524312, 31.924378], [35.524115, 31.914599], [35.521001, 31.907484], [35.522354, 31.900937], [35.527432, 31.894972], [35.530139, 31.881878], [35.54101, 31.868631], [35.533337, 31.856384], [35.543388, 31.839239], [35.542383, 31.826215], [35.536234, 31.815896], [35.539827, 31.809959], [35.539722, 31.804744], [35.54769, 31.794812], [35.544497, 31.783785], [35.550186, 31.771287], [35.547085, 31.764824], [35.559731, 31.765891], [35.563403, 31.763866], [35.551126, 31.781052], [35.55441, 31.796642], [35.546442, 31.806574], [35.546666, 31.817657], [35.55198, 31.823426], [35.551659, 31.844301], [35.545162, 31.853554], [35.545254, 31.858117], [35.551311, 31.863873], [35.552979, 31.872972], [35.539802, 31.882349], [35.536964, 31.888924], [35.537812, 31.894125], [35.528424, 31.907344], [35.53163, 31.919023], [35.53839, 31.922809], [35.53998, 31.927997], [35.549045, 31.935653], [35.545663, 31.95202], [35.551214, 31.969524], [35.539639, 31.984741], [35.54209, 31.995782], [35.531934, 32.007711], [35.532157, 32.018794], [35.527079, 32.024758], [35.523552, 32.033955], [35.523644, 32.038518], [35.532788, 32.050085], [35.534562, 32.064399], [35.54148, 32.076009], [35.549021, 32.081737], [35.53836, 32.105414], [35.551295, 32.120823], [35.554422, 32.128591], [35.553121, 32.137745], [35.559907, 32.142835], [35.563777, 32.150589], [35.560899, 32.155208], [35.559638, 32.166318], [35.563508, 32.174071], [35.562857, 32.178649], [35.573513, 32.191492], [35.570793, 32.203934], [35.576863, 32.210342], [35.5762, 32.214267], [35.571096, 32.218928], [35.575773, 32.229927], [35.569224, 32.236571], [35.57398, 32.251482], [35.568876, 32.256143], [35.568239, 32.261372], [35.563174, 32.267988], [35.570886, 32.282191], [35.56883, 32.290708], [35.562334, 32.29996], [35.566985, 32.309655], [35.56347, 32.319503], [35.558379, 32.324816], [35.558734, 32.342418], [35.562551, 32.347563], [35.559792, 32.35805], [35.565902, 32.366413], [35.566815, 32.374874], [35.565554, 32.385984], [35.559707, 32.390659], [35.559057, 32.395237], [35.563616, 32.400368], [35.564208, 32.429704], [35.568754, 32.434184], [35.571099, 32.44001], [35.570541, 32.44915], [35.57665, 32.457514], [35.570153, 32.466766], [35.570272, 32.472633], [35.573372, 32.479096], [35.583193, 32.48739], [35.57895, 32.497904], [35.567947, 32.504632], [35.565851, 32.511193], [35.565983, 32.517712], [35.570607, 32.526104], [35.567796, 32.533982], [35.57384, 32.539086], [35.573945, 32.544302], [35.580041, 32.552013], [35.577985, 32.56053], [35.580961, 32.597647], [35.575154, 32.604277], [35.575378, 32.61536], [35.568894, 32.625264], [35.570084, 32.647415], [35.573198, 32.65453], [35.567417, 32.662465], [35.567509, 32.667028], [35.562523, 32.677556], [35.573881, 32.68843], [35.574, 32.694297], [35.569651, 32.699596], [35.570472, 32.703493], [35.574249, 32.706683], [35.580214, 32.707876], [35.584084, 32.715629], [35.589332, 32.718139]]]}}, {"type": "Feature", "properties": {"corridor": true, "name": "Jordan corridor", "part": 1}, "geometry": {"type": "Polygon", "coordinates": [[[35.625746, 33.198097], [35.618973, 33.193659], [35.612784, 33.181384], [35.612666, 33.175517], [35.607338, 33.169095], [35.609394, 33.160579], [35.624773, 33.149856], [35.626881, 33.143947], [35.617972, 33.07042], [35.627655, 33.035022], [35.625231, 33.025285], [35.625579, 33.005713], [35.622386, 32.994687], [35.623463, 32.97445], [35.620999, 32.962757], [35.622884, 32.945765], [35.621176, 32.934711], [35.618115, 32.930203], [35.619218, 32.91127], [35.609332, 32.899716], [35.604083, 32.897206], [35.61372, 32.896373], [35.623225, 32.889021], [35.618239, 32.899549], [35.627292, 32.906553], [35.624027, 32.928788], [35.628599, 32.934572], [35.629093, 32.995865], [35.632233, 33.004284], [35.63113, 33.023218], [35.633436, 33.027087], [35.63362, 33.036214], [35.624016, 33.075524], [35.632807, 33.143183], [35.630035, 33.153018], [35.61394, 33.165058], [35.619321, 33.174088], [35.618683, 33.179317], [35.622566, 33.187722], [35.628662, 33.195434]]]}}]}